{"obs_size": 14264008, "obs_mean": [5402.113468268305, 561.9430995131243, 2.5322327357079444, 0.06500916445490793, 0.09997971620024337, 628.6189327501312, 0.5603427205032575, 5318.270438298052, 562.2816077360585, 2.4330154610120807, 0.06500182339529836, 0.09997663279079846, 629.8405319610055, 0.5609068435043137, 5436.277056519787, 562.6473535348549, 2.3108111689225077, 0.06499394015245392, 0.09998459684213677, 631.0066716442276, 0.5609176254668552, 5306.177831306303, 563.127721745529, 2.1659794357939224, 0.06498561961547727, 0.09995224540451725, 632.4576496141339, 0.5615670306690965, 5383.525495988028, 563.5105219374526, 1.9810386393501742, 0.06497630256279474, 0.09998901121332858, 634.0017045540523, 0.5610448663517434, 5325.827215030006, 563.9884509318839, 1.8016469844941196, 0.06436457242502436, 0.09997184530715479, 635.7993523826736, 0.5619609120381999, 5377.765291382127, 564.4532848691616, 1.593461178653293, 0.06435519810372552, 0.10001810443193847, 637.720300671313, 0.561580705507199, 5464.661425402475, 565.0417234062122, 1.3760299349243215, 0.06374334145263562, 0.09995756011893663, 640.2375780939431, 0.5631009640488273, 5326.090150429105, 565.590596415818, 1.1457431880296198, 0.06373282334348979, 0.10003307574427975, 659.3542946889305], "obs_std": [13969.150563140058, 558.7703684838475, 23.84838141892653, 2.785908582475539, 0.11881431010799713, 526.7365117660551, 0.8183538507658619, 12706.242942066145, 558.9374804046108, 23.22664025395381, 2.7859080743730122, 0.11691327901226616, 526.7813814127121, 0.8181625773231253, 14409.128771486543, 559.0383241254118, 22.384898675924394, 2.7859076885323084, 0.11725139725602893, 526.4906918419621, 0.8179895074161322, 12629.000203232441, 559.042415581669, 21.23768448186244, 2.7859072197014982, 0.11562864208650604, 526.6280172867607, 0.8157976932452954, 13606.083990118217, 559.02594568441, 19.762630143899298, 2.7859066598974573, 0.11614103519657182, 526.162472426332, 0.807308119244721, 12773.489566875915, 558.9615271660024, 18.08726717511103, 2.2748354395909676, 0.11500891104289672, 525.9576226129901, 0.8080790081200098, 13607.03332307251, 558.8813574622119, 16.11935462774821, 2.2748348926193405, 0.11442426311292198, 526.0270469872494, 0.7992829948228534, 14760.710391531842, 559.0244928433204, 13.700755126147055, 1.6088742904908875, 0.11347206563942115, 526.4071325436104, 0.8054320509698643, 12681.385028964254, 559.0230146632863, 10.452247747375942, 1.608873207646603, 0.1131284474678513, 534.4994193343081]}