{"obs_size": 14240282, "obs_mean": [5274.81354368772, 567.0749610155192, 2.141524514753289, 0.06381804557073514, 0.09843856379368038, 629.4820336146001, 0.5350489613197558, 5274.8692145342475, 567.405097244563, 2.05697267792871, 0.06381177824000388, 0.09850107356666184, 630.2754472605262, 0.53489659769381, 5279.124600674523, 567.7227549285893, 1.9657029263886765, 0.06380538069506761, 0.098468621196828, 631.2618359487649, 0.5354556444879676, 5278.1926104640115, 568.0496248599572, 1.8658553952793913, 0.06379818591458501, 0.09850503993228577, 632.4536857974169, 0.5357423863516458, 5280.400407374244, 568.3272836169957, 1.742404820353979, 0.06379067704193771, 0.09849413311225248, 633.6587960933122, 0.5359647024546563, 5281.844351685107, 568.6688255892684, 1.5871952535771412, 0.06378243171084093, 0.09848458730964803, 635.0561315038502, 0.5359186270328407, 5281.762352960002, 569.0442100093244, 1.4044793494960282, 0.06377354141562071, 0.09849629924049291, 636.431006722196, 0.535905739858278, 5284.205758682307, 569.4766652092984, 1.2158836461244236, 0.06346286023943341, 0.09849666113564243, 638.1806588908386, 0.5362832456548604, 5286.087291230069, 569.988819392762, 1.0073894604053488, 0.06285063331190441, 0.09854543164250594, 653.7963733854884], "obs_std": [10991.807424207867, 554.7533444610726, 21.457174528858676, 2.2767313281289137, 0.11354126820522208, 524.4660949992019, 0.7686185802135646, 10993.091007342371, 554.7809295406255, 20.873118752147125, 2.276730654134084, 0.11416710708068198, 524.2524327595826, 0.7672090455696886, 10998.99607087123, 554.7305440181755, 20.210362496592772, 2.2767301537805036, 0.11232918158425981, 524.1031970452957, 0.7655396551418682, 10994.123389551523, 554.7190640163325, 19.43899135643829, 2.2767296652531743, 0.11266349541391099, 524.1185267083437, 0.76609100531594, 11001.490133731186, 554.6150139826154, 18.427555922554756, 2.2767291223189017, 0.11156784924451175, 524.0988426658175, 0.7668081830361122, 10998.760364051428, 554.527570448982, 16.99560912306518, 2.276728408854883, 0.1103857575914582, 523.8918042299715, 0.7607251988621171, 11001.172200842697, 554.4872649133961, 15.118119686275229, 2.2767278574408323, 0.10978646126589049, 523.5386410801526, 0.7588283580825963, 10999.92024252756, 554.420031171446, 12.848598677072319, 1.9718350680184389, 0.11015604242478431, 523.3624460240261, 0.7536927716680748, 11002.166305267223, 554.3919463866031, 9.832674620137748, 1.1390467907054758, 0.10723650417276459, 527.3684318660945]}