{"obs_size": 14289583, "obs_mean": [5215.163567079249, 562.5526432786737, 2.822845985078781, 0.06879389640573166, 0.1005110428426776, 621.5619768242868, 0.5508997576766367, 5216.739954001214, 562.8895013241463, 2.6774544785526633, 0.0684843767130297, 0.10047919959896665, 622.954859119916, 0.551456007008761, 5222.229894088439, 563.2554111621032, 2.4957740894188443, 0.0684753120360547, 0.10054842796273368, 624.3350750765316, 0.5510931887935709, 5219.766408404123, 563.7218248426144, 2.315033965651762, 0.06786464567882108, 0.1005007843996572, 625.7628902306856, 0.5515996064405954, 5223.544590907322, 564.0960692134963, 2.10981713042291, 0.06785496329557741, 0.10057180620806136, 627.7426464135469, 0.551714280255783, 5225.74566371115, 564.5282646106608, 1.893106467837445, 0.06784419866381734, 0.10053947815132187, 629.8653106589177, 0.552766044747442, 5227.795975830539, 564.998741530806, 1.6621168021488102, 0.06753334224435505, 0.10059129482987675, 632.6292003467615, 0.555463347390915, 5234.290298991937, 565.4685674172576, 1.403969800938208, 0.06722129964409135, 0.10074309094842047, 637.3147864426813, 0.5651724896381021, 5232.326179566483, 564.6208786498528, 1.1649765427024705, 0.06510564922014225, 0.10125633521664032, 647.0859121645959], "obs_std": [11021.768493691654, 557.0452949279751, 25.751878262627077, 4.820588881113736, 0.12410312802712807, 525.4712203447108, 0.8252802116122583, 11022.310536772862, 556.9683543441006, 24.761069008800046, 4.6847830216699835, 0.1223381650651081, 525.280242063565, 0.8258765332705315, 11040.488901279836, 556.9482489524735, 23.582406313322174, 4.684782644686035, 0.12364771737060239, 525.2316652410874, 0.8176529424982983, 11023.732498486737, 556.9802833935786, 22.262608368780313, 4.400616068668526, 0.12297370783633405, 524.7119039256285, 0.8149508229350123, 11039.343328150466, 556.8494615710996, 20.66945107523596, 4.40061576477404, 0.12164953674569146, 524.8064869452113, 0.8144949647669392, 11035.550707704238, 556.7505040441753, 18.879167321065655, 4.40061524208915, 0.11967153106264156, 524.775269793318, 0.8152300236547269, 11036.333781125599, 556.579499608173, 16.74278263967888, 4.251415172500506, 0.11878269316199142, 525.0948565646488, 0.8220791332207328, 11048.785497461911, 556.574491373493, 14.105755307251277, 4.0967849336609214, 0.11848152657191492, 526.3196707544806, 0.8495237192952109, 11040.341081591449, 555.4507840775584, 10.731189410140548, 2.783427169769938, 0.12083312950821157, 530.0188725463572]}