{"obs_size": 14276570, "obs_mean": [5249.121496631644, 573.160285138517, 2.6131259819410406, 0.06460248791489172, 0.0983501321484785, 627.2442854229959, 0.5240213315943452, 5250.351078277083, 573.5295030949311, 2.4923354138984366, 0.06459475772101457, 0.09833326951361578, 628.54397464185, 0.5243139428448094, 5253.105275821222, 573.9393420128225, 2.338098576899073, 0.06458618589122635, 0.09833034610568255, 629.8635158081594, 0.5243775960192105, 5255.264575962793, 574.3609011828472, 2.1593014288446035, 0.06457727667325593, 0.09834374882790478, 631.4790583832554, 0.524377423148551, 5254.517836938199, 574.812754604222, 1.9680407829051376, 0.0645679442141989, 0.09832872647085439, 633.0904714288275, 0.524519393733921, 5259.981369908067, 575.3985101463446, 1.7628849226389811, 0.06455831614064901, 0.09832538078334013, 634.9656001314945, 0.5249130354139646, 5261.016138278819, 575.9645521298182, 1.5406573847920053, 0.06424767713681281, 0.09830016231875058, 637.0450605652895, 0.5251917247630147, 5266.334523505023, 576.4679522462327, 1.3043031344363527, 0.06393701410430527, 0.09828608962930249, 639.4862782689888, 0.5257471975411435, 5268.167718156436, 576.9763743672324, 1.046644607213077, 0.06392594778921706, 0.0983011042916474, 647.5486636732255], "obs_std": [10837.781764003545, 557.3519557022236, 24.853474249349322, 2.5421269739356553, 0.11681159109991382, 525.73335413868, 0.7562181604535779, 10838.355141392834, 557.2879585723496, 24.09019927544227, 2.542126430282536, 0.11524762372877867, 525.6194929705538, 0.7567414369173259, 10839.523314319766, 557.3098257532536, 23.005440722594187, 2.5421258869993526, 0.11515138192368442, 525.281022192582, 0.7572675617935167, 10842.209683759234, 557.3397286089291, 21.711623024208922, 2.5421253148710385, 0.11505197336443464, 525.1570075152708, 0.7494724741658016, 10838.359954459795, 557.2693515452964, 20.189649741322853, 2.5421247309292223, 0.11370907819189809, 524.8428020874215, 0.7499200518217493, 10846.336351417032, 557.3062158392306, 18.408913968219192, 2.542124104040616, 0.11206319858228057, 524.6527380340458, 0.7496043607504798, 10845.649447070204, 557.2899956218262, 16.316568011795425, 2.2738367531115693, 0.10946906872689592, 524.4001021064644, 0.7456890485159722, 10856.075942049296, 557.1639400755897, 13.826579720936067, 1.969332934701904, 0.10867629763339683, 524.4728099249147, 0.7466660648193643, 10852.381002964983, 557.0013824323626, 10.395689065902946, 1.969331887709063, 0.10730061603318393, 523.9968760468896]}