{"obs_size": 14264008, "obs_mean": [5189.788552148146, 563.0098276725589, 2.451585767478538, 0.06533442173329702, 0.09862978925663847, 625.8168218330519, 0.5299552972769179, 5194.598310362996, 563.3050811525063, 2.352698624397856, 0.06502552248863894, 0.09868121605449243, 626.9226607910363, 0.5304546547506416, 5192.734006867547, 563.6343610435439, 2.2279908283842804, 0.06501702583685644, 0.09865593919815616, 628.0492652181559, 0.5304361891833167, 5196.095425193478, 563.9951059337599, 2.072600421985181, 0.06470695472717962, 0.09861859379460537, 629.4887260972131, 0.5306850216292905, 5199.236597291801, 564.3478894571568, 1.8916115302234828, 0.06469700638531109, 0.09864037875574702, 631.0459757797307, 0.5305381748944897, 5196.785650909657, 564.8025254192229, 1.703779120146315, 0.06468696579636857, 0.09861634284276972, 632.936537208561, 0.5309607047332231, 5203.792873194007, 565.2396273894407, 1.4968986977573204, 0.06437565135115791, 0.09865788749669842, 634.8636594497109, 0.5311262268641754, 5203.946470106968, 565.7952440155668, 1.2712980110499097, 0.06376274263882402, 0.09863547019708598, 637.389801505432, 0.5320368881593671, 5208.869182965877, 566.2466437203343, 1.0337433910581093, 0.06375103838311964, 0.09869124063124592, 650.3426940835924], "obs_std": [10925.980474135806, 561.7122459288925, 23.879870256222816, 3.009065144217054, 0.11163889446835328, 535.1413393376748, 0.7556196969217337, 10936.704532633556, 561.780941827333, 23.25070300767246, 2.7859059964203152, 0.11127537838604927, 534.9968328243306, 0.7573622854383137, 10925.545939818863, 561.7753955595514, 22.403986631967637, 2.7859055397130015, 0.11058428755521753, 534.7405834410197, 0.7577006901291684, 10937.090785556877, 561.5861597092755, 21.228985109762792, 2.543239896844896, 0.108934108216455, 534.920862451104, 0.7548804434957784, 10933.139096190784, 561.4113736810309, 19.73528873375158, 2.5432392893589877, 0.10899590941766651, 534.6173660308833, 0.7500729392124208, 10937.80189677854, 561.3745256082983, 18.06787843346796, 2.5432388359000035, 0.10767266994209031, 534.8474005435778, 0.7506986213771569, 10940.558679093465, 561.1884076242263, 16.109755939852143, 2.2748324687307324, 0.10759062905460874, 534.9109913510079, 0.7460682124105238, 10945.748476913357, 561.2493786027666, 13.665857344090103, 1.6088707636698802, 0.10681274889113437, 535.3682382666188, 0.7462522985230806, 10948.9559265723, 561.0892957166428, 10.386580400706563, 1.608869658598787, 0.10588150328253611, 541.6512353011731]}