{"obs_size": 14276570, "obs_mean": [5257.715071607654, 559.456371943681, 2.658434413868317, 0.06992809845082486, 0.10281022274629041, 619.7663286205334, 0.567259194890659, 5256.683665756652, 559.8404023515452, 2.534812003163225, 0.06931722243894003, 0.10279052072955908, 620.9959980002158, 0.5671107502712567, 5259.204749168213, 560.2109870227933, 2.400034952373014, 0.06930734489601491, 0.10271341263216624, 622.2097030777447, 0.5681484091066827, 5259.062596820385, 560.5917551624796, 2.209526517924123, 0.06899622290018537, 0.10290893088837198, 623.6855070985974, 0.5669632209977715, 5257.4744751905255, 560.9714832764452, 2.0407998559878178, 0.06838388541120874, 0.10273695850144689, 625.1726895566676, 0.5683549978741445, 5262.964846838038, 561.479724541679, 1.8310077280467227, 0.06777046731659632, 0.1028896424579581, 627.0090743770596, 0.5681941866288791, 5262.307343645798, 561.9724849175957, 1.6193576608387028, 0.06715771201472784, 0.1028436845848831, 629.1511612851402, 0.569975464554875, 5267.866181586193, 562.3462772920946, 1.3971732706105178, 0.06654456831270376, 0.10291343692721809, 631.86879589005, 0.5741738752375588, 5264.90948002206, 562.6395154438356, 1.136498612762029, 0.0656286967137134, 0.10322905827926451, 649.6200275364428], "obs_std": [11098.810084122966, 555.4188701871465, 24.54060051360116, 5.083645000824647, 0.13703417324856457, 525.9989713014115, 0.8919777193064343, 11098.010426406307, 555.3886707846563, 23.78888126721373, 4.822792539977634, 0.1351368103932152, 525.9009474616934, 0.887294683107022, 11100.913548343715, 555.4462775372021, 22.731692082225493, 4.822792151727841, 0.13315876997845993, 525.6190458869021, 0.8920715751044316, 11099.110002396628, 555.4778158795147, 21.46333022751185, 4.686924721128494, 0.135451532173588, 525.4926792648905, 0.8784730415165655, 11092.024821527648, 555.3767792098968, 19.98282215917753, 4.402629187377549, 0.13234902958373254, 525.1790592279049, 0.8782733998704443, 11102.996606350427, 555.4095839818558, 18.235451785290035, 4.098660873889205, 0.13289533036190754, 525.1938401423408, 0.8808499854842718, 11094.93825719052, 555.3608347216999, 16.197737623192705, 3.7702655730981713, 0.1311902315784983, 525.1368989719342, 0.8836145918667113, 11107.902368526105, 555.1897423104035, 13.7800177722971, 3.410393354357298, 0.12969663389938046, 525.5420474470653, 0.8880078698974869, 11088.193428167711, 554.9510734928422, 10.451445683584241, 2.7847078720196548, 0.13115614551850535, 534.0620437488393]}