{"obs_size": 14264008, "obs_mean": [5193.441306682631, 560.9796039794707, 2.495848151515339, 0.06370297654005332, 0.10109431068518786, 623.498103991296, 0.5547755477282408, 5195.722322727776, 561.2663903441445, 2.395943482364845, 0.06369456877773297, 0.10121521919652628, 624.6874340980036, 0.5552084426761411, 5196.940727943042, 561.5917209945479, 2.2704460064800864, 0.0636857369618787, 0.10114496748669906, 625.8989343945487, 0.555136184794631, 5198.634484244482, 561.9768981481221, 2.1271686050652803, 0.06367636985489171, 0.10111320152021788, 627.3826765761216, 0.556069181046452, 5202.899805917641, 562.3589887218235, 1.9377198891083067, 0.06366616253349926, 0.10122276240738326, 628.9409700516122, 0.5554402898540227, 5200.336590657999, 562.7900385361534, 1.7600614077053238, 0.06365582969486086, 0.10114860821159223, 630.7694985648697, 0.5566983896812211, 5205.688313986667, 563.2571400689063, 1.550456084993783, 0.06364544393252805, 0.10124900314659113, 632.7151364757159, 0.5562763327810869, 5207.460002772818, 563.7977167427274, 1.3307275206239368, 0.06333379689671588, 0.10117149353793073, 635.1153570589212, 0.5578098957880598, 5210.877932589963, 564.2597390579141, 1.103172193958388, 0.06332244721204092, 0.10125120298789955, 650.073650543052], "obs_std": [10885.942172939842, 554.3844238875153, 23.643749347258055, 1.6088852768062505, 0.12147301440210825, 524.6201028736369, 0.8017795866918551, 10890.769010043867, 554.4551638973271, 23.021154017969753, 1.6088841679845685, 0.12148994113606068, 524.5935784650592, 0.8071296852018115, 10888.155554081144, 554.4525028314491, 22.187789187032536, 1.6088830921356305, 0.12047767374095833, 524.4290041536574, 0.8048556688689475, 10894.123560125625, 554.3194462095126, 21.033691610881124, 1.6088819545026187, 0.11911823201896822, 524.6238232421571, 0.800898200180169, 10898.320532011241, 554.2535412462869, 19.54870770754274, 1.608880695068168, 0.12060802554425064, 524.2062714203295, 0.7952798194545407, 10889.281001966794, 554.1525228787239, 17.888803518527563, 1.6088795911025935, 0.11854416892169546, 524.1007511766137, 0.7971319020356278, 10898.864987597946, 554.0624480773547, 15.934669313864616, 1.6088783710769243, 0.11843462116956645, 524.0453824909091, 0.7911420732019305, 10899.111551913218, 554.0912099343127, 13.537106237863718, 1.138107765115445, 0.11706799983008676, 524.0161169331186, 0.7953346214604098, 10901.123689595626, 553.9958788315307, 10.324076161472977, 1.1381057701815076, 0.11635652658528517, 526.7214377242481]}