{"obs_size": 14240282, "obs_mean": [5236.178191912707, 565.6950353230363, 2.1261763636422364, 0.06614119591691471, 0.09839729662649924, 630.3814662739576, 0.5304703911060439, 5238.5825621560125, 565.9784941056644, 2.040394354550002, 0.06613440419874508, 0.09841014995110461, 631.1743907917887, 0.530499304367733, 5240.277987922426, 566.3132445691737, 1.9481931607815068, 0.06582554929980435, 0.09840865463563185, 632.0695610335089, 0.5308707909014994, 5241.287336065888, 566.6977293708089, 1.8468126544123213, 0.06581792008438571, 0.09842717927917549, 633.2460566311239, 0.5310710090572845, 5242.298299861299, 566.9680696632271, 1.7234817400385751, 0.06550823518874939, 0.09843885890890446, 634.4636099321053, 0.5312670562282668, 5244.074662269458, 567.3353423759444, 1.5669956535973093, 0.06519749831584207, 0.09842542961045382, 635.972375323082, 0.5313214331008674, 5245.954213736777, 567.6967110623232, 1.3854572542875205, 0.06488592276544222, 0.09841623882455425, 637.4057237005934, 0.5313345462540983, 5246.902083931015, 568.1720762973654, 1.1942587232471942, 0.06427238140439341, 0.09843583678932695, 639.2079111162218, 0.5315893084140049, 5250.5277506147495, 568.6991266745981, 0.9856287958342398, 0.06365878300254951, 0.09843109426070415, 654.3961229275247], "obs_std": [11004.618335750714, 564.3688339043892, 21.492572888299062, 3.5993897528037153, 0.11205443749978561, 536.3203466172517, 0.7575033892960003, 11014.41162118882, 564.4424261883438, 20.891669508079033, 3.599389399591735, 0.11127014768129374, 535.8385098014651, 0.7550388782926825, 11008.298209768514, 564.5278792690189, 20.22343973812666, 3.4147106687555913, 0.11001802515116477, 535.3989899682841, 0.7544394820489745, 11019.173093752648, 564.6437809095788, 19.448755635463932, 3.4147103279242472, 0.11022315484829975, 535.2400143477864, 0.7527242211269686, 11013.944091726285, 564.4721590845238, 18.44032202889284, 3.2194552438733277, 0.10967103247370041, 535.2151563245748, 0.7549074085899486, 11021.252801057319, 564.3709723261716, 16.993864600456106, 3.011567208026886, 0.10860024334503918, 535.1910168978832, 0.751233239127443, 11027.047405890573, 564.2590382344898, 15.131291192837411, 2.788221998290301, 0.10734235969986995, 535.0537515077668, 0.7476198640252993, 11016.656321001801, 564.2841296981228, 12.849024718756263, 2.276724300731208, 0.10652991325407712, 535.1751084078229, 0.7428903622903463, 11026.363746804052, 564.3089389167735, 9.823234678149351, 1.61020771399355, 0.10436709319386944, 542.601782803477]}