{"obs_size": 14276570, "obs_mean": [5282.434317274655, 560.4713672821972, 2.645013333034475, 0.06467357714101545, 0.10166261809601362, 623.0579453732976, 0.5573636900880308, 5282.821865338317, 560.8223756826745, 2.521667459340724, 0.06466464596055681, 0.10156488493741869, 624.3534617538112, 0.557485057685429, 5285.026010629892, 561.2193271913352, 2.3835417750902352, 0.06465474287578227, 0.10156675904254388, 625.6684220766349, 0.5582830342302192, 5285.864032463383, 561.6122553946782, 2.19729668961102, 0.064644284470437, 0.10167955469626111, 627.2278032430272, 0.5575662177259758, 5284.901957345726, 562.0062419754885, 2.02237666330218, 0.06463360140412631, 0.1015722167753884, 628.8100735965294, 0.558712995418375, 5290.856156135207, 562.5489930004195, 1.8153793243054879, 0.06462224336434504, 0.10165897425831315, 630.7616339215904, 0.558514030120686, 5290.828805668968, 563.0707660873725, 1.6020063642737716, 0.06431002693918143, 0.10160545725401868, 632.986714873012, 0.5600389882163684, 5296.722535484461, 563.4960503818494, 1.3795648394537343, 0.06399778450251728, 0.1016755123325848, 635.7667128532986, 0.5630266204697766, 5297.3577436483165, 563.8796341137962, 1.1223480850092142, 0.0639842773964688, 0.1018134168789149, 648.4134203316318], "obs_std": [11105.66391100214, 554.9560153572631, 24.531295065800187, 2.5421394876958603, 0.13023040410332365, 526.0878647081697, 0.8193700774702576, 11104.706227139744, 554.8891179935317, 23.774646503868127, 2.5421386350785777, 0.12704375180162542, 526.0094984096423, 0.816855858338817, 11105.9694921658, 554.9215695464922, 22.711147402447487, 2.5421378329848143, 0.12683513979449917, 525.7519533500841, 0.8163891110753577, 11103.398514186189, 554.9412533380362, 21.43846510868998, 2.542136994049155, 0.1280462789452298, 525.5888985392953, 0.8114781831964977, 11100.874245347066, 554.8485422622334, 19.949061461547302, 2.5421361971595893, 0.12557517635369286, 525.3098655806436, 0.8144855541779978, 11110.969566783286, 554.8906977917096, 18.190985866983734, 2.542135140754055, 0.12457925182140328, 525.3427611590606, 0.8097147627103555, 11106.662637074456, 554.854852047878, 16.14663439982739, 2.273848784996549, 0.12176905199027929, 525.2340509647336, 0.8136150928559888, 11118.879127328804, 554.7083892128404, 13.726677864361505, 1.9693463191641583, 0.12152524640542157, 525.6874311273912, 0.8189830439397529, 11112.390212880653, 554.4893162144324, 10.385265285656288, 1.9693442982653422, 0.12066269478152244, 529.406960894395]}