{"obs_size": 14289583, "obs_mean": [5284.149824436417, 565.6035563808965, 2.7684628725694793, 0.06477940277166269, 0.09921998661318472, 627.267208407136, 0.5403594347015059, 5288.590671246074, 565.9875113920398, 2.620346653922651, 0.06477109294659647, 0.09921631544251457, 628.7209442304002, 0.5407590643478071, 5290.796656078256, 566.3506577483752, 2.4433269326333735, 0.06476220731718363, 0.09924755618229045, 630.1544393655624, 0.5408021061916538, 5289.748823652771, 566.8028862703691, 2.2621516667071386, 0.06475322124453195, 0.09921013497517696, 631.5991331332731, 0.5413029501280953, 5292.0687028108005, 567.2284685984189, 2.0592339188624327, 0.06474331719533767, 0.09928431004991559, 633.5820479697242, 0.5414056972131583, 5294.679388952592, 567.6518353964564, 1.8447212210461286, 0.0647332497724465, 0.09925259734829198, 635.6912376357476, 0.5423549941240651, 5297.475478580719, 568.1451224993759, 1.6148280184243304, 0.06442266637529706, 0.09925840939221149, 638.1896642373225, 0.5438393711699163, 5302.2405146190395, 568.6318989854357, 1.3619044726497618, 0.0641118099657011, 0.09930912221532298, 641.3317388577398, 0.54685120062638, 5303.625838504375, 568.7924208145192, 1.1124090884947446, 0.06319963796397045, 0.09947521155075022, 646.5771012222477], "obs_std": [10973.198808784988, 555.6340332616553, 25.536444948255628, 3.0063733262727506, 0.11962224381041929, 526.0113825809924, 0.7825453298710717, 10980.837719346338, 555.5615484161705, 24.53928003079472, 3.0063727938642657, 0.11827832518766394, 525.8556050681991, 0.7812021726166799, 10984.528765705632, 555.5023808774348, 23.368532355809613, 3.0063722178785826, 0.11879514864221062, 525.753560124276, 0.7765755337903337, 10977.215138630827, 555.5139547135926, 22.052194492270125, 3.0063717282883577, 0.11697167871560143, 525.2578826655109, 0.7753088373321404, 10981.238778711171, 555.4246507888289, 20.47848700239149, 3.0063711085103213, 0.11718154726029424, 525.2687962644144, 0.7717629544857987, 10985.893518605353, 555.3142922609405, 18.694369297542483, 3.0063705626466297, 0.11526510814500729, 525.1703248555302, 0.771321054124453, 10983.428966980706, 555.1566921684399, 16.585644244628774, 2.783411403144333, 0.11361168680977714, 525.226227776021, 0.7740627051781392, 10993.57936922495, 555.0937470131956, 13.963440036158298, 2.540963230205104, 0.11301708796026948, 525.4509577691259, 0.7748107159394508, 10994.636433005826, 554.8900933257901, 10.585015639117307, 1.6074329444867541, 0.11287397828828113, 525.5546902497838]}