{"obs_size": 14264008, "obs_mean": [5353.767633231004, 568.2822984255197, 2.544875115044804, 0.06514160331199505, 0.09879633341063788, 624.9002798997778, 0.5403342986768034, 5347.996270558567, 568.4689714139251, 2.4474975056099244, 0.06513429934995302, 0.09891142269094404, 626.0453739659102, 0.5410431368939467, 5351.142895705988, 568.770981199674, 2.323761035467731, 0.06482551193858861, 0.0988841545659548, 627.1993353700682, 0.5409490042350269, 5347.852392971956, 569.0660878064566, 2.1754997613573965, 0.06451635145417235, 0.09885423410383697, 628.4565081680564, 0.5413240823336881, 5358.178635211579, 569.411025428477, 1.9871827749956394, 0.0645069592151887, 0.09893487305272185, 629.8737955791472, 0.5406147805021141, 5351.749343990073, 569.8104482975612, 1.7977737393304882, 0.0638953303174062, 0.09885645845123028, 631.5366508589981, 0.5414209748059851, 5360.74193076165, 570.1686092015653, 1.5800666965413928, 0.06388612521614707, 0.09890538875756397, 633.1783560701434, 0.5413067879659343, 5358.754891371399, 570.6978757302995, 1.3445727175699846, 0.06357490761566609, 0.09887642485015431, 635.3433379944817, 0.5422475393311847, 5356.442047130177, 571.2238506876888, 1.0962853498119183, 0.06356448647561898, 0.09892795395817341, 649.4695446576682], "obs_std": [11105.901281008806, 557.6463025128584, 24.3360061663191, 3.2167877673918785, 0.11800716319885805, 525.4927371117508, 0.8079600580994141, 11104.110808906604, 557.6152251725046, 23.73261579019411, 3.2167873333107337, 0.11795292697092374, 525.463179699907, 0.8104557274825289, 11111.498002061673, 557.6182667233297, 22.923705070748515, 3.0090731550818326, 0.11706508886304866, 525.3751586777926, 0.8094467016161978, 11109.950209574854, 557.4323737380874, 21.787128183452815, 2.785914853767643, 0.11592726252158024, 525.4094441517465, 0.8086619722440117, 11119.804762084419, 557.3544083492425, 20.30789082552417, 2.785914175235811, 0.11789593211328202, 524.9685365051002, 0.7986828329238244, 11107.384621066798, 557.1983878393247, 18.61063006043759, 2.27484457825754, 0.11572758292881384, 524.7370195543365, 0.7991451549319339, 11117.563943569052, 557.0037818120991, 16.608756152541034, 2.274844124134229, 0.1150449012047071, 524.5104770498302, 0.7956178310197346, 11117.829728880904, 557.027630700352, 14.101773237322172, 1.9702066839998957, 0.11463066497536105, 524.4998538570545, 0.7966777374694255, 11109.836922686432, 556.9251108608776, 10.746085421928163, 1.9702058723305473, 0.11392637762869776, 529.8237761482312]}