{"obs_size": 14251917, "obs_mean": [5276.298651959197, 565.9354648921966, 2.3745705928542806, 0.06499617550552103, 0.09979970707140685, 637.3628297743618, 0.5581433600125996, 5269.153055104827, 566.3017283920472, 2.291394483984154, 0.06498923039820666, 0.0997528004690179, 638.3650944351289, 0.5585136266230474, 5279.913502925982, 566.6255653186867, 2.19007169351323, 0.06498197149254498, 0.09976093312969775, 639.4718487435779, 0.5590106198345642, 5275.1039188789555, 566.9969547254591, 2.0607334437886493, 0.06497370729889293, 0.09978391383082079, 640.758370430118, 0.5593076862572672, 5275.223818530926, 567.4813098476508, 1.912210616999804, 0.06496528125129522, 0.09980555477378927, 642.0911229995222, 0.5598187485234846, 5281.971528640836, 567.8717716360543, 1.7195977916514669, 0.06435366022199811, 0.09985292536021635, 643.5264084165891, 0.5593091889323166, 5279.74151284624, 568.3702025488924, 1.537358798819836, 0.06404279921059873, 0.09979957275572085, 645.1832663051972, 0.5598310244159221, 5291.406652671105, 568.8801434221094, 1.3237328704622684, 0.06373276298740234, 0.09979124029799044, 647.1882925439871, 0.5595501874590363, 5286.732915130309, 569.5392079535686, 1.0980462487958638, 0.06372255970492448, 0.09970913369022501, 667.4265995580308], "obs_std": [11156.784134725156, 567.7009159830692, 23.020732447349964, 3.010340974118454, 0.12264744000509993, 533.7549423939579, 0.8126901262244071, 11112.877241764918, 568.0287160365516, 22.4540367281662, 3.0103406187956057, 0.12143931912336806, 533.8262353640241, 0.8096967516355051, 11160.377926935696, 567.9959756968972, 21.75126660888224, 3.0103401857004064, 0.1208166373421698, 533.4099211475501, 0.8120282463949134, 11124.293873432647, 568.122334584936, 20.806550317727996, 3.0103396459117495, 0.1199494767215696, 533.3965655399196, 0.8099053999432886, 11127.68616432348, 568.2139311577683, 19.438371162775333, 3.0103391860961404, 0.1202841908643455, 533.3182583466064, 0.810880284428452, 11149.482816014342, 568.1587466233675, 17.714944993619934, 2.544316865638866, 0.1197732568754593, 533.1871411484865, 0.8085923693345525, 11121.925470762651, 568.182667018694, 15.790495986395154, 2.2757965637871216, 0.11694614171213596, 532.80712618694, 0.7979640456329907, 11150.962531479452, 568.1098312331515, 13.371882921254176, 1.9710290048853558, 0.11520209781757743, 532.7532365508073, 0.7947599969996452, 11119.303406994066, 568.2717905469716, 10.133320741368468, 1.9710281963756031, 0.1139421455757547, 543.6794424251259]}