{"obs_size": 14264008, "obs_mean": [5297.768045026949, 561.1340252333006, 2.490526084954524, 0.06371738802131433, 0.10138041194824085, 624.5769451730058, 0.5575306686591924, 5299.521321853491, 561.4062713649628, 2.392747606423104, 0.06370865465801286, 0.10153928458137484, 625.7352388159582, 0.5579931269668413, 5299.671629127193, 561.7279540224598, 2.266632492073757, 0.0636991512464192, 0.10144504426448801, 626.883505345948, 0.5577844142403788, 5301.517350676183, 562.1012488215093, 2.1256135021797515, 0.06368967048750493, 0.10141444357420412, 628.2918903789091, 0.5586255507568463, 5303.877260030074, 562.475526864539, 1.93655619093876, 0.06367907705612152, 0.1015267266537571, 629.8046591497489, 0.55793134916919, 5302.170812727042, 562.8772044996048, 1.762468655373721, 0.063668438021006, 0.10144514970028169, 631.5533264070853, 0.5592418233360572, 5307.570012470438, 563.3197050225996, 1.5525592806734265, 0.06365704605936369, 0.10155520336843668, 633.419274687266, 0.5586853760177449, 5309.429168513753, 563.8453108691468, 1.3347388055306755, 0.06334471110806521, 0.10147282374855617, 635.7756468543271, 0.560396556283488, 5312.577927246014, 564.3085402784407, 1.108787165570855, 0.06333326195401247, 0.10157430420559324, 650.3728717002483], "obs_std": [11129.549989275654, 555.0829463209283, 23.58376699411297, 1.6089003526361516, 0.12402482399154185, 525.5730126232467, 0.8115577045088619, 11133.438510323376, 555.1389748732305, 22.960184682871166, 1.608899082034146, 0.1252611337070882, 525.5569641214266, 0.8163053234725486, 11129.398839552168, 555.1399064708186, 22.124657192123575, 1.6088976266359594, 0.1233385435149615, 525.4085097843184, 0.815346525962377, 11134.271277815025, 555.0042372840193, 20.96606993916551, 1.6088964173759892, 0.12188918414426456, 525.61426437779, 0.8108734687827899, 11135.901208682486, 554.9276195160138, 19.488432445426497, 1.608895042388745, 0.12354143570561385, 525.1579795289878, 0.8081555557727039, 11127.722074076117, 554.8022449359815, 17.835014609576582, 1.6088937949890836, 0.12145294268171354, 524.9862203490425, 0.8100193826523345, 11136.677935748621, 554.6826717676886, 15.881115093797652, 1.6088920186103854, 0.12146028113922465, 524.9752144057718, 0.8031096006417044, 11136.13615647867, 554.6931595027895, 13.500144875468306, 1.1381266248810449, 0.11994491233211231, 524.9791361177355, 0.80960389824009, 11137.964419749103, 554.5871985635995, 10.314991038415906, 1.1381245180028408, 0.11984964474517594, 529.0693524984948]}