{"obs_size": 14264008, "obs_mean": [5220.861275621608, 561.9237416299824, 2.5214711040543447, 0.06579657884741281, 0.09967071390060961, 628.5594333609434, 0.5576875517035892, 5223.503940425088, 562.2373480160695, 2.4232292915146996, 0.06578939917631338, 0.09970727811166483, 629.6445774788326, 0.55836901269268, 5225.811394441868, 562.5362428288038, 2.302028644403453, 0.06578138002657657, 0.09971130299779794, 630.8008846337784, 0.5580449248907066, 5225.050820224942, 562.9283480491597, 2.154513654226778, 0.0657732246576929, 0.09967334649258522, 632.1662234522388, 0.5587427988683371, 5231.824579952497, 563.2984631668743, 1.968925634365881, 0.06546336523809632, 0.09972945133457627, 633.6935995370018, 0.5581386103401235, 5227.370283832228, 563.7698496102918, 1.7912536925105482, 0.06515271952778816, 0.0997122894260166, 635.4945069125906, 0.5590019385855923, 5234.823030102265, 564.1689237695324, 1.582173187227601, 0.0651438896804548, 0.09972124117765532, 637.5110345048877, 0.5589637464449353, 5236.101060786529, 564.8185451101821, 1.3668937931049954, 0.06392984380246582, 0.09967987534856948, 640.1449544710432, 0.5605416842166876, 5237.433944663845, 565.3614434316077, 1.134186898941728, 0.06331713566103753, 0.09971061829024626, 658.8774882952929], "obs_std": [11007.3001255671, 560.744130005258, 23.809089846901536, 3.411875528164807, 0.11864499517550062, 527.2309245597368, 0.8165992446140732, 11016.375240617017, 560.8804452171133, 23.194043583116024, 3.411875148806391, 0.11757789516843938, 527.1482244123782, 0.8187670014449371, 11015.952153996353, 560.8583434613408, 22.36360882684871, 3.411874720319497, 0.11767257090125721, 527.0019530007461, 0.8148130379617642, 11027.098228318926, 560.7956554729304, 21.205810159610078, 3.411874365418897, 0.11685321167061605, 527.0585460095552, 0.8119316501749819, 11033.037367976067, 560.7206611589929, 19.695124770515083, 3.2167821321062147, 0.11771783897510378, 526.650784034192, 0.8035349220213104, 11024.232135716025, 560.6973908582044, 18.014557155667028, 3.009067317604024, 0.11652005193588308, 526.4343385515511, 0.8033660864771062, 11029.182696612354, 560.5075765611654, 16.045077680851655, 3.0090670762955734, 0.11466342854227597, 526.5178557251005, 0.799272927196463, 11028.342570666935, 560.6945649255956, 13.65235030820443, 1.970200756194921, 0.11407635547583658, 526.8697988938308, 0.8028997369819473, 11021.473439840656, 560.6611308774172, 10.353188266970173, 1.1381080010921112, 0.1125742894222245, 535.6460798690543]}