{"obs_size": 14240282, "obs_mean": [5259.912763355554, 566.1647982813823, 2.2076482755046563, 0.06456196879009253, 0.0998333566687091, 634.9319574833355, 0.5583905756220692, 5261.757820236532, 566.4502807598893, 2.1202714244001633, 0.06425394349368342, 0.09990957888102338, 635.7391212515333, 0.5579774638592455, 5266.212199580211, 566.8142901945342, 2.030331702700831, 0.06424699423095112, 0.09984583694873522, 636.8223205600453, 0.5587360016466346, 5264.366472613328, 567.0642358767896, 1.934285992370095, 0.06423987755748915, 0.09988934775575406, 638.0027923364114, 0.5589813802844954, 5268.238065452457, 567.4021304493829, 1.8065066408095007, 0.06423228615789468, 0.09987272460278598, 639.1419439969367, 0.5590217543445081, 5268.232290225933, 567.6537955498352, 1.6560525276114617, 0.0642238630709782, 0.09986344368208551, 640.4434648840943, 0.5593039621687669, 5269.37571737507, 568.0057221479183, 1.469885287384056, 0.06391320868393732, 0.0999077994492669, 641.6287134762696, 0.5588062720247019, 5270.985993502376, 568.5666378657388, 1.2832055573056769, 0.06390340257075786, 0.0998711282983013, 643.3044647990358, 0.5592334375822434, 5272.539307375491, 569.1523021805326, 1.0730916705160753, 0.06329139864527333, 0.09989269528946151, 663.3086110243191], "obs_std": [11116.142632852565, 565.0253107485418, 21.647878143575575, 2.545358915559689, 0.11829509029729343, 528.6069371771182, 0.8163093202685149, 11127.960956330673, 565.0281122428689, 21.081182282082935, 2.2767293692275206, 0.1186030108288916, 528.4122907316192, 0.8124563937707173, 11138.092456558918, 565.0635548035822, 20.4233939213218, 2.2767288178998277, 0.11650022405063427, 528.3409923654411, 0.8107041545070514, 11129.448918947066, 564.9793628414161, 19.66970044623741, 2.2767285271970303, 0.11738505720837282, 528.3313986562706, 0.8090994923969845, 11135.94111569842, 564.9666264378264, 18.613177703628036, 2.2767281261546497, 0.11630732872273604, 528.289166581311, 0.8093752580238803, 11131.640226147903, 564.7246010037896, 17.17660583136747, 2.2767275279187915, 0.11522569901166872, 527.9949503695416, 0.8065613891678195, 11129.781617561492, 564.703298001156, 15.298391798187863, 1.9718348204675102, 0.11563049400356153, 527.5680140108559, 0.7990243219520383, 11133.163958532872, 564.8042560614838, 12.997018088025126, 1.971833798888479, 0.11346721329120377, 527.3196693907163, 0.790116486602578, 11134.732432493416, 564.8892592065918, 9.926455961508506, 1.1390452051990023, 0.11128530031165594, 536.5299566748413]}