{"obs_size": 14264008, "obs_mean": [5297.61964102372, 563.9783651972153, 2.509109781766808, 0.06370508944022814, 0.09965563736805307, 630.140573387367, 0.5553893233935727, 5327.237385271059, 564.2599972602371, 2.4127041291620146, 0.06369832010001192, 0.09970032371686928, 631.3047147958257, 0.5560106112531915, 5314.6332265019255, 564.6407274869728, 2.2896131998804266, 0.06369041468829319, 0.09970162220176933, 632.453876902853, 0.5558858253585173, 5322.597574690406, 565.0372655427562, 2.1420358850051118, 0.06368214479269307, 0.09964576926064544, 633.8602808606979, 0.5562828179849916, 5334.192384665219, 565.4691494844927, 1.9530489607128656, 0.06367283082329535, 0.09974209998122624, 635.437654291928, 0.5558789903931992, 5309.714277095871, 565.9348206338639, 1.7739073758231207, 0.06366313033273194, 0.09971529350502464, 637.1451162553998, 0.5565464069425922, 5348.459608738403, 566.3954168421667, 1.5686707410708127, 0.06365402504276006, 0.09973044852968416, 638.9732943119513, 0.556481572570666, 5324.523951984197, 567.0516871555315, 1.349495878016894, 0.06334319956467555, 0.09970031125403137, 641.5372125570402, 0.5579102733257342, 5345.712306108678, 567.6444185953906, 1.1217088492939713, 0.0630319042870789, 0.09976907167557783, 658.7156137167015], "obs_std": [11475.113051897526, 560.4944943038497, 23.719249821083448, 1.970201313322862, 0.11848356163966269, 528.204575918147, 0.8219909610786335, 11700.335528949763, 560.5925851084476, 23.10498022700954, 1.9702009621614769, 0.1179838259856026, 528.1360012331976, 0.8229038584278658, 11566.705917378144, 560.6478134146461, 22.272414959477903, 1.9702002420471858, 0.11812911836030451, 528.0015204737535, 0.8226382791817359, 11691.001630165127, 560.5487280975779, 21.099398238990048, 1.970199606856532, 0.11651181159001592, 528.1708380326453, 0.8185727630893989, 11667.663016992426, 560.5514909813586, 19.568128551654628, 1.9701987371581664, 0.11813873901107927, 527.9493782236692, 0.8134639918772903, 11552.198691490394, 560.4733960324847, 17.89422047601583, 1.970197746986133, 0.11628841152036139, 527.7593679391006, 0.8085337290264037, 11776.829379365008, 560.4146033280736, 15.9524466759226, 1.9701973011895129, 0.11523456006851869, 527.6722316785525, 0.8042379177474567, 11588.694301194857, 560.5407140799822, 13.56704987425389, 1.6088746841461978, 0.11502903726001969, 528.0042858913977, 0.8048683300148197, 11782.444259459184, 560.6020412402437, 10.3634917165461, 1.1381018420823865, 0.11328181477182568, 536.2933775731004]}