{"obs_size": 14289583, "obs_mean": [5199.849643337461, 560.3367837955803, 2.8230518693232685, 0.06897923963779226, 0.10024220173667742, 625.3324008704301, 0.5582134070672613, 5202.061928522927, 560.7866653631529, 2.67845674712831, 0.0689705775219699, 0.10023786800447534, 626.7714762886538, 0.5587021801126323, 5207.361057535593, 561.1253665694793, 2.4987218311409087, 0.06866116243707887, 0.10026164824529911, 628.1508156817847, 0.55852333388599, 5208.742412019622, 561.6070786670261, 2.317202188475339, 0.06805101081096047, 0.10025149819284415, 629.6470055828199, 0.559098457596728, 5201.696100561313, 562.0276665176303, 2.114532593428373, 0.06804185535799881, 0.10028133240536166, 631.8896842888945, 0.559212162664258, 5209.144302891737, 562.5165237502033, 1.9019830739637398, 0.06743102932654611, 0.1002192746122123, 634.4356464206552, 0.5610467486700252, 5205.880688720807, 563.054278770766, 1.6801932568641087, 0.06681983950085327, 0.10027249313636293, 637.6976445697483, 0.5643442702282108, 5213.302007340081, 563.5689762955293, 1.430018776615105, 0.06650838611435461, 0.10040166835722178, 643.2716644549085, 0.575604651514358, 5213.84732506391, 562.9686862800685, 1.1948168116592346, 0.0652947856042482, 0.10095053537811419, 654.2305972657115], "obs_std": [11052.402282902645, 560.2429431711257, 25.60248329935491, 4.952666744491594, 0.12337618838487406, 528.0058353255088, 0.8273676372896158, 11068.293792424118, 560.1807358112416, 24.6131779695409, 4.952666431005626, 0.12264396596359957, 527.863086170384, 0.8244333476456637, 11065.628844017427, 560.1120264811786, 23.42793015678855, 4.820583021696756, 0.12330015144776009, 527.8051988377572, 0.8202945698542886, 11084.491658993227, 560.1462394576821, 22.090865702260956, 4.544915264674595, 0.12207074709233642, 527.4080194759185, 0.8175365470752199, 11029.096852077959, 560.0593276870112, 20.50155030589284, 4.544915084135649, 0.12091231221632946, 527.7650513370895, 0.8146182431657139, 11063.248652262038, 560.0052871551155, 18.7273775492061, 4.251410014561617, 0.11860963756136116, 528.12227935837, 0.8190394341163164, 11033.148800048411, 559.9429794471595, 16.64299178996175, 3.936079470888942, 0.11734726789290006, 529.0489481051526, 0.82134994138635, 11036.980060470507, 559.9508088698436, 14.03988859324637, 3.768532677107464, 0.11719118898364465, 531.8451678508767, 0.8503036684550757, 11076.332543307986, 559.2243444075963, 10.709139292070184, 3.00637753461904, 0.12062690167849342, 538.1511979599647]}