{"obs_size": 14276570, "obs_mean": [5196.8087531220135, 562.8054143957546, 2.6357183833371742, 0.06472756332768344, 0.10122645636634066, 625.0891051515907, 0.5491504305305853, 5199.192667145417, 563.1599838056339, 2.5131696198736813, 0.06471871726353771, 0.10118006574653507, 626.3879956210737, 0.5493897270843102, 5199.569195499603, 563.5685662592626, 2.3694420298433028, 0.06470931234155716, 0.10118524845659745, 627.7618878006859, 0.5500079473571101, 5203.207821772776, 563.9734170742693, 2.1866320131516184, 0.06469950931155766, 0.10125476055334048, 629.3812953134143, 0.5496366239229757, 5201.54645448476, 564.3942265544174, 2.0071452736896886, 0.06468937568016024, 0.10118058870513068, 631.0405302266589, 0.5505146780354094, 5206.874919243757, 564.946689365863, 1.7998874379490313, 0.06467858004003098, 0.10127193867840839, 633.0148851564921, 0.5508079308265271, 5208.354373680001, 565.487213735512, 1.5845108453921355, 0.06436716512062124, 0.10121177215962969, 635.2510297791359, 0.5517745813595355, 5213.832762663964, 565.9538615367696, 1.358085240362356, 0.06405549409018424, 0.10123018968127605, 637.9979509107592, 0.5537625278340781, 5216.277569174098, 566.389867664292, 1.1009329271666792, 0.06404327364297609, 0.10129998925750423, 648.7140515853099], "obs_std": [10875.836062260054, 555.0838603844413, 24.592310381276842, 2.542139673928913, 0.12618171748026072, 525.0965306399006, 0.7890312488739095, 10878.395006312398, 555.0144675538224, 23.83667800652857, 2.5421389052697094, 0.12441783861330746, 524.9980514029428, 0.7886010279848029, 10876.223416656356, 555.0605184003056, 22.771667687281752, 2.5421382126752015, 0.12452371614097979, 524.7320905628777, 0.7897697836590014, 10880.886576973653, 555.1118572912119, 21.494216675690726, 2.5421374589408248, 0.12489061758415486, 524.6132394341751, 0.7819250793445036, 10876.517943235665, 555.0401895687439, 20.001323458843892, 2.542136720034423, 0.12301583545679606, 524.3502247356029, 0.7835026290026974, 10886.142243577064, 555.0722637763513, 18.227705468521787, 2.542135804606401, 0.12202335649733471, 524.2532875255831, 0.7821521652732205, 10885.372206682003, 555.0580260053257, 16.16531258549894, 2.2738497119753838, 0.11926170444274377, 524.0695229577074, 0.7800812824379016, 10895.784924636804, 554.9457338616184, 13.727684224705524, 1.9693476939798225, 0.11852047541178001, 524.3491554359342, 0.7835031910283408, 10895.293859175226, 554.754328134364, 10.358814959535033, 1.9693463941325255, 0.11755789305274023, 525.5422280055101]}