{"obs_size": 14251917, "obs_mean": [5338.703925229922, 574.6324740033217, 2.288664465278601, 0.06302881207525422, 0.09731750865999296, 630.3858650694735, 0.5210114066760202, 5339.281509864417, 574.9178823452312, 2.2007713067652577, 0.06302129330714741, 0.09729997758673459, 631.2679842736915, 0.5209525711523508, 5345.108646789173, 575.2202152875294, 2.0970425943401154, 0.0630137184870723, 0.0973104796723844, 632.2841876240232, 0.5211175728149358, 5341.1005978909525, 575.5790661003709, 1.9711126580375116, 0.06300533195843895, 0.0973152983520751, 633.4343671815722, 0.5213302852521469, 5346.991103241228, 575.987005046409, 1.813621844696401, 0.06299688690195987, 0.09730564827265, 634.794206361103, 0.5215143324929505, 5346.183125956716, 576.3580463596581, 1.6285377609201626, 0.0629877562899166, 0.0973070131353555, 636.2894862670062, 0.5215845770081253, 5348.696753144047, 576.857476015332, 1.4367549993450004, 0.0629783056031773, 0.0972779647050984, 637.8753067070595, 0.521800725825157, 5354.242244224613, 577.3988807260104, 1.2250394806537255, 0.06266749092091467, 0.09730497979240352, 639.6166640784725, 0.5219331405732865, 5353.287931399253, 577.8937493110575, 0.9978058390320403, 0.06265736578469602, 0.0972764249728643, 648.5904676991389], "obs_std": [10934.587762518671, 557.322750282693, 22.845337787778444, 1.609558511142475, 0.11433669729248336, 525.4140087500496, 0.7535310840905503, 10933.330043929525, 557.3630010307089, 22.25522357183273, 1.609557275979915, 0.113321937464658, 525.3827619588077, 0.7500807355088438, 10945.175050736058, 557.208873672012, 21.534897994352452, 1.6095562605075782, 0.11250395009367661, 525.034068659731, 0.7496665191399239, 10929.032570385345, 557.3159897449498, 20.606557339928973, 1.6095552520720726, 0.11144498654942638, 524.9023013029127, 0.7503633674123843, 10943.983583033565, 557.257589369792, 19.236908602571447, 1.6095543712964235, 0.11108850485026406, 524.845486749331, 0.7479028287723986, 10939.406149481556, 557.125656472004, 17.566735894440658, 1.6095533311985346, 0.10986188584680719, 524.6712636978243, 0.74806213354862, 10942.22384934987, 557.108314931038, 15.631488454866522, 1.6095524225263393, 0.10703884516104466, 524.3011992240274, 0.7413843141732017, 10953.468682001945, 557.056949470189, 13.216021138895304, 1.1385787791056816, 0.10653259434166099, 524.0007135176609, 0.7393697660087815, 10942.050916751354, 556.9599328241869, 9.966733409520826, 1.1385772631169209, 0.10582530190408951, 523.8482639424866]}