{"obs_size": 14264008, "obs_mean": [5297.297251712766, 562.1053501932978, 2.5031864115611833, 0.06691071546974173, 0.1023339345567527, 621.821917797952, 0.5656746272856944, 5297.352415001234, 562.3649772209886, 2.403708621027134, 0.06690221190489526, 0.10253048413538539, 622.8865655360015, 0.5659720326152571, 5298.67183544219, 562.6866635240249, 2.2789830179568047, 0.06659223099700476, 0.10244593208893407, 623.9230908910968, 0.5652993489628068, 5299.570097267833, 563.0026958061155, 2.1411731541373222, 0.06658300543810158, 0.10236696243054537, 625.2046776397324, 0.566402597362549, 5301.244822863042, 563.3433842016914, 1.9484286604438248, 0.06657291287449672, 0.10255604535625713, 626.6042175203934, 0.5653902289595067, 5297.576210696026, 563.7027169362215, 1.780511059724588, 0.06626156136726254, 0.10242416792559378, 628.295063570909, 0.5670448764470873, 5299.604850426364, 564.1043009089732, 1.5679471015439699, 0.06564889655488992, 0.1025846054744226, 630.0657474311126, 0.5663318452990426, 5301.447916038941, 564.5934293502919, 1.3515316312217436, 0.06503608739914625, 0.10251204199457832, 632.3372280028619, 0.5679951202355032, 5303.934450110796, 564.9978121857474, 1.126514370995866, 0.06502459636317648, 0.10257765244908829, 650.71259339058], "obs_std": [11161.210081607396, 558.3473050594752, 23.594120704288944, 3.5964188161066306, 0.12921588435475925, 525.3452276224381, 0.8635314670290252, 11166.991639320464, 558.4119309702173, 22.964040250485738, 3.596418276152739, 0.1311730180646113, 525.3185485877682, 0.8674555682253583, 11166.688631547235, 558.4213333745731, 22.139084632903447, 3.4118945589071767, 0.1285581204468288, 525.122328173401, 0.8593903134647988, 11167.523104184542, 558.2671747075641, 20.99387333405613, 3.411894018902132, 0.12669962305043536, 525.237044813083, 0.8553419649685381, 11168.891337050849, 558.1580566166141, 19.51916641053241, 3.411893528808849, 0.1291155928334807, 524.7574788148474, 0.85498907690179, 11152.162846048614, 557.9990553144636, 17.885231409600898, 3.2168023801392973, 0.1264036525948665, 524.5968042821606, 0.8592040196490177, 11152.245743501846, 557.8593039350927, 15.94921873174195, 2.7859324226421873, 0.1278214923106963, 524.5964360682723, 0.8521354193099757, 11151.033628436428, 557.8463853368023, 13.568608775957829, 2.274867705258012, 0.12623047760417339, 524.587620722038, 0.855904244902444, 11150.221014146762, 557.7057710480767, 10.401829884310915, 2.274866614524008, 0.12517206776200424, 531.5415365097808]}