{"obs_size": 14264008, "obs_mean": [5200.164687765282, 559.7165662694525, 2.499643157799688, 0.06464541934680179, 0.0995192473194072, 630.2958606112203, 0.5584451752971937, 5204.492210143245, 560.0083313189392, 2.4033510777615947, 0.0646384043407811, 0.09954041012161595, 631.4904205080384, 0.5591576964904051, 5203.684187448813, 560.3610101732977, 2.2823730889662994, 0.064630543110263, 0.09955681855815098, 632.6246965577483, 0.5589844903340425, 5206.356337455817, 560.7478809602462, 2.137975315212947, 0.06462241011903086, 0.09954413800160511, 634.0430922174116, 0.5594196826025754, 5210.8947220659875, 561.141999920359, 1.955612335607215, 0.06461353797944706, 0.09956629931201719, 635.591599486294, 0.5590181287055268, 5208.331753157818, 561.5997843663575, 1.7799147336428864, 0.06430306932351258, 0.09958072741756865, 637.4399526566881, 0.5597353860850823, 5214.5558668436215, 562.0661426998639, 1.5740972663503834, 0.06429434445550908, 0.09956484157762698, 639.4708643119127, 0.5597035385847202, 5215.593396192486, 562.6382602982274, 1.3599301823162186, 0.06338155155985159, 0.09953426200139553, 642.1804712788511, 0.5612952002691427, 5219.686247510751, 563.1291580178586, 1.132378851722461, 0.06307008008226957, 0.0995879923541138, 662.100778478478], "obs_std": [10919.75088823774, 556.0215901171217, 23.56029234357294, 2.785905262481071, 0.11774895668058832, 528.390007758261, 0.8252249494822548, 10936.071597415448, 556.1111036270025, 22.944871154790548, 2.785904842512306, 0.1165287155880624, 528.3726384025439, 0.8253622761998646, 10925.27419533941, 556.1398924423621, 22.123439147926426, 2.7859044765336294, 0.11698567858966721, 528.1463583427127, 0.8232258511247783, 10937.063906550891, 556.045516490055, 20.981492065540497, 2.7859039176140024, 0.11609231603182395, 528.2816787356372, 0.8158512338650016, 10944.598318039163, 556.0068362222406, 19.495289498918954, 2.785903569219816, 0.11662206982207964, 527.910243525083, 0.8082738736761773, 10931.510820252919, 555.9083607053057, 17.849438329483853, 2.543237578255423, 0.11560816661426927, 527.8032246974856, 0.8075277124817274, 10948.82588559544, 555.8295220885559, 15.907446479803044, 2.543237305146034, 0.11368293096446462, 527.976162292172, 0.804192847377295, 10937.174607511313, 555.8694282028646, 13.528963390105414, 1.6088689643567058, 0.11335237145104479, 528.6202616883965, 0.8057111502554122, 10951.267914380012, 555.7654338551, 10.34310248219092, 1.1380932273157993, 0.11193808502498794, 539.3314802454214]}