{"obs_size": 14276570, "obs_mean": [5177.512340077467, 560.3831051155844, 2.6487048359655017, 0.06466268024393146, 0.10132393310774233, 621.9944604011595, 0.5545865141276964, 5180.233091578315, 560.7578865932084, 2.5255240579494935, 0.06465443314928612, 0.10125478637642006, 623.3386047775662, 0.5547537834367803, 5181.130106645059, 561.1591734569298, 2.385299760376617, 0.06464508572367902, 0.10125462862522405, 624.7163363433448, 0.5555638191806617, 5184.2475523565245, 561.567409048532, 2.1973210652138433, 0.06463528086046608, 0.10134712911434621, 626.3554786241133, 0.5549977345398823, 5183.060586194543, 561.9864866701175, 2.0209293268621242, 0.06462559236967315, 0.10127576978076666, 628.0271460935895, 0.5562150331627286, 5188.100608199345, 562.5721158513564, 1.8122104959384502, 0.0646147224712311, 0.10135611436598634, 630.0320288196168, 0.5561467022541158, 5189.855562024583, 563.1063281306364, 1.5980635404722563, 0.06430359567824105, 0.10127816643717648, 632.2718914420782, 0.5574005322707095, 5194.308259685582, 563.5631407964237, 1.3739223777139746, 0.06399204198418104, 0.10134752210313885, 635.1214831472843, 0.5603722867607631, 5196.708925633157, 563.9545713010898, 1.1175785220119396, 0.06397990827762558, 0.10147972825419588, 647.9873414605397], "obs_std": [10858.840000379785, 554.5530416288598, 24.574064787299037, 2.542129109589728, 0.1261078254184032, 525.1375712381245, 0.8069314911169854, 10862.368027249577, 554.4950198760885, 23.8123055929674, 2.542128510916934, 0.12410817783379699, 525.0538254685245, 0.805527744006546, 10861.40897976907, 554.535876966127, 22.73970627635034, 2.5421278333216293, 0.12387239299556141, 524.8214502568068, 0.8060947833341883, 10865.732242738, 554.573226337524, 21.462256514018012, 2.542127147896368, 0.12480085877043567, 524.6628254214463, 0.7991218869670276, 10861.9934850551, 554.5147440607856, 19.962227081910314, 2.5421265694865234, 0.1227860525810814, 524.4446044626518, 0.8041071986808105, 10869.472074672121, 554.5790541459875, 18.20071891792045, 2.5421255876207276, 0.12144139962020618, 524.4448533679914, 0.7990290651904457, 10870.344920263979, 554.5698988452685, 16.145803091629443, 2.2738383798437085, 0.11855074316275069, 524.2753859402834, 0.799394140673757, 10878.822924943048, 554.4396770331474, 13.713041522302527, 1.969334649382797, 0.11831986826779264, 524.6528508967158, 0.8071370513333211, 10878.922849806855, 554.2250191215736, 10.37184721614887, 1.9693333898549599, 0.11756680693091821, 526.9443405118964]}