{"obs_size": 14264008, "obs_mean": [5321.618356847215, 574.0352975124524, 2.4405352969516008, 0.06306362891721108, 0.09736891881868023, 628.4899600443762, 0.5208054705942333, 5324.210094030952, 574.3177603377676, 2.3421096651095548, 0.0630562907420643, 0.09740790064924328, 629.5597684787732, 0.5211822484956481, 5324.3062406094205, 574.640692784244, 2.2194184832201445, 0.06304797234480883, 0.09739099946088181, 630.6012898935542, 0.5211314014265799, 5326.342660557994, 575.0171070431255, 2.0644903592314305, 0.06303960266519286, 0.09735656768637505, 631.9794325952348, 0.5212518243119263, 5330.213603164897, 575.4118292698658, 1.8835152784546951, 0.06303037679354441, 0.09737015098014569, 633.461577167602, 0.5212065366199955, 5328.330064920823, 575.8501374228057, 1.6936508308183786, 0.06302094867684675, 0.09735259428373928, 635.1577233996193, 0.5215962623548671, 5333.734616364415, 576.3244986261926, 1.486810789786433, 0.06301151340129157, 0.09738915067462187, 636.816117233717, 0.5215223802454402, 5335.501181911895, 576.8622479740616, 1.2604489565625594, 0.06270074007888449, 0.09734729023974142, 638.8873081156412, 0.5219710288300369, 5338.431150593153, 577.3527911650077, 1.0219276377298723, 0.06269049399622657, 0.09735970594541284, 646.7614069361587], "obs_std": [10901.657892593103, 557.3025832268603, 23.840710277564355, 1.6088777536078904, 0.11206969282418465, 525.260095864316, 0.7537977912929184, 10907.372889918026, 557.3425478246814, 23.21478956257429, 1.6088768101230304, 0.11158585669287648, 525.2086166257542, 0.7544061293731456, 10903.454591635007, 557.3102861161533, 22.383065314279005, 1.608875780515902, 0.11102704607903485, 524.9891412006683, 0.7557064408830224, 10908.142051733172, 557.1773702892131, 21.207486017480267, 1.608874902610239, 0.10960738507777258, 525.1190174043454, 0.7500871560735564, 10913.01981115992, 557.0993344096926, 19.708569235806486, 1.608873836130089, 0.10978599307489864, 524.6728068860333, 0.7469749895451194, 10905.360769303737, 556.9814428803801, 18.02072978390409, 1.608872869069813, 0.10855205095806968, 524.437071441281, 0.7471435814682139, 10912.985469478162, 556.8720948956685, 16.051170430207424, 1.6088718560798811, 0.10817886821790364, 524.1716462517873, 0.7409975061298575, 10914.464822545406, 556.8723397402073, 13.610801693884875, 1.1380985864251572, 0.10737787601753863, 524.0373066326505, 0.7405773035620808, 10915.257969423035, 556.7525675257392, 10.329007399691735, 1.1380971420604946, 0.10651945576478093, 523.5562953620565]}