{"obs_size": 14276570, "obs_mean": [5206.496709472217, 561.3680712524085, 2.6767823083555786, 0.06565844346815118, 0.10031194030772152, 626.1047545451066, 0.5567056810564569, 5210.532908903998, 561.7536582666564, 2.5547097096851696, 0.06565079443704636, 0.1002859406428154, 627.3971251936998, 0.5569059769958926, 5205.339916423416, 562.1955653914071, 2.4115096973572783, 0.06564198274572276, 0.10031874226575495, 628.7540688875515, 0.5575978148112816, 5213.5088763743615, 562.593309807608, 2.2294668817510086, 0.06533229209390645, 0.10037230289033035, 630.3264693046922, 0.5569025494219013, 5209.875209404647, 563.0173308434728, 2.050404964217596, 0.06532315114443472, 0.10036379190666991, 631.9099397457525, 0.5574442576193177, 5215.217834622686, 563.5838082256452, 1.8464390956651353, 0.06531370806419907, 0.10036287643922939, 634.0006871835908, 0.5577172525333691, 5219.002759302735, 564.1507054565627, 1.6298099613562642, 0.06500296834625578, 0.10024134096663324, 636.4582572199952, 0.5589437363456495, 5219.4176017593445, 564.6400390289824, 1.405770503699418, 0.0643909380185926, 0.10027307668606764, 639.4885635028603, 0.5617473252329043, 5225.871630884814, 565.0891180444603, 1.1476758072842426, 0.06437915442862673, 0.10040185702041926, 654.98950529541], "obs_std": [11014.701548556028, 559.2291863546332, 24.70817803120484, 3.215372556864264, 0.1251512696818439, 527.4705467576166, 0.8265504818542676, 11044.802184460406, 559.2078193369023, 23.956294701936535, 3.2153721583617165, 0.12313581446725773, 527.327475848205, 0.8247298059405074, 10990.3169955203, 559.3079525351931, 22.887721426668733, 3.2153717437013936, 0.12363243904592862, 527.1694116212009, 0.8279978031101662, 11034.949288855289, 559.3726197683812, 21.619457593112237, 3.0077488250555344, 0.12453324409370553, 527.0857103594482, 0.8156389851054289, 11019.308440499333, 559.2704085323678, 20.1160760403681, 3.007748443134394, 0.12343993798963453, 526.8385348940591, 0.8113114033165847, 11004.999884643212, 559.3739381584754, 18.370234332323356, 3.0077480076755023, 0.12127515242750114, 526.9515922330662, 0.8101233463648031, 11037.645254372253, 559.3281692393651, 16.320894982328095, 2.7846879452324766, 0.11790662096995132, 527.1461408449645, 0.8076957811649187, 11001.634875648751, 559.2455202052213, 13.86389085797038, 2.273843709000998, 0.1162106966251847, 527.950115378443, 0.8111895260413583, 11038.796992280253, 559.0444654413271, 10.472307660103787, 2.273842809236221, 0.11568981235000786, 536.1079518717231]}