{"obs_size": 14251917, "obs_mean": [5260.9287021894, 562.7175236847085, 2.367364264049531, 0.06447440614930039, 0.0993764129488687, 637.3297130030053, 0.5594369511835471, 5258.824029804398, 563.0007949807734, 2.2836953091994565, 0.06446723925287506, 0.09932493804672086, 638.2859873950011, 0.5599429852139161, 5266.702009501765, 563.3093331233968, 2.1831745161019387, 0.06445986747839723, 0.09930875172939965, 639.3676986527028, 0.5602845577195668, 5257.763927189184, 563.6596405943144, 2.05701408449123, 0.06445193357862775, 0.09933124650922456, 640.6134051516907, 0.5603078377456843, 5265.859654187839, 564.0367283923981, 1.9115376548993372, 0.06444348224832597, 0.0993407449496794, 642.0112113177923, 0.5610643546409219, 5267.891451852057, 564.4633672789422, 1.7255432374465836, 0.06413348642797434, 0.09938962940508331, 643.5496631093689, 0.5606756021664272, 5267.054718048611, 564.9381490223387, 1.5448289517824163, 0.06382316571385561, 0.0993634095199258, 645.2566729264947, 0.5614757830122739, 5278.3198228158135, 565.5652166652388, 1.3361088897725126, 0.0635128232251232, 0.09935480644084657, 647.3178795875166, 0.5615946985939421, 5272.71820797094, 566.0607819986602, 1.1121334765000386, 0.0632015874182488, 0.09932744911516096, 668.2363505312267], "obs_std": [11078.600336448624, 560.8360894740647, 22.712928081035066, 2.7870827353707863, 0.12052798052392108, 534.8269645622097, 0.8138189085258466, 11073.769888242075, 560.9670745480989, 22.127077318456617, 2.7870820917902615, 0.11952838787816394, 534.7384211329876, 0.8143865980661508, 11081.085921879268, 560.7642675015662, 21.407421560264005, 2.78708161861398, 0.11822727572872414, 534.4322296445708, 0.8134933681280782, 11060.548988126357, 560.8560698051161, 20.500573459397195, 2.7870812416460846, 0.11734904683603316, 534.3658224439995, 0.8100798362723801, 11094.379841854745, 560.6922283846835, 19.173511959020747, 2.7870807365391057, 0.11795637384448623, 534.3738060264413, 0.8093764903568794, 11089.921123720285, 560.6202701538163, 17.53416837935392, 2.5443116346223715, 0.11735623711270564, 534.3447611366289, 0.8057540598230271, 11080.531161376566, 560.5138018922931, 15.644570188427794, 2.275790856950351, 0.11422612411486037, 534.1491399154934, 0.7993075197305628, 11100.261676825274, 560.5515136788875, 13.27070948633788, 1.9710220830813547, 0.11297300800436057, 534.3275646529842, 0.7996560650796671, 11081.820763950596, 560.4100036753549, 10.081439786715483, 1.609543209996196, 0.11229043873100449, 545.679208925823]}