{"obs_size": 14251917, "obs_mean": [5254.3188359559645, 565.2857856244882, 2.3436826077502415, 0.06558802344731034, 0.10052258897887217, 626.9475277099451, 0.5525069614143869, 5255.151998840895, 565.6170385359387, 2.2609171804747383, 0.06557994676590664, 0.10039047843493598, 627.917228307973, 0.5530697123762385, 5258.269350413633, 565.8809160900952, 2.1567883815208857, 0.06557210733855098, 0.1004502794150435, 628.9904358667458, 0.5534556225664304, 5255.964297534679, 566.2858434412718, 2.0292316465216573, 0.0655634263994885, 0.10045951141071136, 630.2009346271547, 0.5535078904122178, 5259.187045603519, 566.6779143465403, 1.8795467304503666, 0.06525280665191345, 0.10045048678146246, 631.455735530968, 0.5539905567791376, 5261.65069371559, 567.0712127358025, 1.6888864845339753, 0.0649415652372323, 0.10052457338461888, 632.8185302181698, 0.5534387243484524, 5264.0477612779505, 567.5442417325335, 1.5073725169743832, 0.06432871298605818, 0.10047118530601849, 634.3265667463912, 0.5542382520190119, 5266.827112739973, 568.0752088298017, 1.293864256997848, 0.06401762997905021, 0.10052770596299536, 636.1530085343097, 0.5543100342220632, 5266.355785880446, 568.6467160172207, 1.0700768886038279, 0.06370523060779351, 0.10049988706592924, 654.6398492996169], "obs_std": [11013.528616782154, 559.2917991099085, 22.81406032311614, 3.010358876033789, 0.12449484725751746, 524.9975115906625, 0.8141418023264744, 11019.219009445913, 559.4585858464851, 22.225110313589564, 3.0103580323330785, 0.12169330269531514, 525.0346710176431, 0.8132536245226301, 11022.187099742612, 559.2997719855894, 21.503503139920582, 3.0103576617338845, 0.12140220210574434, 524.7182836271791, 0.8147834079717176, 11007.83580222869, 559.5394655415961, 20.57144773846558, 3.010357207418431, 0.120546666225628, 524.6348418020957, 0.8102950284125326, 11021.981216842976, 559.5226323042891, 19.201332030042142, 2.7871046308480087, 0.11960261228314704, 524.5001070589192, 0.8117964668830072, 11023.80634452576, 559.4207647242939, 17.541533319629103, 2.5443374934176926, 0.12027056189800148, 524.3140867316172, 0.8088076760988949, 11027.460209836427, 559.4305855286808, 15.623567422557585, 1.9710554472967778, 0.11829263271646945, 523.9084852684628, 0.8034543167484082, 11029.44244025144, 559.3894650974729, 13.201038079782295, 1.6095847708434567, 0.11650252797118318, 523.7406617153493, 0.8045201367292817, 11022.00400972564, 559.349679583555, 9.98665186165366, 1.138623297787461, 0.11639042176497251, 530.4338280223895]}