{"obs_size": 14251917, "obs_mean": [5294.213057083035, 577.9885009153505, 2.310992338785021, 0.06320035368716466, 0.0982014553002238, 644.011426284946, 0.5373371023000603, 5300.083910382898, 578.2266805932143, 2.2236217766353814, 0.06319374023467254, 0.09819843290162336, 645.136777199773, 0.5374274624249439, 5302.718648361925, 578.5846819764669, 2.118949752513995, 0.0631868856762296, 0.09820487473615006, 646.1548347237323, 0.5376106239603405, 5301.458537646236, 578.8832057469883, 1.9934573713837933, 0.06317930573950946, 0.09820771727199984, 647.3574313975669, 0.5378017145343313, 5307.741781837942, 579.3792766264357, 1.8361588830471014, 0.06317155075510977, 0.09821099094135846, 648.6896169736802, 0.5380759736392593, 5304.711251611389, 579.7655638185375, 1.6499908047457756, 0.06316337078998648, 0.09819157024960225, 650.1281024565816, 0.5381355072444565, 5311.185142474039, 580.1674686289573, 1.458913632460812, 0.06315471036991797, 0.09817882656501556, 651.6070518716347, 0.5385073250146604, 5310.511746677055, 580.714912737704, 1.2477800705687523, 0.06284485341895563, 0.09818280347303562, 653.4057439800304, 0.5386131418672193, 5311.499675654615, 581.1316481144255, 1.0203965543722995, 0.06283565449048853, 0.09817851290496529, 667.8676615692674], "obs_std": [10999.617236070451, 572.2089250135875, 22.89118544984834, 1.6095402636502028, 0.1131081166035748, 539.5166858275187, 0.7608153505394848, 11002.547459372445, 572.2735389623348, 22.30128047813397, 1.6095393650980327, 0.1122424012599376, 539.8206161801439, 0.7584235859847113, 11012.533145928288, 572.2993350830038, 21.55811823732151, 1.6095386277336214, 0.11128349214934932, 539.3450843156212, 0.75818983002192, 11001.018896398207, 572.3494262176763, 20.636460601290263, 1.6095378492941754, 0.1110388810465942, 539.2652593700853, 0.758333984622933, 11017.787636116223, 572.4964430105207, 19.26963258193528, 1.6095371833612933, 0.1102150425007474, 539.2023797583583, 0.7593665542962157, 11010.967794316632, 572.4440994726267, 17.60275470991388, 1.6095364474636933, 0.10830909806484317, 538.7912340158114, 0.7582563848559847, 11019.057443028789, 572.3318524115019, 15.667173426617309, 1.6095358103555202, 0.10596573222998054, 537.9626832614167, 0.7539965748495232, 11026.23439812863, 572.2097206917288, 13.254171315150716, 1.1385558286750659, 0.1054354803054762, 537.462722277603, 0.7509765133113395, 11017.294223961402, 572.0545634394779, 10.003990214115957, 1.1385547766875985, 0.1050708913143993, 543.5516779311446]}