{"obs_size": 14240282, "obs_mean": [5333.266537273848, 567.3475140450167, 2.1845492947400897, 0.06551167247440114, 0.09907331136209183, 638.3586969203327, 0.5572046993170761, 5370.3764372596515, 567.680950700274, 2.0985814747207963, 0.06490202850274397, 0.09909484173445567, 639.1807324506639, 0.5570996144599117, 5350.038373540253, 568.1184835384581, 2.0114773710239726, 0.06489558395698289, 0.09910873993155522, 640.1231398736427, 0.5576401156943604, 5352.12504325432, 568.4554624690719, 1.915576952759784, 0.06488790828995604, 0.09910341870238314, 641.2694317156955, 0.5578194318764428, 5370.912709609354, 568.7232715616165, 1.7935317573064915, 0.06457831056204605, 0.09911627785973667, 642.6157244597579, 0.5581891033478353, 5340.3408718780765, 569.1872429211724, 1.6462535643605933, 0.06457006781488688, 0.09911008996261571, 644.0041048725428, 0.558467414900941, 5377.64186719719, 569.4980619063584, 1.4623668267243584, 0.06425944227924121, 0.09915223379810902, 645.4733345220693, 0.5580776052047569, 5351.045855118033, 570.1533409942302, 1.281068450751186, 0.06394856366279264, 0.09918559135338714, 647.3034688158567, 0.5587336343479993, 5385.153592582527, 570.8560780608137, 1.0745667817533389, 0.06333619957337315, 0.09920352603642303, 668.0284821220023], "obs_std": [11674.5355648204, 564.2452298029057, 21.331786779521398, 3.414713795000477, 0.11904697090603539, 534.425464444719, 0.8114664645913232, 11813.071617919208, 564.3436732875433, 20.762785627509576, 3.0115713725392035, 0.11862018696646397, 534.0564958951543, 0.811072904927343, 11726.554178826027, 564.4166245235734, 20.119070509736137, 3.011570852367962, 0.11834746963112848, 533.6148723953033, 0.8062040287675278, 11576.937041677127, 564.3785799655469, 19.372670782877904, 3.0115700807820676, 0.11737092333742788, 533.4276382427528, 0.8045810667365476, 11754.985010997481, 564.1622314617634, 18.376207397317984, 2.7882246379930913, 0.11695518572507382, 533.6283575727188, 0.8061379475972789, 11523.946717827966, 564.239611149742, 16.96775309945052, 2.788224154503852, 0.11592629750386797, 533.4301499941823, 0.802521945413597, 11763.564848323917, 564.179006809312, 15.1153360600377, 2.545356394839757, 0.11627510811696343, 533.3759457926928, 0.7959838770600514, 11684.250092539192, 564.5052028881204, 12.863560168980653, 2.2767264207587883, 0.11555540244304362, 533.4547718476387, 0.7922509325406665, 11836.332097714427, 565.0363895700184, 9.853222042122562, 1.6102107567840198, 0.11265527231672375, 542.4467371272989]}