{"obs_size": 14276570, "obs_mean": [5305.049714160272, 562.2587432415488, 2.632070028024939, 0.0645480283030942, 0.10131029682886039, 625.6856113989148, 0.5518819606530222, 5306.055935075411, 562.5964437536467, 2.510456783387046, 0.06453838950147725, 0.1012592206299555, 626.9795753455215, 0.5520539977039458, 5307.860245811645, 562.9892081221191, 2.369770680212404, 0.06452826402792168, 0.1012690415753924, 628.3359027968177, 0.5527101215488247, 5309.051223394829, 563.3727652370283, 2.186695613862433, 0.06451776300050403, 0.10134066842995189, 629.9217957005056, 0.5524152138083699, 5308.119873235151, 563.7788424670631, 2.01049222607391, 0.06450705629041892, 0.1012865377386872, 631.5355857229035, 0.5531728359122824, 5313.5967192431535, 564.3142960108765, 1.8036706295699878, 0.06449569369394091, 0.10134853168373102, 633.4509022304356, 0.553392903267401, 5314.8499790996, 564.8206543308371, 1.5907153468935467, 0.06418369772397069, 0.10128542407945332, 635.6461053201115, 0.5545687401105595, 5319.117778680739, 565.2483331080224, 1.3656364238749223, 0.06387136207339035, 0.10131797710689702, 638.310645326201, 0.5568561715454222, 5319.6807090550865, 565.6390263207479, 1.108519203141931, 0.06385886503922886, 0.10141415907840691, 648.6948255751897], "obs_std": [11119.941417841883, 555.2872384889141, 24.50545852776291, 2.5421433774495923, 0.12887029796464253, 526.0119700419613, 0.8041105791245077, 11120.61647117213, 555.2094900366851, 23.753756515405506, 2.5421424264818193, 0.12689495095967424, 525.959816143875, 0.8014028907809662, 11121.324420402554, 555.2532446456553, 22.69899707032282, 2.5421415360342845, 0.1269896658118725, 525.7334322530214, 0.8026064915857917, 11120.509356133693, 555.2622592016944, 21.42973396125643, 2.5421405815717772, 0.1274064852879341, 525.5607056724796, 0.7969836965751075, 11117.469543270989, 555.1733849967248, 19.94373467290511, 2.5421396513690357, 0.1257200422177143, 525.2753189522027, 0.799242554588728, 11127.120123630075, 555.1935280295804, 18.18652696458241, 2.542138628203314, 0.12458341068686234, 525.2192232032835, 0.7971770864684338, 11124.761718112468, 555.1496512125043, 16.139184105278797, 2.273852676197078, 0.12165596728206433, 525.118936135492, 0.7951991145113615, 11133.399803532902, 555.0017699110281, 13.702773679113545, 1.96935085750094, 0.120901926058495, 525.386339731484, 0.7985641419286288, 11127.293776223045, 554.7990104030646, 10.357929263916375, 1.9693493760752185, 0.12000674834827586, 527.4139784360241]}