{"obs_size": 14264008, "obs_mean": [5369.96698160238, 565.5509658295201, 2.5071364233671214, 0.06471435958835185, 0.09947476803244956, 632.2255711621389, 0.5549522247884685, 5414.977086152615, 565.8365652206588, 2.4095981998888396, 0.06470736102238084, 0.09950935036625118, 633.4421082640591, 0.5555316996457443, 5373.534756937223, 566.2484311562359, 2.287410382832091, 0.06469973707418906, 0.09948069247037794, 634.613663171949, 0.5554078951722802, 5449.649602830072, 566.713987611336, 2.139774038264701, 0.06469168695188122, 0.09946721999763294, 636.0158812025721, 0.556081680548724, 5371.18898880686, 567.1283267648196, 1.955718126349901, 0.06438155574254652, 0.0995174312576106, 637.513632426218, 0.5555235379845938, 5418.189099706352, 567.6173883946223, 1.7777978671913253, 0.0637702361912677, 0.09949458417402869, 639.2692058028347, 0.5562013014855662, 5439.464583313067, 568.0903854652914, 1.5696335139464308, 0.06376153228062766, 0.0995303921010845, 641.1801349610878, 0.5560948458526217, 5373.185125191757, 568.8013331175921, 1.3495565902655131, 0.06345077447083106, 0.0994455399394051, 643.7676014988197, 0.5575257215924501, 5441.463750752697, 569.3120513533082, 1.1214939728020343, 0.06313963046334019, 0.09950945567781619, 661.3770394466932], "obs_std": [12071.199377085815, 561.3353734781806, 23.750706561484947, 2.7859110497997555, 0.11874791027760011, 528.6591637478735, 0.8132045313561348, 12413.835182595483, 561.4002843172669, 23.134129266364692, 2.785910621998654, 0.11816194185246955, 528.6316591310625, 0.8150613139355268, 12097.224031221098, 561.5058554169918, 22.306550739468094, 2.7859102966520832, 0.11796957451392276, 528.5395513923895, 0.8138442949653566, 12791.220855527617, 561.4887671283695, 21.14262244073194, 2.7859098533078566, 0.11707682493171559, 528.744822260066, 0.8103170054782995, 11970.08465486489, 561.4904697073682, 19.65268162510148, 2.543244415246041, 0.11769047147760325, 528.4327986644524, 0.8043584185715298, 12417.091226940325, 561.4922956269378, 17.985877676022426, 1.9702011402008524, 0.11651933104434592, 528.1987036256296, 0.8013813063526153, 12580.963649669453, 561.4739327518191, 16.027292257852107, 1.9702008101677284, 0.11560543361018757, 528.1894583272558, 0.7976862934011871, 11969.050105939059, 561.6661836557277, 13.589943934439686, 1.6088789258811478, 0.11381168431303076, 528.5182495057696, 0.7965357720559015, 12475.456534697581, 561.7116850760666, 10.373905878227129, 1.138107808755263, 0.11225879006879295, 536.8603870919885]}