{"obs_size": 14276570, "obs_mean": [5242.653157676089, 567.535539769006, 2.691905969010764, 0.06914371693579706, 0.10047471064471374, 630.5689726748625, 0.5534425599426397, 5249.432289525071, 567.9593456271359, 2.569835121461248, 0.06883526636251541, 0.10047858471859877, 632.0014835039494, 0.5537219795091068, 5245.324022220864, 568.3693776586393, 2.421929987384925, 0.06852594407396853, 0.10046290881192124, 633.2766812119905, 0.5541471009493409, 5253.059980963213, 568.767623525819, 2.2342793822325673, 0.0679153259370491, 0.10055817180520242, 634.7308504269574, 0.5535467586402253, 5246.815076578625, 569.1460582618934, 2.048153302929205, 0.06700330862462753, 0.10047653042957853, 636.2779367591833, 0.5542304412054349, 5253.107442585239, 569.6307926203563, 1.8372164322382758, 0.06669271252290301, 0.10051703026665434, 638.3204235215683, 0.5547461702636166, 5257.859722096363, 570.1983498137157, 1.6157824323349377, 0.06608084206900564, 0.10051639738235435, 640.7332483287854, 0.5558976919526438, 5258.95582095172, 570.5684331740747, 1.3838358933553367, 0.06546892540414821, 0.10056065718355436, 643.7895788346485, 0.5586459546656075, 5265.869893071315, 570.957130038938, 1.1236727028971243, 0.06545701004821897, 0.10074523053366513, 659.1039231861195], "obs_std": [11093.988469793256, 564.9381118604069, 25.08832872473755, 4.954925374859328, 0.12478152736196392, 532.3135236914246, 0.8205264645585105, 11099.645554953095, 565.0044538678266, 24.32099906669399, 4.822781919403845, 0.1234469841521036, 532.6360063022413, 0.8178510693841876, 11087.46924175544, 565.1274917142938, 23.248634888833404, 4.686914327508928, 0.12272858094356477, 532.3971925574835, 0.8221251126954602, 11112.765343187604, 565.2217340274418, 21.937008312454356, 4.402618189595737, 0.1241286019137465, 532.182932736358, 0.8082000635185234, 11076.297721355617, 565.1221531518751, 20.389423532212973, 3.9378760482382043, 0.12156731198757136, 531.820027380901, 0.8095525588001622, 11111.848441066903, 565.0990930087831, 18.577811380320263, 3.7702526594205126, 0.12035854460066564, 532.022627912285, 0.8125657058192646, 11110.224337606822, 565.1649233389468, 16.460569962537967, 3.410378957889431, 0.11859680544189818, 532.353285156373, 0.8121529474985792, 11130.662408816288, 564.9490442293734, 13.969467265335494, 3.0077507109621027, 0.11759783550927609, 533.1445384243292, 0.8150604797261989, 11137.399973042851, 564.8591591185642, 10.570963358071081, 3.0077499079467196, 0.11803808675489465, 540.9745320751149]}