{"obs_size": 14276570, "obs_mean": [5201.38847091767, 565.5655318469351, 2.6310982259744464, 0.06448269100905234, 0.09980703900733905, 628.0769083083725, 0.543380877689832, 5203.787299720838, 565.9315501552544, 2.5093324236844006, 0.064474799804092, 0.09977281793743237, 629.3747544217283, 0.5436561389745832, 5204.390115819395, 566.3282349331809, 2.3620927855920573, 0.06446650712783997, 0.09978187776643867, 630.7638682307197, 0.544086657439454, 5208.164984621136, 566.7208824668671, 2.181495765439458, 0.06445758196108071, 0.09979505609400575, 632.4299077211116, 0.5440643715542608, 5206.872154230519, 567.1257351030393, 1.998509726075661, 0.06444831926247738, 0.0997739093726298, 634.0783843366685, 0.5446850078135251, 5211.139382251468, 567.685084722731, 1.7928709767121935, 0.06443885077704985, 0.09982050320497206, 636.0750425396741, 0.5451515859201771, 5213.674987168208, 568.213588978305, 1.574769570001758, 0.06412819500300902, 0.09978527296451499, 638.2920846476857, 0.5458922802886396, 5218.251550960076, 568.6472245084078, 1.3448428439043831, 0.06381767509976853, 0.09979150391473668, 640.9757629953154, 0.5474364424368381, 5220.837505550981, 569.0880919576621, 1.0888083061967964, 0.06380637851508479, 0.09985135639274738, 650.3959395036729], "obs_std": [10852.87323722811, 555.8781041912747, 24.67856900884465, 2.5421218783711916, 0.12086357269669826, 525.6209253434248, 0.7772932383575348, 10856.066176333965, 555.8220794326313, 23.917094664019054, 2.542121298852676, 0.11954770093661689, 525.5103891545388, 0.7779252475811262, 10854.22028900058, 555.8651125432083, 22.85291093796115, 2.5421207929821907, 0.11933327996263846, 525.1956866691364, 0.7790620565117621, 10858.922129533004, 555.8777506717951, 21.571416423105084, 2.5421202145817055, 0.11926050218233318, 525.1029866151143, 0.7717046265032841, 10855.381376214054, 555.7877463460362, 20.07564688040625, 2.542119595461466, 0.11770033928611437, 524.8147683210382, 0.7726125133156018, 10862.448540778343, 555.8320037673797, 18.30161031563092, 2.542118990445683, 0.1165368772145657, 524.6980905781113, 0.7724750138973244, 10864.398251026192, 555.8007077645735, 16.233887203576433, 2.273831013233085, 0.11380022433765082, 524.4457023739872, 0.7690837832155955, 10873.392866579505, 555.6314016550365, 13.768887580673319, 1.969326354213703, 0.11308109447417915, 524.6604439837844, 0.7724180710091466, 10871.82659122746, 555.4292286379746, 10.369228010532886, 1.9693252188275283, 0.11208567621064403, 524.8539333571648]}