{"obs_size": 14276570, "obs_mean": [5414.872216792211, 566.0854630348884, 2.657492100693654, 0.0656998244499969, 0.0998805526185915, 632.4716945009952, 0.5535045726669999, 5442.967825340309, 566.5552441517816, 2.5380982967197303, 0.06569284121648909, 0.09986974669735138, 633.784736482175, 0.5535977011985783, 5473.824577262761, 566.9813639410587, 2.3930320097894664, 0.06538329454610549, 0.09986677839383046, 635.0388776324644, 0.5539957178790581, 5441.741574057712, 567.4614395474543, 2.2083057765275553, 0.06507375388283684, 0.09993512445132152, 636.4724321528188, 0.5534805792988492, 5428.062177872652, 567.8875923978939, 2.030317156011563, 0.06476364030163365, 0.09986479216737672, 638.0861765312011, 0.5541229875243511, 5432.302220732059, 568.4050771298707, 1.8182338614947429, 0.06475451875514172, 0.09990097897709387, 640.0624342134912, 0.5545462246884674, 5449.598305745338, 568.971555422626, 1.6026020255565587, 0.06444378107998602, 0.09989048025744293, 642.3128037343201, 0.555510235721931, 5444.1557962847755, 569.4032028001122, 1.3744145127295981, 0.06413296642135258, 0.09993398140288708, 645.3132257268163, 0.5580689654448246, 5470.417046500042, 569.6979689799441, 1.1173318241006067, 0.06412145680195529, 0.100072052634912, 660.1326659722371], "obs_std": [12771.249611743104, 561.8391191196881, 24.795582820812513, 3.41037670309586, 0.12375240897838106, 533.4933131627197, 0.8171693327526695, 13108.696283527808, 561.9396671473885, 24.050486139644757, 3.4103765459459607, 0.12207379973384457, 533.3595352289042, 0.8141614701772186, 13485.061640590628, 562.0566023989704, 22.984188466494565, 3.2153700736009023, 0.12194547365297675, 533.150769305182, 0.8189540691733183, 13082.065831459144, 562.1891816959123, 21.687198179870816, 3.0077470327667064, 0.12287327015338727, 532.9104625268718, 0.8070937442541724, 12903.97004840781, 562.1263177417504, 20.20380142664432, 2.784686435787742, 0.12053012338599256, 532.7176161502796, 0.8092373368489589, 12870.246713788893, 562.1190130698692, 18.37164076717042, 2.7846860383077847, 0.11908412485279046, 532.7239053107161, 0.8102912588587827, 13076.087124653453, 562.1388384247922, 16.311839854581656, 2.5421279822231693, 0.11731510514491576, 532.7111766265135, 0.8051761554195648, 12969.201439137436, 562.0026002770674, 13.844807317722422, 2.273841120605603, 0.11647249315454043, 533.5339236714475, 0.811000955922855, 13183.647144137502, 561.6750287101621, 10.42577351311813, 2.2738402576965853, 0.11633269565010715, 540.3331172931507]}