{"obs_size": 14251917, "obs_mean": [5276.690660783972, 572.4849923697983, 2.3097127916195412, 0.06492603540450842, 0.09819207633885296, 632.3483764020439, 0.5329499167726406, 5277.856227127706, 572.7570215291038, 2.2220543383742686, 0.06491916397065142, 0.09815478780700196, 633.3007657431141, 0.5329089775782786, 5283.008279085334, 573.0978388381017, 2.1172595939198913, 0.06491200091062238, 0.0981677452505519, 634.450110443389, 0.5332707044954407, 5280.009329672419, 573.4464400824114, 1.9887380764285953, 0.06460290810430021, 0.09818639609176834, 635.6944206851103, 0.5335300652537184, 5284.905067696914, 573.86452285682, 1.8324406464056728, 0.0642937677788268, 0.09818635619138096, 637.0569508507047, 0.5337296170754104, 5284.381412815005, 574.2117978234086, 1.6457256943048433, 0.06428529376982156, 0.0981745588526791, 638.5803790056225, 0.5337486180280553, 5287.571907228975, 574.7435268532649, 1.4546831840235948, 0.06427628958463007, 0.09816738599431861, 640.2577092852292, 0.5340498492238274, 5292.889866793941, 575.231451600511, 1.2417968052999466, 0.06396614072381446, 0.09817008780832848, 642.2235904779197, 0.5343388814992717, 5293.004909214514, 575.7394159676904, 1.0134198788836617, 0.06335402243867407, 0.09816858051558902, 655.3712312893751], "obs_std": [10932.895143017453, 559.3876071018329, 22.85119725633816, 3.0103365583904633, 0.11260751332370862, 527.0756713950905, 0.7627127544171093, 10934.889478243042, 559.4222581708394, 22.263107356024424, 3.010335985591048, 0.11152611736186498, 527.0104100944844, 0.7591106633982568, 10945.104797615795, 559.3264229573733, 21.538875857423683, 3.010335531451329, 0.11061761834802186, 526.7180338363016, 0.7597001792616066, 10929.76089322889, 559.4694642918779, 20.606597759898932, 2.787081324435817, 0.10985106150698394, 526.6548503642176, 0.7584561961928017, 10945.385319051496, 559.4235950364969, 19.245029411038324, 2.5443122847673134, 0.10958593867233704, 526.5783337629563, 0.7585703932701755, 10940.942126757085, 559.2820732760536, 17.583333412590573, 2.5443118073045987, 0.10806834956281891, 526.3783119010898, 0.7575106128614448, 10945.900671088784, 559.3432963575588, 15.657364033792861, 2.544311373210571, 0.10545968852269358, 526.1422748875372, 0.751325489889025, 10956.44434980973, 559.2059846275167, 13.225281857459734, 2.275791047537988, 0.10480169282144425, 526.0383759865962, 0.7483157717894824, 10946.356362327466, 559.1734714955587, 9.970763371925026, 1.6095436640387482, 0.10453929565794681, 530.7602157876713]}