{"obs_size": 14289583, "obs_mean": [5304.721746421463, 565.6617712357316, 2.8598317389667702, 0.06921452341857028, 0.10030168442641016, 630.4440810155719, 0.5555217165539762, 5393.655910554878, 566.1529102003885, 2.71245885901639, 0.0689057150429865, 0.10028106973814373, 631.8619790574245, 0.5559112836253203, 5340.73061444425, 566.539884893772, 2.524929943721941, 0.06859600341802156, 0.10036069837930202, 633.1982181813133, 0.5555746691138995, 5377.785407423198, 567.0195143553175, 2.343334581561967, 0.06798564832802355, 0.10029688630074055, 634.6620184770444, 0.5560435145658618, 5355.843933082714, 567.4387017451804, 2.135492197358033, 0.06797607871665012, 0.10033904126733471, 636.8088306166846, 0.5562705120226834, 5332.147233709985, 567.89367198469, 1.914591769402928, 0.06796564972722477, 0.10032199264604158, 639.2413795860516, 0.5575222263659206, 5383.018472587273, 568.3467770193154, 1.6803353183924261, 0.06765542728518505, 0.10035563099783888, 642.2579841774284, 0.5603080930353632, 5323.925391892543, 568.8021264161451, 1.4189440657575523, 0.0670435282199005, 0.10051591035679691, 647.1264620046177, 0.5698961325184014, 5412.985027031011, 568.0714941086804, 1.1684104427679938, 0.06492839032399363, 0.10103227756345334, 656.9250993161489], "obs_std": [11933.225228129428, 563.1234478719164, 26.210750596155087, 5.081318080693706, 0.12385650331897229, 533.5840116095845, 0.8280159132797917, 12883.511960133043, 563.3019222630614, 25.205784101963868, 4.95266698865377, 0.1225575754687157, 533.513339557006, 0.8254645692594771, 12256.748061916458, 563.3620617514136, 23.982808384880943, 4.820583519469958, 0.12367623144247628, 533.4387427750485, 0.820661827824598, 12684.72534793585, 563.4380113510764, 22.660342547539162, 4.544915704213149, 0.1212980923206839, 532.9793709882318, 0.8162634831439565, 12424.906049249877, 563.2970249952608, 21.04935681883578, 4.544915421363614, 0.12070256374695845, 533.1167347196716, 0.8165208255610438, 12113.748621559518, 563.1597144146293, 19.227693653770025, 4.544914906133672, 0.11923374310230553, 533.515936707574, 0.8147872961972489, 12638.22845994669, 562.8969230585388, 17.068123603686285, 4.40061007554401, 0.117536077278401, 534.415961409331, 0.8209987632339373, 11960.726810342836, 562.7596997983225, 14.358713796148264, 4.096779686304238, 0.11837285026538039, 536.4844698465864, 0.843348155521475, 12868.69365369572, 561.7643366302814, 10.810523028479233, 2.7834193950897914, 0.12026316560992772, 540.8600502938051]}