{"obs_size": 14240282, "obs_mean": [5329.69566534308, 562.3469733253877, 2.1846935334567106, 0.06553317538277136, 0.10134550947853438, 627.3809512546198, 0.561443611720618, 5329.461064907249, 562.6340917967775, 2.085280193187186, 0.06552520628244035, 0.10150134487168219, 628.160240514994, 0.5602897590792137, 5333.358345983527, 562.9610388333604, 2.0033665063655337, 0.06551721897748389, 0.10138038966082279, 629.0776009464428, 0.5615355004205761, 5332.861517575868, 563.2553492971558, 1.9047494284172182, 0.06550847506230013, 0.10151207297032538, 630.2449952432083, 0.5614294984467303, 5335.823244421002, 563.5330713956366, 1.778239293294894, 0.06549950950031197, 0.10143675005635472, 631.410437576768, 0.5615466877692459, 5335.305289267485, 563.8340246351862, 1.6362732844756867, 0.06518879777676598, 0.10144482196714977, 632.7889514726307, 0.5622956791867026, 5334.426704285537, 564.1915924136897, 1.4448727209194312, 0.06517834049502116, 0.10151438226244455, 634.1836198547622, 0.5615943414603854, 5336.798083499187, 564.5928313076945, 1.2691686864066316, 0.06516800523691328, 0.10145140564287898, 635.9023854908214, 0.5628098667568584, 5339.189381948969, 565.0440980733387, 1.0571593315357097, 0.06425260476921155, 0.10154199820347624, 653.6283551012542], "obs_std": [11196.554950855814, 556.2464154397836, 21.333825038280217, 3.011590084676918, 0.12391395558007032, 525.6625002402591, 0.8303603189527966, 11193.923964222333, 556.2661732487921, 20.75154437506806, 3.011589385837451, 0.12600371307249725, 525.4741545355186, 0.829234359859534, 11201.376302693465, 556.2316745583262, 20.10251981806999, 3.0115887246612307, 0.12315874587464644, 525.2528638008638, 0.8234453576285767, 11198.928902516407, 556.2095479106346, 19.348001828059076, 3.0115881395794624, 0.12503024422773734, 525.2699848263018, 0.8216451438027907, 11203.699506380226, 556.093250285789, 18.33677896060765, 3.0115873917420317, 0.12241613000622831, 525.233951460025, 0.8248775281278068, 11198.033789000121, 555.9866091887623, 16.91907019994358, 2.7882436504636696, 0.1217582774642592, 525.1097738343509, 0.8181999357732196, 11197.733250836734, 555.9027499009854, 15.078480397323599, 2.7882428565687323, 0.12194173320468857, 524.7960988893408, 0.8159938950097972, 11196.273550409898, 555.7645876038285, 12.841169564683435, 2.788242110230273, 0.11954715487387352, 524.6373286770609, 0.8109887231217606, 11201.144188382155, 555.6803210554214, 9.857130886160865, 1.9718609574147759, 0.1188116549477693, 530.2165376924297]}