{"obs_size": 14276570, "obs_mean": [5332.976324615771, 568.8288368984986, 2.7021790247937707, 0.0667168831340506, 0.09893998206985317, 623.8152176437858, 0.5395271842606678, 5339.129608612036, 569.1827408824388, 2.5828002104146863, 0.06640888027566083, 0.09897444141653082, 625.0427717078605, 0.5396695393921894, 5332.942650764272, 569.6031747821781, 2.4339149389524235, 0.06640037471199961, 0.09896971079657176, 626.2196730215542, 0.5400738338410754, 5343.018749355714, 570.0000194024195, 2.246758990429774, 0.06609053316840757, 0.09903961715363009, 627.6841558888424, 0.5394858594186441, 5338.67176680212, 570.4173097599773, 2.0610676794215976, 0.0654794613173959, 0.09896313353746794, 629.1280347025966, 0.5400996351364736, 5340.818709759126, 570.926983091877, 1.8511048522159035, 0.06547026483294621, 0.09898875378462837, 630.8636958330079, 0.5404002518812606, 5346.68379747036, 571.4358996593719, 1.6235250483834702, 0.06515978906972036, 0.0989748073406293, 632.8586610503735, 0.5412632953153577, 5338.970120953198, 571.7775497896203, 1.3816285004031081, 0.06484911977156219, 0.0990057130681959, 635.4467370805015, 0.5433707990785217, 5353.23955027111, 572.1505632655462, 1.1090742384200125, 0.06453695319758834, 0.09911495908660185, 647.9149242702765], "obs_std": [11082.623812350863, 559.1681212703053, 25.27232916940637, 4.0986493128587975, 0.12241317371338158, 525.9582534450286, 0.811253644702381, 11085.130731259487, 559.1649107011841, 24.540648511174876, 3.937875821944554, 0.12087398969312398, 525.8654896489679, 0.8070628164561685, 11080.857384410709, 559.2836027442869, 23.470075090865635, 3.9378755130089433, 0.12041011016308398, 525.5241822916472, 0.813324293092473, 11090.53932311093, 559.3775505374224, 22.17320015641617, 3.7702521517895238, 0.12190193831807747, 525.4190211556936, 0.7984567893409049, 11080.143904209466, 559.3644675485568, 20.668479008154254, 3.410378064308144, 0.12071704415615642, 525.1187960149315, 0.8010721287199376, 11091.963085681595, 559.371687583369, 18.933346442741428, 3.4103777046996075, 0.11795350356962321, 525.0142787759485, 0.8012809249426895, 11089.953913164343, 559.3675254791258, 16.794819697471034, 3.215371669790827, 0.11584441241709195, 524.924412433569, 0.800843471048421, 11095.102817977751, 559.1240881580808, 14.273710884420147, 3.007748992584829, 0.11551165086825138, 525.3458813503926, 0.8039694532297376, 11098.823660276143, 558.9516895032539, 10.764484324469713, 2.7846884082938823, 0.1151454614500957, 529.798391562138]}