{"obs_size": 14276570, "obs_mean": [5282.324168675974, 561.411718220833, 2.6543777672087905, 0.06966528672826165, 0.10258408030808543, 620.2235847613755, 0.5653507256294901, 5281.41188486699, 561.7819266112239, 2.531950671624907, 0.06905530053816133, 0.102535052594076, 621.4154032601151, 0.5651196858909578, 5283.437447617999, 562.1270009533102, 2.3972071022661607, 0.06874558669478033, 0.10251890283135345, 622.6249404754763, 0.5662380345559371, 5282.667650099971, 562.4993994355788, 2.206795749959549, 0.06843521271468561, 0.10269530384560155, 624.0682220797631, 0.5651541838130795, 5281.075598732336, 562.8384732467251, 2.038826692966168, 0.06782359169633183, 0.10255841004162795, 625.516759668558, 0.5666292877070774, 5282.404747648943, 563.3251501586165, 1.8283848991739613, 0.06721128860553338, 0.10269272614339492, 627.3595008690428, 0.566226830534246, 5281.898183708226, 563.8101880913972, 1.6168506160793523, 0.06659863016628656, 0.10262545299809489, 629.4956247020066, 0.5678044298455611, 5287.517104431716, 564.1744409896775, 1.3962981304332904, 0.06628675492608489, 0.10266171357819241, 632.2992121480163, 0.571938993399701, 5286.39541863467, 564.4654087781589, 1.1347465112418458, 0.06567225693476089, 0.10295226020269604, 648.659676098621], "obs_std": [11138.90642080373, 558.1907093127331, 24.51785342098663, 4.954934151887069, 0.13425051296610216, 525.8128444459454, 0.8696102809580247, 11140.950240973114, 558.153593818266, 23.771382861411425, 4.686923848088441, 0.13148371760378225, 525.7340752572911, 0.8647184148881109, 11139.200516853147, 558.1689318071601, 22.72344155411053, 4.546998509002407, 0.1311725684794939, 525.456464101242, 0.8662953713386352, 11135.607483208672, 558.1828577920477, 21.452487964932278, 4.402628201494772, 0.13321119142275734, 525.242630720823, 0.8589874405394443, 11129.18970315615, 558.0533671405649, 19.97479949902736, 4.098660315566229, 0.13033341215625105, 524.9196980066416, 0.8652469096645746, 11123.285698173893, 558.055544564865, 18.228083246920438, 3.770264715441267, 0.13049595125506097, 524.9466004029384, 0.8608155701287669, 11118.411604500738, 558.0110792788776, 16.185673505385136, 3.410392404644137, 0.127371685297369, 524.811533083458, 0.8635680676470276, 11128.445101234694, 557.8257091507751, 13.779978260578265, 3.215387244468536, 0.12632920576494783, 525.3089789973013, 0.8740662434048327, 11117.875429321479, 557.568756309121, 10.436974670585611, 2.784706452423916, 0.12744818179080455, 531.757097898336]}