{"obs_size": 14251917, "obs_mean": [5223.027680234058, 561.8790619535603, 2.3568804112457293, 0.06506595865139544, 0.10024757598286625, 630.6161766076345, 0.5582396293776117, 5223.821223004817, 562.225371015001, 2.274906035447722, 0.06505884465325744, 0.10018899289506193, 631.6085892831559, 0.5585452358444455, 5231.0629794557235, 562.4967000579642, 2.172911195034324, 0.06505165775994332, 0.10019272597503978, 632.683451652809, 0.5590140765625017, 5223.019391682272, 562.9040148072712, 2.047379450778446, 0.0650437377832131, 0.10022384316945017, 633.9271959541517, 0.5591778391636978, 5233.555389155145, 563.2897114121562, 1.901031699805717, 0.06503519572637959, 0.1002086470487444, 635.2632046725589, 0.5597703994487477, 5228.098846939977, 563.656648435435, 1.712037475379628, 0.06472477651309058, 0.10024683672505219, 636.6954731895127, 0.5592709617941513, 5237.742725814247, 564.1855711761444, 1.5342003465218048, 0.06441406082838634, 0.10025360314643993, 638.2889476934619, 0.5597988817925633, 5238.720948491188, 564.7061165175184, 1.3224963350544352, 0.06410396799434948, 0.1002439300317293, 640.1853984994867, 0.5595290888236572, 5234.481281206063, 565.2534125760063, 1.1033127683805624, 0.06409388109102256, 0.100147572129349, 660.1642140766957], "obs_std": [10959.637520866978, 559.7581996556793, 22.668501746114718, 2.787101959170225, 0.12360662186702549, 526.5624718576903, 0.8119114760665109, 10959.52099448268, 559.928257717415, 22.097762761665834, 2.7871015241408843, 0.12203345433191896, 526.6199948941367, 0.8096119660823003, 10972.382254932672, 559.774875563395, 21.383306363122976, 2.787101091584689, 0.1214140133511936, 526.2515763308792, 0.8111274060009868, 10948.331105939167, 559.9814638882884, 20.472160064892105, 2.787100752014732, 0.120983340289501, 526.2043384226348, 0.8088730972292562, 10971.702729395085, 559.9349404951377, 19.13223435401211, 2.7871002389157207, 0.12061698319891515, 526.1332494256676, 0.8104774835621722, 10956.963326045841, 559.8201190157516, 17.466000601376628, 2.544332791310076, 0.12017443695018354, 525.9750019322279, 0.8057642826306227, 10980.416740083725, 559.8620418245214, 15.571554033493461, 2.2758143915396416, 0.11832318543818024, 525.6291599375938, 0.7966208345264717, 10978.040823967236, 559.7815742397818, 13.181202944840393, 1.971049565484981, 0.1163696010382109, 525.552552928588, 0.7932207942819243, 10960.544167854181, 559.783433809827, 10.014067021919654, 1.9710487362939473, 0.11493563313266708, 535.0547744309418]}