{"obs_size": 14276570, "obs_mean": [5255.111897290111, 560.5575665583539, 2.7146243810663204, 0.06617132195934315, 0.10014849211883568, 626.1811990771862, 0.5609287634214729, 5290.720830837863, 560.9454340223177, 2.5896572496054726, 0.06586271639112888, 0.10017532527049579, 627.4328954641943, 0.5609730317576422, 5227.941685355076, 561.4060075354234, 2.449117049823592, 0.06555315030999043, 0.10015488016498479, 628.8054888143265, 0.5616345276911895, 5290.781879432336, 561.8167851241581, 2.260837652181161, 0.06554460089510994, 0.10018648102408335, 630.4191061150761, 0.5612473124146818, 5236.864483298257, 562.2916390281418, 2.081538843013413, 0.06523450222035831, 0.10017408723012655, 632.0609972307082, 0.5619494898284472, 5304.289402636992, 562.8532059171075, 1.8729419601486912, 0.06522507427078778, 0.10016891521289865, 634.0784380145426, 0.5620972021290962, 5304.594463255912, 563.4510280830759, 1.6539259079736939, 0.06461380422875417, 0.10013444044991207, 636.4347461276715, 0.5633338163158375, 5254.461544537101, 563.9555190077168, 1.4273456439466903, 0.06400187965898664, 0.10015528519287281, 639.4940692507622, 0.5666251858815003, 5304.161072583449, 564.4042715442155, 1.1668891757614048, 0.06399041121670682, 0.10032818075693305, 655.9444845534507], "obs_std": [11499.379158554493, 558.9078178693338, 25.059318870755376, 3.5948163761659595, 0.12279795024488871, 526.5629133005685, 0.8224076209929806, 12013.36936329203, 558.8974696575957, 24.29011824756607, 3.410372782816524, 0.12249549956373701, 526.3839571414541, 0.8191954487340912, 11114.235884054662, 559.013790476856, 23.233320548585922, 3.2153661843375754, 0.12173477891842552, 526.175672629091, 0.823673123400562, 11993.030031048871, 559.1141853464552, 21.92056802785532, 3.21536599879621, 0.12144005462705261, 526.0516842236877, 0.8125469790552907, 11195.956062743633, 559.0953187499626, 20.380243837985812, 3.0077426492299812, 0.1202620727392733, 525.7722281011933, 0.8147353770332083, 12167.404351131254, 559.1397268595737, 18.608883699455586, 3.007742224774842, 0.11903417693194679, 525.8615855114595, 0.8129246208305567, 12098.637734824179, 559.173766519392, 16.480532608734713, 2.542123601474992, 0.1160641281677515, 525.9039353335254, 0.8120001244866821, 11321.16756621454, 559.1197254133632, 13.994047563750573, 1.969332419676987, 0.1147047252823808, 526.5021861631924, 0.8191251792024895, 12029.621722875898, 558.9435950148198, 10.608772257277563, 1.9693313741035858, 0.11503161184393608, 533.4426468850568]}