{"obs_size": 14289583, "obs_mean": [5212.805175144096, 565.7662709261705, 2.8053895624525924, 0.06783193579204534, 0.09977876041092291, 633.5143511727883, 0.557707076056794, 5229.011683505148, 566.1908103266553, 2.6625142945039055, 0.06782358711000197, 0.0997672325920215, 634.847755925, 0.5580397066870983, 5218.360216184893, 566.6349692639736, 2.4838575765297, 0.06751448628760556, 0.09980785173619162, 636.2459414741486, 0.5576701791088633, 5227.825027109887, 567.1480796885395, 2.3052916939563595, 0.06720514628818065, 0.09978470433328954, 637.7948331120133, 0.558129414553308, 5226.669082779724, 567.6037284642946, 2.1039180779453113, 0.0671960716570317, 0.09979731317100045, 640.0933355680614, 0.5581964120297228, 5229.1258715994745, 568.2824423917759, 1.8921880365578199, 0.06658519984565696, 0.09974610550685775, 642.506016997281, 0.5600235313375429, 5236.422462106363, 568.821612499119, 1.670852396462514, 0.06567370514017898, 0.09978152563276281, 645.7076219546303, 0.5634092172599384, 5227.037309617188, 569.4038685383609, 1.4207177354300682, 0.06536262020830917, 0.09991794749804837, 651.7338645837309, 0.5744166898362894, 5241.813197281932, 568.8615064554368, 1.186251411255318, 0.06414933853850778, 0.10043326633100519, 663.0524575597958], "obs_std": [10908.303756490148, 568.9759219657747, 25.51314512559693, 4.544912645352447, 0.12171967569903525, 535.4502664160538, 0.8216574403648114, 10937.987290113682, 569.0509847707264, 24.52725022071242, 4.54491230951541, 0.12035690697854215, 535.1632746093203, 0.8187434321169851, 10920.580484286575, 569.2141228120696, 23.345635347636865, 4.400607139771747, 0.12147525048797532, 535.0994934024328, 0.8135224076061096, 10926.167052425399, 569.5079482132708, 22.021709517693562, 4.251406638555855, 0.1196842119622558, 534.7134826379579, 0.8120040473671237, 10922.679102586415, 569.5259484645162, 20.44570894617757, 4.25140643045876, 0.11885788680577661, 535.179711585543, 0.8121654093931295, 10928.670626307412, 569.8758821777992, 18.666563630039846, 3.9360753428984285, 0.1169939555407892, 535.2636169455992, 0.8093201683581374, 10935.944298561311, 569.8300600223979, 16.5762676080927, 3.4088179170391766, 0.11511155623818972, 536.1986870753476, 0.8184271232453836, 10924.543487766443, 569.9110810958548, 13.980600329093722, 3.2139003733143863, 0.11487075311481475, 539.5324182310637, 0.8472067089111437, 10947.679115497622, 569.1916613271246, 10.662284023703371, 2.2728001276957372, 0.11795268091831633, 546.1943567473655]}