{"obs_size": 14289583, "obs_mean": [5221.565583736703, 562.295496026721, 2.8314394478831186, 0.07308766769681879, 0.10010849535210335, 630.1069913678646, 0.5594653891580101, 5218.812008759704, 562.7122448569702, 2.6878003367907937, 0.07247825357843637, 0.10010206684925582, 631.5495446847766, 0.560033287115563, 5220.63190733469, 563.029857974162, 2.5073425865541354, 0.07186874909170624, 0.1001651594210276, 632.9234929608032, 0.5595974084758764, 5225.64504697704, 563.516662102736, 2.329043751661612, 0.07065756180107641, 0.10014873921765201, 634.4229414092729, 0.5598687787460812, 5215.56201156101, 563.9608033348488, 2.1261459484157093, 0.06974662076115948, 0.10014870853971063, 636.6644715838117, 0.5599949463886214, 5227.237104257414, 564.4580258920082, 1.9134947464877037, 0.06883493320442673, 0.1000676146126869, 639.3071147981054, 0.5617171940567283, 5221.868362514977, 564.9724933190842, 1.687718319002031, 0.06732196873324578, 0.10012027209576312, 642.7628318713944, 0.5652290206089872, 5233.594349593181, 565.4305902418565, 1.4363329566720036, 0.06640932476091951, 0.10029599561967635, 648.7379431007876, 0.5766776337000806, 5231.278428980152, 564.8385204102877, 1.2053773717539553, 0.06519510803045186, 0.10082257418232583, 660.2992020510787], "obs_std": [11314.789380502907, 563.4440024704494, 25.678472098691095, 6.526959188033169, 0.12356790972997993, 531.3401528704442, 0.8327533729909342, 11237.76317390744, 563.410730159233, 24.685531357410397, 6.326091680531242, 0.12218704608939589, 531.2019934944179, 0.829538786391072, 11226.563176588681, 563.2992289612876, 23.515211225539385, 6.1186335365491935, 0.12344926600397102, 531.1431071334767, 0.8224899387311831, 11288.143817657397, 563.3574123745104, 22.18143422121923, 5.681034723177212, 0.12189215781575272, 530.7560172221597, 0.817525160302811, 11154.962633645393, 563.2873394184392, 20.615720570489803, 5.329306983314112, 0.12010694580381921, 531.1141586521125, 0.8159135587139412, 11235.909479714228, 563.2428844624344, 18.82994643637825, 4.952662653009253, 0.11785025710447818, 531.5651125889863, 0.8172203936200371, 11147.427958047236, 563.151297786877, 16.656594884390266, 4.25140661304308, 0.1162280845559814, 532.8807704923075, 0.8207757622141112, 11287.863828563773, 563.0495292951746, 14.049510041607183, 3.7685289204288637, 0.1161997837019721, 536.2606931780444, 0.8499766626589613, 11238.330140823946, 562.4139430729724, 10.741001367363758, 3.0063725264443772, 0.11962764449472206, 543.0794869439827]}