{"obs_size": 14289583, "obs_mean": [5164.818440574762, 558.8197984503817, 2.8114094722008334, 0.06519506482758179, 0.10142968150015245, 621.232113380871, 0.5554898079950968, 5168.185991826619, 559.2063539572847, 2.6674183564348937, 0.06518517458844748, 0.1014005376047004, 622.7117365089892, 0.5563069645909231, 5171.643745870447, 559.5591802084077, 2.4837339899981687, 0.06517491739871689, 0.10150620154569986, 624.1651618583028, 0.5560655128284814, 5171.033672278093, 560.0325279611028, 2.3075223398751383, 0.06516450471557558, 0.10144489133734669, 625.6950241390487, 0.5568222383396381, 5172.970566266814, 560.4787855600824, 2.1004245540265236, 0.06515365984487514, 0.10153792245568005, 627.8496021839611, 0.556655469932187, 5176.777215929251, 560.987346656652, 1.887067803168224, 0.06514255230828717, 0.10146144405711453, 630.1040534629592, 0.5579886653095555, 5179.080735186734, 561.5046962532076, 1.6590461737056987, 0.06483111771191095, 0.10148419703653996, 632.8549974011603, 0.560527655215702, 5185.123006863768, 562.0290114834, 1.4029537460960197, 0.06451887143075609, 0.10159682793899576, 637.141359666407, 0.567782830611648, 5187.6493041631475, 562.0121728534696, 1.1672219546224685, 0.0636053642542341, 0.10195798520418747, 644.7719927817374], "obs_std": [10840.971323594227, 554.5647721309736, 25.587674442147854, 3.0063805186129167, 0.12641394329948993, 525.5874173248737, 0.8138327436536066, 10845.506592298902, 554.4862677472981, 24.586922308942885, 3.006379749794407, 0.1247087891179362, 525.5332114247115, 0.8130584486833349, 10853.236255422134, 554.4425655921822, 23.409664542523124, 3.0063789888160386, 0.1262520801904185, 525.436890452366, 0.8102010518671953, 10847.608453068944, 554.457051331996, 22.096646448884286, 3.0063782468820577, 0.12445347388443782, 524.9785994727454, 0.8106131212767097, 10849.218124751023, 554.3844528808569, 20.51439681485321, 3.006377517562309, 0.12461206382597917, 525.1307878393145, 0.8053053723886303, 10858.256587022343, 554.3431465965983, 18.728597732032252, 3.0063767857044557, 0.12191970606868208, 525.1062540404213, 0.8066637120654498, 10851.722376392629, 554.2294588650133, 16.62442343580726, 2.7834180389199163, 0.1206574852392565, 525.2935757286012, 0.8110792654445987, 10865.765987140263, 554.2103511012949, 14.019926950197622, 2.5409702894629596, 0.12014240782789497, 526.0412203450244, 0.8275968550057785, 10871.17213221247, 553.8602472901206, 10.695636498643855, 1.6074439878413156, 0.12095449208626495, 527.0702558760279]}