{"obs_size": 14251917, "obs_mean": [5426.04616290981, 568.1750984797343, 2.3489997871865236, 0.06445838195515129, 0.0990794079425948, 631.8091714407278, 0.5533657757760374, 5340.872667885449, 568.5510657969731, 2.264781643058965, 0.06445196691589718, 0.09906085855257205, 632.8957255416668, 0.5537670179387565, 5421.899582012321, 568.8370958096375, 2.1654879831253577, 0.06444470182524302, 0.09907053764711139, 634.0568972170815, 0.5542504896008518, 5389.111143906908, 569.294585142476, 2.0386643424881017, 0.06413552179079574, 0.09910671959498567, 635.2467097857757, 0.554402230100043, 5379.683413102332, 569.8026999455583, 1.892320450645341, 0.0641273542632273, 0.09907452782611613, 636.5361742044948, 0.554929288670479, 5424.124200566226, 570.1388611791663, 1.707108875248151, 0.06411877244030484, 0.09911637421428983, 638.0200866138, 0.5547182143286887, 5366.325763164432, 570.7383104322038, 1.52492945335003, 0.0638081422968652, 0.09910643382542814, 639.5499919247741, 0.5553549911917625, 5439.8629671517465, 571.2955896389236, 1.3184982764073072, 0.06349769914146455, 0.09912314306931591, 641.5686852401188, 0.5554389014474801, 5409.560257325366, 572.0303203421687, 1.0979775562824285, 0.06348762941638812, 0.09908650642401225, 661.4079242499105], "obs_std": [12594.453283509874, 566.0212516287294, 22.67855646077972, 2.5443254820071735, 0.11959742842689058, 527.2748661265526, 0.8031335899345071, 11372.125597803024, 566.1833691174479, 22.104871170762323, 2.5443251672962335, 0.11888667163744486, 527.25367815053, 0.8009076613166398, 12510.698378008728, 566.0161873666373, 21.37540832868051, 2.544324636587049, 0.11767842958191042, 526.9837298964954, 0.801550740924089, 11960.002503041429, 566.3015433669135, 20.4575572662579, 2.275805415688707, 0.11730333225772076, 526.8372871665017, 0.7991578421652139, 12027.080621784133, 566.382859642555, 19.10754595712214, 2.275804871374491, 0.11648382608274856, 526.6734630443759, 0.7991242474614845, 12378.559668850543, 566.302077147967, 17.471394498969996, 2.275804450868636, 0.11623866509815346, 526.4729492896637, 0.7966653311860166, 11606.849437205092, 566.4426342481373, 15.555179413338811, 1.9710371122241324, 0.11354617004740869, 526.0783318008538, 0.7912168076482741, 12526.060219067896, 566.4949532995611, 13.185094332609063, 1.60956243066607, 0.11245957464883884, 526.0671413955288, 0.7916523138297598, 12087.854817337615, 566.8790829433234, 10.042949007988742, 1.60956142793739, 0.11253300926793995, 534.2439560942962]}