{"obs_size": 14240282, "obs_mean": [5364.402779862303, 564.8299053347398, 2.204807531199171, 0.06496330206172318, 0.09977045702957327, 632.3120878244357, 0.5544330744995305, 5384.992183760556, 565.2155625148434, 2.1184440729474323, 0.0646550900627613, 0.09986061577692229, 633.3035937458264, 0.553845638099039, 5401.34494995683, 565.5511249706994, 2.0286086328908373, 0.06464804700729371, 0.09975459683080706, 634.4032956799681, 0.5547552551276912, 5405.110186413321, 565.9445726566371, 1.9303906341180603, 0.06464080753247148, 0.09981127657998651, 635.5570269841047, 0.5548497289590357, 5403.098786407325, 566.2772358019314, 1.8039267059458512, 0.06463313390185094, 0.099817542093198, 636.7293541641892, 0.5550599964944679, 5387.945234160616, 566.6491918488691, 1.6520242365986852, 0.06462450315078852, 0.09981819268881136, 638.1152344745178, 0.5553040120975324, 5388.9452637534905, 567.0654690686604, 1.4631744652247758, 0.06431315006620768, 0.09987991783835486, 639.3608903500132, 0.5546600943717503, 5395.123900402153, 567.5410748888258, 1.2752748154846933, 0.06400131731682822, 0.09982448911917563, 641.0193551415157, 0.5552673967411791, 5398.885827040154, 568.0121923147309, 1.0625004476737188, 0.06338919970763995, 0.09984681656669467, 660.0351890721444], "obs_std": [11729.31106909144, 561.3069927223245, 21.72573299183053, 3.0115764664487363, 0.12321101862044384, 528.5454742014857, 0.8235037652075489, 11891.980787445604, 561.3880587312659, 21.161492352170207, 2.7882319768890484, 0.12392037014474908, 528.5385332086553, 0.8171390175906712, 12033.336610399305, 561.3785243523198, 20.491416229618828, 2.788231462925262, 0.12088037225342972, 528.4964083149791, 0.8198458460869479, 12100.585123854486, 561.4390251123959, 19.730987321855103, 2.7882312078200413, 0.12175998259450428, 528.4110665264063, 0.8173482139531706, 12016.964038888502, 561.375232065413, 18.701259310716928, 2.788230878618175, 0.1214842740460044, 528.4012969789453, 0.8168344080127966, 11873.819852834598, 561.3407884203397, 17.237706515540243, 2.788230368507543, 0.1206156707994664, 528.2447237229097, 0.8109044361053614, 11833.855918088419, 561.3469641427523, 15.319459667079942, 2.5453628449103043, 0.12081874022105617, 527.8684637868377, 0.8049583919654468, 11942.91194461153, 561.2997190588529, 13.02759458314883, 2.276733330638637, 0.11876143735084392, 527.5842906458034, 0.7982831947999354, 11926.579847392204, 561.2001419005617, 9.919938110177723, 1.610220842804708, 0.1168005726944923, 536.150628929204]}