{"obs_size": 14240282, "obs_mean": [5247.668571342924, 564.7120667273302, 2.168898761976764, 0.0639914393802822, 0.1008669746108261, 630.187703347312, 0.5499700463797035, 5249.003423460451, 565.0265959620742, 2.078389458860436, 0.06398379177105647, 0.10097281498351102, 631.0634189573872, 0.5495992893960966, 5252.8892307694905, 565.3241865575416, 1.9914873876795416, 0.06397563296858329, 0.10085804601474896, 632.049971676179, 0.5504759574985989, 5251.749093803928, 565.6384059669606, 1.8936518251534626, 0.06396690171101407, 0.1009622354607166, 633.2564690465113, 0.5504446440737601, 5255.002601262675, 565.9341256725112, 1.7684387149074716, 0.06395804539082325, 0.10091092522486643, 634.5419546427928, 0.5506770373648489, 5255.326499223388, 566.2835207196036, 1.619567786649169, 0.06394875313741133, 0.10090097054292985, 636.0478681156214, 0.5511021582999611, 5256.9474056385, 566.680650916885, 1.432202536438534, 0.06393858845984389, 0.10095558487275745, 637.5258770770087, 0.5509596747452122, 5258.375543598925, 567.1417173480131, 1.2469682131294872, 0.06392801771503702, 0.10090859085171149, 639.289891042982, 0.5517386963966037, 5260.56666228897, 567.6431708304654, 1.035765583855713, 0.06331446635404525, 0.10100269996935497, 653.782430935097], "obs_std": [10961.979054518108, 555.5550317038583, 21.399362296545757, 1.9718582350117426, 0.12228041768676871, 524.6725458562531, 0.786625750850713, 10964.207781396584, 555.5766405259975, 20.826417098790657, 1.9718571450238382, 0.12360013385400889, 524.5548923136689, 0.7858456096539237, 10972.286745368403, 555.5213546925621, 20.179059985189365, 1.9718560362698072, 0.12050128494331902, 524.3374143972596, 0.7820987561954224, 10966.710560746722, 555.504617776022, 19.429538395110946, 1.9718549721846748, 0.12132775993732847, 524.3410914348727, 0.7816296927071381, 10973.373612951396, 555.4061183010383, 18.427137846817107, 1.971853966423822, 0.12004127259466589, 524.3468499270876, 0.7833451419729912, 10968.457777584415, 555.330757419968, 17.0054239962032, 1.9718528786298335, 0.11912442008440327, 524.2442545482374, 0.7780747825454721, 10973.39282051793, 555.3251473459375, 15.150202194905932, 1.9718518344588294, 0.11909637382406252, 523.9561365447946, 0.7734744430651231, 10971.281942905911, 555.2600716338129, 12.877794201650717, 1.9718507114909132, 0.11724507514635037, 523.7839315742448, 0.7702113172321463, 10974.319105832108, 555.2487695967343, 9.844783698301882, 1.13907363504697, 0.11582744999857741, 525.4295581988366]}