{"obs_size": 14276570, "obs_mean": [5179.686983611456, 562.3211721723073, 2.603632595224203, 0.06721562587603978, 0.0987866362028136, 624.3253966173484, 0.5297710982400006, 5181.87361245446, 562.6694664054461, 2.4829713999931355, 0.06690669485248156, 0.09879410186844631, 625.6357382975885, 0.5300556391346316, 5182.870585121616, 563.0987984508885, 2.328360313436631, 0.06659692966063234, 0.09880312403686635, 626.9613902562426, 0.5302412433799107, 5185.831104815508, 563.4803790406239, 2.1489636516334105, 0.06628660468558585, 0.09879969047628354, 628.5675381100573, 0.53008398578933, 5183.599613851189, 563.9270599310618, 1.9591010305696677, 0.06597599623551713, 0.09878968785534681, 630.1782363110996, 0.5303983126899717, 5189.674584939651, 564.4729907813991, 1.7546032415349064, 0.06566466199949257, 0.0988010184760773, 632.2826290520225, 0.530940874313676, 5191.014708147551, 565.0174875337703, 1.5362157016706395, 0.06505213516041312, 0.09877294828792928, 634.688672793153, 0.5316801981848843, 5194.279629065259, 565.4697403507985, 1.304388799270413, 0.0647400794959219, 0.09880934676186306, 637.5086577613525, 0.5330532514462835, 5197.6953096723755, 565.919209165787, 1.0506726755796385, 0.06442710245416766, 0.09887771568443991, 648.2353007542149], "obs_std": [10908.632371583633, 560.9090479078251, 24.755131894410216, 4.098642515324887, 0.11568677619092868, 535.4060159471409, 0.7575915704381077, 10908.826500141402, 560.855017297574, 23.99223260756981, 3.9378686066636024, 0.11483352921980983, 535.2909944929729, 0.7584766983338623, 10909.71015441942, 560.9699082676061, 22.889827368731762, 3.7702450494136843, 0.11452887027041979, 535.1270608181151, 0.7608441429553572, 10910.329209657591, 560.9931833040708, 21.589765797659656, 3.5948137714264536, 0.1139426055387788, 535.1012344865699, 0.7532376656726856, 10904.57845086027, 560.9685793635467, 20.05739236885573, 3.4103701379865794, 0.11279550995180414, 534.8320970467228, 0.7551231896968237, 10917.963853239437, 560.947448286868, 18.272445679171504, 3.2153634127118207, 0.11117983738975824, 535.0905092696412, 0.7540355762751277, 10913.462229638628, 560.9437309295366, 16.194744113314886, 2.7846797218690043, 0.10883157735717913, 535.3235418897649, 0.7500954378295941, 10921.039963149657, 560.8140879808702, 13.740512023753466, 2.5421210883246577, 0.10787215097997449, 536.0177111249624, 0.7533957581844691, 10927.74581705197, 560.572532592668, 10.345852453586987, 2.273832900028007, 0.10730344758934021, 541.5847586320855]}