{"obs_size": 14264008, "obs_mean": [5304.698940907879, 561.1152460795031, 2.485693221708794, 0.06355193814102829, 0.10121979567397885, 625.1028211734042, 0.5548716620882498, 5308.153803989794, 561.3940050370135, 2.3877262968444777, 0.06354311217682529, 0.10134632478900805, 626.2167204495437, 0.5552362576493259, 5307.879919307075, 561.7058383590362, 2.2623454782134167, 0.06353367722186737, 0.10127844565314452, 627.3868011578038, 0.5550999374089062, 5310.21999464862, 562.0829382597093, 2.1213665892503704, 0.06352402931911806, 0.10125008503724878, 628.8161386186284, 0.5560216937623771, 5312.705961373343, 562.4601438810186, 1.9340671990649472, 0.06351306014677881, 0.10134848572750406, 630.3469563962168, 0.5555143532589196, 5310.870705543384, 562.8697952216515, 1.7586430826454948, 0.06350220111410017, 0.10127094659965293, 632.108987539685, 0.5566340225692612, 5316.502695055671, 563.3270758120719, 1.5496440411418726, 0.06349077692708335, 0.10138034382993961, 633.9338398666096, 0.5562748427370585, 5317.6965624149625, 563.8336465459075, 1.3316829323146762, 0.06317841921023395, 0.10129410644385499, 636.2386361379843, 0.5576925409744657, 5321.55105351184, 564.2897937241762, 1.1056394528101778, 0.06316697876074734, 0.1013737237319988, 649.4167242810952], "obs_std": [11137.836145413516, 555.017577148143, 23.559581135694085, 1.6088997300520202, 0.12388145843781406, 525.2035256047351, 0.8103696146998896, 11144.651707652954, 555.0900986647654, 22.9372164254873, 1.6088983803759833, 0.12445249953832328, 525.1398296800402, 0.8126913816515419, 11140.213351218339, 555.0847966224828, 22.100211790856314, 1.6088969855675328, 0.12338096749756265, 525.0023758655918, 0.8096699948494254, 11145.561328446158, 554.9549839615123, 20.950854689967258, 1.6088957021488908, 0.12203075033739783, 525.2127116454578, 0.8077032122819962, 11146.877138247974, 554.8976648918497, 19.477438858131258, 1.608894080520209, 0.12336542429848972, 524.7592163369488, 0.8047796929637019, 11138.951066512293, 554.7603892925258, 17.82410278028197, 1.6088926904384453, 0.12137338330509007, 524.5719133448097, 0.8053546925988665, 11148.714664217976, 554.6542540243503, 15.874293740624106, 1.6088910381850638, 0.12143888259530354, 524.4999442179663, 0.798215992216658, 11148.689351880283, 554.6449582833621, 13.492493938536256, 1.138125109997538, 0.11982633531413421, 524.4743278973976, 0.799848595920692, 11151.176054392017, 554.5315982588198, 10.297309134827493, 1.1381232107535264, 0.1193488205447417, 527.3835856713728]}