{"obs_size": 14240282, "obs_mean": [5309.3823976617705, 561.1599036451665, 2.206708617146767, 0.06588831993721185, 0.10231536280812406, 625.0351061753353, 0.5680274163812301, 5305.337799285024, 561.4411357864963, 2.1035259694997617, 0.06588004385854991, 0.1026439673732597, 625.788678751962, 0.5665977184300249, 5308.733388690652, 561.7713036862614, 2.0236460907164617, 0.06587234812815633, 0.10243371827432951, 626.6916375837313, 0.5680024205279157, 5308.637133880289, 562.0454596334539, 1.9241914591298122, 0.06586356891809571, 0.10261419445331303, 627.8501899488083, 0.5679255841281892, 5311.71524813905, 562.3511303357616, 1.7973080167934876, 0.06585383427267223, 0.10252808798435416, 628.999414909614, 0.5675091934274981, 5313.013667375026, 562.6623688351115, 1.6573679509998467, 0.06584409229031532, 0.10244887913947318, 630.3757171958104, 0.5684799304536395, 5311.979489572608, 563.031565807475, 1.4618769487851435, 0.06553178385765931, 0.1026061371991796, 631.7118018838813, 0.567400695295232, 5312.64456226489, 563.4728664783463, 1.28851493249923, 0.06521906303885815, 0.10246071226651203, 633.302357179491, 0.5687198428373914, 5314.809325461933, 563.9339435131973, 1.0729026293159083, 0.06430325017897195, 0.10263430136208022, 654.8510587290324], "obs_std": [11193.444046323191, 555.7403074831146, 21.399585200959116, 3.0115979930937504, 0.12966161738539228, 525.7305274475445, 0.8749945978813647, 11186.230882402082, 555.7708488679267, 20.814521451075212, 3.0115971133085857, 0.13435624015231165, 525.5208158398414, 0.8686786974187123, 11192.377081119037, 555.7590498688522, 20.172114271101133, 3.011596682113129, 0.13028030934641072, 525.3123881195502, 0.8665871415525767, 11189.099764719478, 555.7386987722577, 19.419460695027368, 3.0115961209274715, 0.13367783060161634, 525.3201602443751, 0.8676371442684925, 11195.767231219153, 555.6631605590943, 18.421659203211323, 3.0115952511858284, 0.13086728743422665, 525.2686671702695, 0.8598935812590143, 11193.762262358952, 555.589880410067, 17.007711665137403, 3.011594613406156, 0.12822231398134637, 525.1506842303868, 0.8607183040483792, 11191.729416962384, 555.5721266952155, 15.169600887821202, 2.7882514643909393, 0.12955172709976434, 524.8458049212772, 0.8508350983676146, 11187.119239714439, 555.4744084281929, 12.936205217175653, 2.5453858307009463, 0.12626397703416042, 524.5757255736986, 0.8444625550422675, 11191.014752162539, 555.4400612394647, 9.966164240053775, 1.6102579184563883, 0.12704778073189388, 533.94275570362]}