{"obs_size": 14289583, "obs_mean": [5287.7727364643015, 560.3028117755431, 2.798504477002583, 0.07002168634228867, 0.10199975334213716, 619.9993012179608, 0.5622946444973396, 5290.555954074084, 560.6773381000689, 2.660559583859095, 0.06941146015920137, 0.10198203352757021, 621.2863153130977, 0.5633762790698865, 5288.27214184207, 561.0164723491231, 2.4745717912132217, 0.06910126145368269, 0.10213069989075281, 622.6007512615312, 0.5627237071928801, 5284.392340091747, 561.42834105096, 2.3061456726903784, 0.06849009904502457, 0.10201758586937112, 623.9872368639417, 0.5639911244436107, 5285.703773123353, 561.7797285617082, 2.099496605324312, 0.0675773569979686, 0.1021562523935098, 625.94440714531, 0.5633810907568324, 5288.426678881813, 562.1938712977139, 1.890223528566229, 0.06756625580005406, 0.10210260254732409, 628.0726467557099, 0.5650667034160761, 5291.690439694322, 562.6124374658098, 1.6667968547437668, 0.06725450939604846, 0.10214564779867913, 630.7996595591351, 0.5687957062848109, 5295.552175716915, 563.0207254473414, 1.4099081827650255, 0.0663406610518383, 0.1023633095110615, 635.6611543159318, 0.5820405318336072, 5288.031343640812, 561.9271940265857, 1.1887300700097407, 0.0648253801516185, 0.10313837077233143, 645.9582780334954], "obs_std": [11162.915684090865, 556.9808184916715, 25.465243129347705, 5.20679870737824, 0.12974443776135522, 526.1502067260901, 0.8525889210674469, 11166.498939121195, 556.92271435636, 24.471800328235638, 4.952674831813111, 0.12821773851905918, 525.9969327975034, 0.8521418193786409, 11158.305888188654, 556.8389573838209, 23.311363243675647, 4.820591592694487, 0.13022277126325577, 525.8571733781407, 0.8489783621710665, 11142.554845387407, 556.8061313296856, 22.01501742681272, 4.544924362218561, 0.12733548396341285, 525.4007189606881, 0.849971778325811, 11146.449666644103, 556.6405525979635, 20.460931060642068, 4.096789936138727, 0.12855188421764405, 525.5807577619096, 0.8434066759477575, 11148.75651023586, 556.5069657612506, 18.692908592403924, 4.096789444966436, 0.12599661774024123, 525.5237507448295, 0.8482304527216183, 11149.303023995268, 556.2927523774465, 16.61322272234678, 3.9360893012025104, 0.12481595818519486, 525.8709728903824, 0.8584479036982056, 11151.701062057193, 556.2076501698801, 14.022471190193771, 3.408833889738051, 0.1251285036968973, 527.2251415813225, 0.8906945187914326, 11131.342429716977, 555.015942157532, 10.732173940948032, 2.2728244057638363, 0.12858169024343147, 531.2781710163135]}