{"obs_size": 14251917, "obs_mean": [5313.080958712877, 561.6059003851902, 2.3377894356246953, 0.06368799080489462, 0.10148903324296636, 626.3935160735692, 0.5570560166748195, 5311.697982830079, 561.9069159608493, 2.2584431975010797, 0.0636791151894949, 0.10131418544333408, 627.3030357533386, 0.5578371675192952, 5319.086195010238, 562.1941571789957, 2.1547903345213135, 0.06366986049702089, 0.10144558989783702, 628.3995907528804, 0.5580035079491492, 5314.306267981235, 562.5526825619319, 2.026055091395775, 0.06366008264439929, 0.1013786423895124, 629.6511713894554, 0.5579926723541874, 5319.663064186602, 562.9428970853536, 1.8829374322064882, 0.06365026548962634, 0.1013654543349496, 631.041726852743, 0.5589573240568305, 5318.423516537391, 563.2995321962652, 1.6895616217804243, 0.06363944390141474, 0.10146851367026596, 632.5704319845547, 0.5583214864358308, 5320.163359343946, 563.7659247524388, 1.512815854877628, 0.06362855446450591, 0.10136404158415989, 634.2284518866162, 0.5595134150023524, 5327.01312831659, 564.2900900980549, 1.2982250738619934, 0.06331582740947266, 0.1014789553295888, 636.180483201332, 0.5590523201194575, 5325.1102519035, 564.7715366992384, 1.0789119807531857, 0.0633040888571781, 0.10140614425217194, 652.1637106948266], "obs_std": [11158.982502108936, 555.0022820158968, 22.628193756314005, 1.6095812164190646, 0.12817622655564423, 525.755933213733, 0.8145759714093813, 11153.245662337416, 555.0759609150624, 22.049225603745185, 1.6095796076678621, 0.12507488471732012, 525.7476611408166, 0.8106509016415787, 11169.525574183459, 554.935087851898, 21.330679415198844, 1.6095781932900064, 0.12612161645294565, 525.4315188822386, 0.8132178889459696, 11150.616259468361, 555.0760666346501, 20.407768124444022, 1.6095766261549114, 0.12357638373387131, 525.375233802905, 0.8090736415940702, 11165.506271122897, 554.9959734100044, 19.060963219572162, 1.609575339135771, 0.12289346053360631, 525.3529401485002, 0.807988265349122, 11158.842390540804, 554.8753802805105, 17.421225559009205, 1.6095737876215246, 0.12338228512174883, 525.1752105231348, 0.8094409459258827, 11160.10871649594, 554.851825957365, 15.525528837142149, 1.6095725241930843, 0.1195950304092244, 524.8739480280608, 0.8049783247792464, 11175.165049804331, 554.8130157491743, 13.142241539822685, 1.1386063099620134, 0.11985996880890372, 524.8447785160453, 0.7990415410893054, 11160.430438775658, 554.7391930957406, 9.974731198798098, 1.138604259271106, 0.1184275304774681, 529.3513480151921]}