{"obs_size": 14240282, "obs_mean": [5269.546231755829, 566.0373353561397, 2.1920704941095965, 0.06614021893268125, 0.10022286069060983, 628.9427818518905, 0.5531469498286612, 5270.345664711472, 566.3580854648804, 2.1012031222415404, 0.06613296233734137, 0.10038491283529466, 629.7735190004917, 0.5527131163554249, 5272.4846412499355, 566.6999374029251, 2.0145249230317206, 0.06612563895217241, 0.10029662185215153, 630.7020186298828, 0.5535004071548638, 5273.022441121678, 566.9958061926021, 1.9134194814400445, 0.06611813358654826, 0.10036331087319841, 631.8823637912451, 0.5537859025544614, 5275.195648788753, 567.3189712113847, 1.7892581762074655, 0.06580862982454413, 0.10033898625673318, 633.0903710469053, 0.5539265711872872, 5275.4977409283465, 567.6444032498794, 1.6392987161349755, 0.06549782759956027, 0.1003110440846616, 634.3904948850454, 0.5540726171714935, 5277.945952289991, 568.0572299059809, 1.4490383687626411, 0.06518634315381683, 0.10037395546275013, 635.5864935801567, 0.5535183193703682, 5277.037510647004, 568.5183893127959, 1.2626691662426348, 0.06457286305173777, 0.10034076152670261, 637.1322722311714, 0.5540258367074546, 5281.297564332718, 569.0864363500667, 1.0492386316506934, 0.06396027819393744, 0.10037328047176326, 656.0259859896489], "obs_std": [11028.994645742727, 559.7918533257636, 21.619182673658006, 3.4147269423472117, 0.11955278833542939, 525.1083970817599, 0.8108284588004424, 11031.565395534355, 559.8342480026586, 21.03486190335272, 3.4147263082266526, 0.12161818744442683, 524.9056148776978, 0.8091247340358977, 11035.273960141196, 559.8436918753935, 20.383510270710865, 3.414725856766673, 0.11931901661936677, 524.7350419906826, 0.8075832546971319, 11034.649266452534, 559.872206014431, 19.621712191390934, 3.414725631319828, 0.12053273440464449, 524.7260827606532, 0.8091398276519659, 11035.176542931973, 559.838790059736, 18.614194452902495, 3.219471581563221, 0.11902827060762257, 524.6953985459833, 0.8083789183820049, 11032.558722119718, 559.7583257097607, 17.194704127954168, 3.0115843807284532, 0.11755090286950086, 524.5450660491449, 0.8040798775058164, 11040.525893919472, 559.7961923048232, 15.313075705689641, 2.788240370846433, 0.11820139878428164, 524.174868173279, 0.7983929967586335, 11031.571183228481, 559.7432185841936, 13.024453529680459, 2.276746409249173, 0.11757543402139616, 523.7711181199484, 0.7940269717292567, 11041.052507900888, 559.7486803744013, 9.958087303732428, 1.6102392119860767, 0.11430239361672954, 530.4215441367832]}