{"obs_size": 14276570, "obs_mean": [5247.9499807899965, 568.9068583700425, 2.5659499445595126, 0.06461882867797412, 0.0988417125096577, 624.8124801378337, 0.5341573465475193, 5251.248855642882, 569.2697012657802, 2.4478471369523636, 0.06461164944430663, 0.0988312284898267, 626.1183789664199, 0.5346503854917471, 5252.0558454021475, 569.667476851933, 2.2998416986713197, 0.06460375332619146, 0.09883389954891178, 627.4348019667633, 0.5348391928873655, 5255.029635344528, 570.0943811433699, 2.1251938665940067, 0.06459545662712443, 0.09884537202052017, 629.0502056807736, 0.5348544718374159, 5253.424980409262, 570.5263200474623, 1.9395838776400773, 0.06458687535529237, 0.09883907937999155, 630.7092793608006, 0.5351130906793353, 5258.58144902647, 571.1046534286596, 1.740454114678806, 0.06457775126084953, 0.09882453837399371, 632.5572043526298, 0.5353765433153747, 5262.12675655226, 571.6587513667498, 1.524590430334457, 0.06426752350593377, 0.0988115185661543, 634.647521046903, 0.536053337251171, 5264.052105278793, 572.1133831165329, 1.297313010057738, 0.06395718358815203, 0.09884088685524677, 637.177930600932, 0.537362652093605, 5268.041039447287, 572.5777711313011, 1.0473061106414214, 0.06394633198969396, 0.09891883173143143, 646.3184349848682], "obs_std": [10957.096595232339, 554.224840008327, 24.47207833768456, 2.542127665412767, 0.11577674996035842, 524.4084644553698, 0.7649128032002888, 10968.702943062372, 554.1566767298491, 23.72332080387929, 2.5421273090021175, 0.11456954153122985, 524.2861348715049, 0.7666907810894914, 10964.91498641682, 554.2045788997864, 22.65886688152633, 2.542126962486712, 0.11409293877093991, 524.046311000947, 0.7691792223971408, 10968.883586300155, 554.2507482390037, 21.384426609952314, 2.542126566495802, 0.11402368709199931, 523.9553355249825, 0.7626295617545352, 10960.357789844978, 554.1897454611124, 19.88638177852771, 2.542126193807801, 0.11280337537505741, 523.6904723533276, 0.762363927347257, 10969.442794067503, 554.2393963411846, 18.127491880522594, 2.542125734970518, 0.11109217592234222, 523.5086887221894, 0.7625939476204644, 10981.714727791394, 554.228420770174, 16.07431435624294, 2.2738387674103926, 0.10876538381255924, 523.2541702994392, 0.758634396112979, 10983.574045032437, 554.0933377225722, 13.633158298981295, 1.969335460874089, 0.10808301670042515, 523.4564327813989, 0.7624538818799904, 10994.907130531401, 553.9126751552462, 10.280149535197674, 1.969334604341792, 0.10740080401661921, 523.8016469656351]}