{"obs_size": 14251917, "obs_mean": [5313.876957302631, 562.4980302649811, 2.3474703087310993, 0.06656872702985236, 0.10250947620071055, 623.6426198672561, 0.5647985886390005, 5310.070768389438, 562.7952955381371, 2.271310589305284, 0.06656075546616719, 0.10229422483143866, 624.5070936345355, 0.5658518109528814, 5317.893087657882, 563.0581590532698, 2.167604329999957, 0.06655234653037273, 0.10243504436848815, 625.5254608363688, 0.5657010395864842, 5313.64078485083, 563.4094313768456, 2.0389993851353467, 0.06594063226807384, 0.1023676917612566, 626.6786991356056, 0.5654887885608811, 5318.6378112491475, 563.7485833660132, 1.8991744759669873, 0.06593170464303921, 0.10232496922126345, 627.910426585933, 0.566617252612415, 5316.95986005328, 564.0735421066513, 1.7020381188018425, 0.06592165756902103, 0.10250624195383673, 629.3626542737608, 0.5655631188422048, 5313.637651567039, 564.5017167164251, 1.53120285502645, 0.06530863925267813, 0.10233670100681821, 630.9817559415964, 0.5671510996731371, 5320.5809319802775, 564.9941424020361, 1.3136371759672751, 0.06439433943680166, 0.10248251308529292, 632.8714223696792, 0.5665441780919814, 5317.280160896185, 565.4532270992034, 1.094382881965984, 0.0640817873091124, 0.10241276798307138, 652.5400481063697], "obs_std": [11194.42776364651, 558.1702466969889, 22.641410184332212, 3.4133406533686648, 0.13401389180956552, 525.5670463484291, 0.8587277414992764, 11187.145985423429, 558.2304865989747, 22.065204889869474, 3.4133402178149357, 0.13047411563531286, 525.534786580811, 0.8588702956169254, 11203.509957261998, 558.0863543597848, 21.347399934534252, 3.4133398045119967, 0.13161737061299322, 525.1930339801622, 0.8567354823431291, 11188.178736707387, 558.2228437271841, 20.433951450224182, 3.010364867457005, 0.12884551025869967, 525.1121748688136, 0.8530651057091173, 11199.597063886053, 558.1284188261128, 19.102355864156326, 3.0103644573504154, 0.12773074616789645, 524.9820154156266, 0.8522883240457313, 11193.830245828023, 557.9854448560047, 17.464667589220525, 3.0103639241037667, 0.12932148969537802, 524.8235720720751, 0.8500513254278865, 11176.264074264387, 557.9338264990819, 15.585187037734135, 2.544346447637352, 0.12483161704602655, 524.570346653233, 0.8472763723016904, 11192.915187945493, 557.8776318424266, 13.215721287256875, 1.6096001889703786, 0.12587449475342805, 524.5283261909568, 0.8424042773355578, 11175.019687282866, 557.7969761835404, 10.048299270691972, 1.1386455388784158, 0.12431931594416008, 531.8701799022854]}