{"obs_size": 14251917, "obs_mean": [5261.063737957189, 568.1359378531323, 2.287890534304964, 0.06384491437019411, 0.09829333656391641, 629.3088178005816, 0.5334906041762941, 5263.577269510609, 568.4357562565092, 2.201674834339829, 0.06383796758443887, 0.09827771304428791, 630.2675670891116, 0.5334825435062771, 5266.521286409003, 568.7339505274975, 2.0974878677724544, 0.06383091046685951, 0.09827986054093693, 631.372945849696, 0.5338292032573867, 5263.646615530085, 569.0909552728941, 1.9717623951921692, 0.06382314885577232, 0.09830320348167987, 632.6245578031819, 0.5339899575615281, 5271.103949224029, 569.4876809203985, 1.8180626507998887, 0.06381541687241876, 0.09829582145194898, 633.9944558800512, 0.534316379684249, 5267.292458239896, 569.8281825525647, 1.6330527324850403, 0.06380709524929958, 0.09829006175737603, 635.5564626388651, 0.5343639106935888, 5273.037835973529, 570.291433776944, 1.4457674711408999, 0.06379816795404507, 0.09827471466168335, 637.303156344176, 0.534682135954089, 5276.662354239006, 570.822791698829, 1.2360457193232322, 0.06348812623334263, 0.09827485471772086, 639.3043266439153, 0.5349593778156512, 5277.013677160421, 571.2685098432722, 1.0123966481140747, 0.06287594986205164, 0.09826877165527881, 653.3731305150507], "obs_std": [10985.855728117282, 554.557207747362, 22.669175760031706, 2.275797767570528, 0.1143264939557215, 524.3418721268756, 0.7605297004355804, 10991.972799924062, 554.6101112903989, 22.085606438773507, 2.2757969999970986, 0.11383905381567828, 524.338458147022, 0.7586767238308569, 10985.57136474696, 554.4505058952941, 21.36002219618579, 2.275796405075372, 0.11277830752517375, 523.9940668909576, 0.7577257581680664, 10979.545604710936, 554.5820022666035, 20.43530685555294, 2.2757958518242325, 0.11168933331861806, 523.9675060261864, 0.7578155767793976, 10999.313535274481, 554.4934126757239, 19.084268240135764, 2.275795421943573, 0.11113872582662628, 523.8967405620857, 0.7578871360128565, 10989.952217839884, 554.3611851191541, 17.42668450455748, 2.2757949205567787, 0.10975723228594604, 523.7243187259846, 0.7575790745613183, 10998.456307888166, 554.3523664511761, 15.516105165931705, 2.275794451764249, 0.10707339988638763, 523.5154430153149, 0.7507051644192192, 11009.986317112156, 554.2808978212388, 13.112873980398378, 1.9710263138439053, 0.10597307689948869, 523.3479193234834, 0.7475454641146192, 11004.908381496985, 554.1714884563872, 9.910481485236053, 1.1385735844395035, 0.10536797280379367, 526.9278909424196]}