{"obs_size": 14289583, "obs_mean": [5218.736041198338, 566.7054219846723, 2.7092099888429213, 0.06490019264908636, 0.09773457624053815, 621.9941385965348, 0.5360401669523766, 5222.674481079254, 567.13294054837, 2.5598030397388083, 0.06489217532023922, 0.09771553646687894, 623.4494457765007, 0.536411509629068, 5225.773372441687, 567.5328793709375, 2.3863361163163406, 0.06488381751854537, 0.09771233572568215, 624.8749763522593, 0.5363188309273976, 5224.540973666474, 568.0479818760282, 2.20417726675439, 0.06487519275671709, 0.0976989005063338, 626.3388530780724, 0.5366782577210208, 5227.0203936022, 568.4969349350503, 2.0044380581294776, 0.06486554759513344, 0.09771605547348741, 628.3222835373623, 0.5365810409582908, 5230.68033337161, 569.0240431788668, 1.7920634213048765, 0.06485579553658845, 0.09768361591405422, 630.3592321733972, 0.5371544322182052, 5232.862189980997, 569.5897647258146, 1.561549276840339, 0.0645456589330928, 0.0977092568237291, 632.7348814123771, 0.5384034542505546, 5238.442670649384, 570.1775336621089, 1.3138617830905213, 0.06423487501350583, 0.09777150881862717, 635.8599754176144, 0.5410762793427896, 5241.544581108786, 570.4664925491528, 1.0600890872742752, 0.0633230391297011, 0.0979300363767093, 641.4039112224624], "obs_std": [10866.243023174342, 555.1036923421061, 25.41883093050948, 3.006364739801846, 0.11465491805274156, 524.5411888868529, 0.7806623534948933, 10875.434945649178, 555.0315464934699, 24.423079362753725, 3.0063643393634734, 0.11285920420358123, 524.4380565501929, 0.7817678224273791, 10883.62357152618, 555.0077595491612, 23.25250342501474, 3.006363950633591, 0.1130038015722701, 524.3434094610164, 0.7746196558947205, 10872.866913932352, 555.0444320891561, 21.93171314999447, 3.006363579238916, 0.11159605579967857, 523.8307749098306, 0.7747559559976922, 10880.122914264715, 554.9697419870089, 20.368263200781282, 3.0063630860601593, 0.11154207626436971, 523.8261520537394, 0.7696217036463129, 10881.730889784207, 554.9242673113718, 18.591935774273946, 3.0063626459156185, 0.10921633648829866, 523.693082423161, 0.7675679415117713, 10879.28787085759, 554.8267368192901, 16.483464664875953, 2.78340295257994, 0.10799204784730715, 523.6654006180831, 0.7729452242220465, 10890.45046012785, 554.8558266460428, 13.872187092297304, 2.5409540838054787, 0.10765580837188204, 523.6369373327062, 0.7722066077172924, 10894.677069307774, 554.6831859783498, 10.47346265228337, 1.6074189285199463, 0.10702408576524967, 523.4759249234429]}