{"obs_size": 14251917, "obs_mean": [5321.893515696705, 561.594977082732, 2.33373384085804, 0.06352289141559822, 0.10130605933756148, 626.8632692686413, 0.5545557693747538, 5320.7181317510185, 561.8819938398462, 2.2534931967397784, 0.06351342044162323, 0.10116282955310539, 627.7930444694535, 0.5551923346873314, 5328.1548546917265, 562.1750467673928, 2.150689833515028, 0.06350455574447404, 0.10127041812389234, 628.8566551233786, 0.555231379610198, 5323.494069838486, 562.5132764244978, 2.02223785052916, 0.06349468700393893, 0.10121552083625035, 630.1390467738927, 0.5554280818503264, 5329.024655463762, 562.9193515510932, 1.8791281902638077, 0.06348485651257413, 0.1012088308724363, 631.5614244658195, 0.5563414109835251, 5327.794526958647, 563.2778598135254, 1.6868108339390413, 0.06347401468610264, 0.10131332640065221, 633.102373353096, 0.5559213280571366, 5329.506360927484, 563.74534029352, 1.5092837686326688, 0.0634631389926081, 0.10121139136419292, 634.7620074080713, 0.5569591189030987, 5336.574676179757, 564.2773476017296, 1.2955502056319863, 0.06315060734005999, 0.10130952370330373, 636.6588265689404, 0.5567077810655192, 5333.695110222231, 564.7392514985878, 1.0758860720280647, 0.06313905428379381, 0.10124287565820018, 651.140699198058], "obs_std": [11170.621143805138, 554.9532060978698, 22.605316032789297, 1.6095813972469029, 0.12762480564006676, 525.349363191077, 0.8090802427012512, 11166.37306852358, 555.0202860066198, 22.024874609950555, 1.6095796058395255, 0.12497187229772981, 525.3404104245399, 0.8066890466234077, 11180.483256280946, 554.8812281109914, 21.309979353728423, 1.6095782919540427, 0.12533825590537082, 524.9834648612746, 0.8071236987340712, 11163.630139706684, 555.0123160490373, 20.387852357143768, 1.6095767908048841, 0.12372479026195922, 524.9537485183396, 0.8040966383378991, 11177.350481726302, 554.9397117166544, 19.048089888982478, 1.609575449696225, 0.12335223269738427, 525.0053776493395, 0.8045761692007337, 11171.380560844085, 554.8322732756543, 17.409242808445942, 1.6095738511687838, 0.12359207214460591, 524.8071029853245, 0.8033213348395053, 11172.521298502876, 554.8054174576271, 15.509116313462648, 1.6095724489750094, 0.12002437741766026, 524.4882663278917, 0.7998811045456463, 11187.888189304495, 554.7569988890713, 13.126220723858069, 1.1386063703785942, 0.11998246873059054, 524.3792686422012, 0.795568514201196, 11171.710573518645, 554.6705755372251, 9.964792537589226, 1.1386041153027038, 0.11864863113480074, 527.6401830906846]}