{"obs_size": 14251917, "obs_mean": [5281.908750192993, 574.5201416763794, 2.3035811954279555, 0.06361419234430876, 0.09815503871142371, 630.6487309817567, 0.5245236099115593, 5281.317884530981, 574.8207544992017, 2.2148754444752936, 0.06360652842639508, 0.09812507457228418, 631.5969751592432, 0.5244754787724272, 5288.179639938939, 575.1264617244123, 2.109959453173913, 0.06359894761323145, 0.09814099877813003, 632.6461490543807, 0.5246010061663943, 5284.627935450482, 575.5022471012145, 1.9833040004372742, 0.06359054341160714, 0.09813594356710116, 633.8778322692505, 0.5249027841657969, 5290.223111996077, 575.9120970182469, 1.824840265348163, 0.06358210932923071, 0.09813791312740584, 635.2923732339995, 0.5250565541463564, 5289.982162170341, 576.3030228845705, 1.6383682279373364, 0.0635730078482159, 0.09814098971717246, 636.8794321295399, 0.5251212999626567, 5291.489126226066, 576.7973000404088, 1.444502308005302, 0.06356352371916844, 0.09810932144363413, 638.5806557532724, 0.5253595197754701, 5299.001295640321, 577.3809382274679, 1.2323491639756252, 0.06325266583043752, 0.09813205811183245, 640.442904085998, 0.5254991446413703, 5297.34324321421, 577.8912729424399, 1.0028787004583313, 0.06324255135734581, 0.09810616358437853, 651.3324925655477], "obs_std": [10895.201983380246, 557.6889976798595, 22.92055301684878, 1.609563133606334, 0.11476054346438604, 525.3802290891608, 0.7543660857246584, 10892.268008707662, 557.7536232569789, 22.326779969537515, 1.609561883145401, 0.11352392367530002, 525.3947246973408, 0.7508467122519991, 10905.755287264852, 557.5965984545622, 21.59262109081982, 1.6095608693514676, 0.11283092229842787, 525.0391789418768, 0.7504106149218833, 10890.064689605722, 557.7183750413909, 20.657029922908702, 1.6095598621053033, 0.11160131317128032, 524.9241317115672, 0.7515730721332918, 10904.407122042185, 557.6389314963074, 19.296549099500155, 1.6095589553306358, 0.11144186633048815, 524.8556145835192, 0.7486551335052964, 10901.707729931528, 557.5210006145638, 17.613625805371505, 1.6095579174885635, 0.11029386834453707, 524.6882440109893, 0.7487013004514338, 10903.093495166971, 557.5149817084313, 15.665972037238877, 1.6095570079706754, 0.10754961598376735, 524.3292301662392, 0.7421995243739435, 10916.595916654345, 557.4971373988977, 13.245686225023173, 1.138585407320161, 0.10682414119162847, 524.0756160546453, 0.7402285126368934, 10904.640853453815, 557.421654938705, 9.975840809794196, 1.1385838936814878, 0.10617098119875065, 523.9535739581524]}