{"obs_size": 14276570, "obs_mean": [5182.023859463518, 560.9227666029024, 2.664767587732908, 0.0646640001202747, 0.10138127277420322, 624.3565082986584, 0.5554438658585438, 5184.628185939774, 561.2863686445694, 2.5418219502303425, 0.06465529852031054, 0.10132395059604705, 625.6804495106744, 0.5557736844354191, 5185.589513457997, 561.692593108849, 2.3992556335310233, 0.06464568890021273, 0.10132518999892899, 627.0215491338574, 0.5564538908155233, 5188.656598136571, 562.087589385966, 2.212396464977232, 0.06463548344287948, 0.10140385517739878, 628.604952330004, 0.5561248487556995, 5187.592940633548, 562.4938853660227, 2.0337860564547365, 0.06462497221406198, 0.10134658643630798, 630.2612328948778, 0.5569379087554021, 5192.19756401427, 563.068822273137, 1.8242269676820133, 0.06461400372891463, 0.1014039266696413, 632.2539228208607, 0.5570751728181301, 5194.3319238939075, 563.5855531825921, 1.6076348870912271, 0.06430216742383588, 0.10134595679361369, 634.5374775437845, 0.5582261232214857, 5198.24727408298, 564.021737223997, 1.3810450269217327, 0.06399040071117268, 0.10138825346333318, 637.3640001592374, 0.5607124244128829, 5200.1752865265225, 564.4346889343869, 1.1220284003790826, 0.06397823385316696, 0.1015001545784456, 649.0429017554826], "obs_std": [10850.553257886868, 555.8309931348939, 24.703572317175382, 2.5421356232373284, 0.12719677993788317, 525.8318796351343, 0.8070010668573019, 10853.042720316165, 555.7728109087856, 23.94900394215445, 2.542134904996952, 0.1253581977148869, 525.7518448802615, 0.8073294944053151, 10851.939621159803, 555.8066283628574, 22.88256119741158, 2.542134140894987, 0.12542110896104947, 525.5063971384925, 0.8101936070096839, 10857.105954451003, 555.8379079479514, 21.594629843666453, 2.542133265941873, 0.12565520053879073, 525.3360714173176, 0.8024137022012632, 10852.765593490589, 555.7710852064951, 20.089102011623684, 2.5421324435909254, 0.12389136031016426, 525.1012272137715, 0.8050929471554771, 10861.947907300331, 555.7997759097151, 18.313786492495876, 2.5421315336310397, 0.12281849351981776, 525.0869269011657, 0.8041273467537882, 10862.592777948126, 555.7431770360248, 16.247862110308564, 2.2738447973102622, 0.11993205468130727, 524.9840212797251, 0.8010629339585572, 10870.960054979232, 555.5838524051071, 13.807320251596636, 1.969342023848532, 0.11935964645471148, 525.3557789339918, 0.8039389632391444, 10868.958278096246, 555.3884509324531, 10.435184862452147, 1.9693406907217494, 0.11845440161906408, 527.1211425664479]}