{"obs_size": 14276570, "obs_mean": [5222.282572299722, 566.4493543617268, 2.5708691233258407, 0.06574685116663881, 0.0980536262426481, 625.5767818970993, 0.539444684822748, 5222.112431009843, 566.8230884589226, 2.451378657478652, 0.06573951956016745, 0.09803205055780251, 626.8767917262977, 0.5397162198623285, 5225.318669084029, 567.2660621563864, 2.303858349729662, 0.06543062202518539, 0.09804440158840733, 628.2363450807816, 0.5399208367275865, 5226.562978213015, 567.6972546627096, 2.1264469687046677, 0.06542202885021409, 0.09803320285047458, 629.91083495657, 0.5398967945381791, 5225.920264023928, 568.1390839676476, 1.942552868090865, 0.06541336701106085, 0.09802912988869246, 631.520057337907, 0.5401560821681877, 5231.944567269061, 568.7356823102467, 1.7405804055175718, 0.06510328369637113, 0.09802494969541078, 633.4586812057279, 0.5406144989307623, 5232.320238397131, 569.304016791148, 1.5252233554698362, 0.06449231115086494, 0.0980187329776695, 635.5831315876225, 0.540968480314244, 5238.469224303695, 569.7901133815755, 1.296680995505223, 0.06418196728374519, 0.09802037659627001, 638.1010677425542, 0.5421819974265539, 5238.798007016251, 570.2580196783962, 1.0452623424253864, 0.06386995421870237, 0.09807350249009426, 646.8694748115649], "obs_std": [10881.019375617225, 555.6259850877859, 24.535572149169653, 3.410366108072783, 0.1148506559717066, 524.704342072826, 0.7658594719840666, 10879.682363349035, 555.5493658349101, 23.777438874169317, 3.410365814519788, 0.11351796360793617, 524.6076243094556, 0.7666542466250476, 10881.948128576505, 555.6122659287972, 22.714750015898428, 3.2153590227176223, 0.11331313231177415, 524.3419050571206, 0.7681611876915764, 10883.103655793895, 555.6514662435243, 21.430387820771152, 3.2153586759809083, 0.11273314214911798, 524.2532562448735, 0.7610462581584535, 10880.944426858397, 555.583389523344, 19.93671976520076, 3.2153583940030646, 0.11179846748682559, 523.9535753719181, 0.7612221876974858, 10889.17770091307, 555.6589942278556, 18.162184385144624, 3.00773457700492, 0.10990576541380807, 523.8187557438638, 0.7649934846680445, 10887.234821126964, 555.6528317682601, 16.104922189600607, 2.5421146620581383, 0.1078233826523687, 523.6089183541081, 0.7573577199621151, 10898.941146701272, 555.5387997656496, 13.669146551475942, 2.273826365651305, 0.10716383590638356, 523.7659915945223, 0.7606722119075822, 10891.826774056224, 555.3739629233253, 10.29166796434365, 1.9693201341219801, 0.10633478341574201, 523.9219330859283]}