{"obs_size": 14240282, "obs_mean": [5348.804640210429, 568.3219986092971, 2.1388612950221066, 0.06340445297151567, 0.09883235492344905, 634.1386322890745, 0.5409176342856353, 5349.719143797858, 568.6224406230157, 2.0529825884066066, 0.06339780783274665, 0.09887149039260709, 634.9617261279906, 0.5407553914311757, 5353.756442190392, 568.9321860339564, 1.9649581377672154, 0.06339100426586501, 0.09885170644008345, 635.9207764137535, 0.5414435057536369, 5352.296514829527, 569.2224227722457, 1.8665909846448265, 0.06338341162001712, 0.09889861546421688, 637.0511952279186, 0.5414481434426892, 5356.18425822897, 569.499051563726, 1.7428617635521544, 0.06337553775059517, 0.09886623179035439, 638.2509967115761, 0.5417460346642199, 5356.657230723977, 569.8268534288857, 1.5926310307618907, 0.06336700409065771, 0.0988656285643089, 639.7212890384176, 0.5418841777150477, 5357.539480548862, 570.209736155506, 1.4097472227024717, 0.06335779600292467, 0.09888041631268303, 641.1680024766328, 0.5420003992196484, 5359.901153867136, 570.6537331212962, 1.223973514007658, 0.06334846968684472, 0.0988668652026686, 642.8749592668195, 0.5425366733608433, 5361.228427320078, 571.1546441987596, 1.0158753176376705, 0.06273620870612774, 0.09890163139065679, 654.6710941221046], "obs_std": [11083.867209438617, 556.3689166786294, 21.339281127996504, 1.9718364386069889, 0.1164857398541013, 525.394971323519, 0.7728848925399847, 11084.371925562415, 556.3805936505987, 20.767703789222693, 1.9718356102204149, 0.11622577850665958, 525.1885524069558, 0.7719474287011647, 11092.677258660246, 556.3371019335734, 20.118037630395914, 1.9718348897957716, 0.11468516877696967, 524.991230055437, 0.7692469499735386, 11085.860705939564, 556.2952510541863, 19.362049262286334, 1.9718341361829428, 0.1154662729544629, 524.9883994625945, 0.7687343344231912, 11093.891347117256, 556.1688165247264, 18.35800676413302, 1.971833347849778, 0.11411595663986059, 524.9691648146986, 0.7703626788504377, 11088.51233294884, 556.0740677882599, 16.93279890335899, 1.9718325277464688, 0.11321514506284684, 524.8019795417616, 0.7636688613408624, 11091.85523027523, 556.030918931845, 15.07947854264117, 1.9718316979906672, 0.11261364851079986, 524.494376519796, 0.7620955296090197, 11091.274467259896, 555.9642195050814, 12.819070277347889, 1.9718308959580206, 0.11102082437099249, 524.2627765054018, 0.7586112762226574, 11092.098301233475, 555.929961719424, 9.806174686633844, 1.1390395805414104, 0.109225471233117, 525.1436022586046]}