{"obs_size": 14251917, "obs_mean": [5311.939732890228, 561.6710599002225, 2.332788494347813, 0.06496648638299782, 0.10159456827134244, 625.5620850211707, 0.5601240849213555, 5311.9100437089155, 561.9817966944377, 2.2557107229855458, 0.06495771962565561, 0.10144582313740733, 626.4637485541022, 0.5609766195663421, 5318.80760959215, 562.2674749649469, 2.1518592902274127, 0.06494890773094697, 0.10157157561442491, 627.500022640837, 0.5609318392045132, 5314.755463121276, 562.6231492928284, 2.02298343443903, 0.06493924613847478, 0.10150086541108903, 628.7264922285626, 0.561044434092623, 5320.143104243438, 562.9881662936995, 1.882458128264429, 0.06462848201818135, 0.10151684430143677, 630.0373516322501, 0.5619861513367003, 5317.315948865197, 563.3372182843893, 1.6868927878263675, 0.06461783605434367, 0.10158266873375714, 631.5210957938741, 0.5613327598666321, 5318.904022990433, 563.7574020393189, 1.5140295161696493, 0.06460726997702215, 0.10151270909078358, 633.1457062044744, 0.5626631454561575, 5325.368689819877, 564.2409522171649, 1.2989272951842197, 0.06399392340287438, 0.10161253584468723, 635.0484923990201, 0.5621547154673955, 5323.546373606663, 564.684863937953, 1.0802610624240936, 0.06368111708867812, 0.10157214901932053, 652.3027371441567], "obs_std": [11166.697960058185, 555.945043518237, 22.587497538801518, 2.544344254796413, 0.1282526661968857, 525.7303876758742, 0.831125738012616, 11164.903935706747, 556.0329519455132, 22.009603182878237, 2.5443432333012947, 0.12534690627605238, 525.7047891143653, 0.8274852787214866, 11179.4370281979, 555.8906402742858, 21.29545376833195, 2.544342406092286, 0.12620035057431153, 525.391464865984, 0.829271355030453, 11164.027283240837, 556.0373222731433, 20.376925155235476, 2.5443414738243195, 0.12365094523786312, 525.3047748784282, 0.829115774854892, 11176.893484345963, 555.9334986917131, 19.036239411498467, 2.2758238962160005, 0.12348357950446291, 525.2618394418057, 0.8241647998750812, 11169.41715874066, 555.7790035329501, 17.396982221996627, 2.2758227948450154, 0.123286677385435, 525.050884802355, 0.8231740720369862, 11170.405560464362, 555.6891405699542, 15.509684275540994, 2.2758219228100893, 0.1198211554494616, 524.8020541782864, 0.820271109440676, 11185.24051936039, 555.6045931649313, 13.138751825575874, 1.6095876167452705, 0.12054626398802365, 524.7729815687046, 0.8140096210334571, 11170.742143750138, 555.4950658188327, 9.974950727195866, 1.1386270640010223, 0.11929071200069644, 530.3423216525835]}