{"obs_size": 14289583, "obs_mean": [5211.356913690794, 567.8147384006937, 2.7993091190974573, 0.06586516645503954, 0.09921412370486905, 624.3336522275504, 0.53607915983273, 5213.800034589754, 568.1868829202363, 2.645717793164433, 0.06585681507109786, 0.09919662953649538, 625.7746657934429, 0.5363240403866293, 5216.83662941473, 568.5538855822455, 2.4666542053746423, 0.06584801497378207, 0.09922509353904901, 627.2550528201785, 0.5363984899349571, 5216.506850398178, 569.0239920227203, 2.2790937986083986, 0.06583882538567444, 0.09921008761928159, 628.8039194135995, 0.536833621037097, 5217.207402376162, 569.4816658400739, 2.075557068390309, 0.06582865343943937, 0.09928025738077915, 630.917547651696, 0.5369457514610567, 5222.1047440198, 569.9395855708316, 1.8573406235857268, 0.0658185009964325, 0.09923576154412636, 633.209048646374, 0.5378260249441967, 5222.796700473059, 570.4458062911982, 1.6220579004999656, 0.06550843173451006, 0.09927319673688127, 635.9539800850733, 0.5392906078505039, 5228.585120101925, 570.9664212734548, 1.3673815394053137, 0.06489691528843863, 0.09936756979108526, 639.8698487544846, 0.5435083235809051, 5231.097303887652, 571.0538121371352, 1.1101668257219262, 0.06368395333615444, 0.09958469969151695, 647.0799588070569], "obs_std": [10892.293211899412, 558.944376882902, 25.81197907816869, 3.4088265693836735, 0.1171641019736326, 525.7140797736851, 0.7787066658846307, 10891.715554563552, 558.8581373874478, 24.79360546021579, 3.4088260559892207, 0.11535217430125691, 525.5656348824258, 0.7768392573061367, 10901.860468385452, 558.7966492803736, 23.6035628056407, 3.408825532923391, 0.11606066550565354, 525.5191848543262, 0.7724260831262457, 10891.980079608273, 558.8196585507987, 22.27776624667287, 3.408825024515351, 0.11566451886089962, 525.0678257422497, 0.7739302310456703, 10895.283698758662, 558.7079206047583, 20.687631637341465, 3.4088243780824445, 0.11457159136882311, 525.1658828261769, 0.7681579786327551, 10906.348900468121, 558.609023642229, 18.901951293580865, 3.4088237858800583, 0.11226813307666564, 525.2292491842895, 0.7657103289144154, 10897.778674122435, 558.4709029551425, 16.77582031318142, 3.21390669347834, 0.11112863020709093, 525.5384322145535, 0.7691322028981632, 10914.269217861487, 558.4670461067567, 14.132056727045097, 2.783420281857363, 0.1122140847972521, 526.34789231141, 0.7763092396965187, 10918.922308164305, 558.1663839663462, 10.736023040676619, 1.607448942371557, 0.1110753916365752, 528.010947302083]}