{"obs_size": 14289583, "obs_mean": [5180.92751708018, 561.4207410391192, 2.8157914055294686, 0.07140952492736163, 0.10052999146693044, 622.9620075944816, 0.551691485538813, 5189.165692891894, 561.8075430892559, 2.6699718249300908, 0.07079902290788326, 0.1005199386723178, 624.4054935304923, 0.5521770834740367, 5188.001404208601, 562.1800228880016, 2.4881544129034414, 0.07048874307438473, 0.10060024907500838, 625.8266820289007, 0.5517341014080183, 5189.83450580734, 562.6800207535797, 2.3080630834363745, 0.06957715580763221, 0.10053989466697519, 627.2606504443967, 0.5523038889238561, 5190.814425598419, 563.0728301868571, 2.101278532760543, 0.0692663839581669, 0.1006029566310651, 629.3740328453688, 0.5525489410712864, 5192.422547240038, 563.5285826045449, 1.8850510193334542, 0.0689552037195973, 0.10058252237542561, 631.6842381680857, 0.5539171361403773, 5199.253671162173, 563.9978174310614, 1.6549872029155783, 0.06864380324437075, 0.10064386091476551, 634.5964861463019, 0.5567723865000322, 5198.912190444146, 564.4376910088978, 1.3989080717051015, 0.06773081258425122, 0.10079526966854181, 639.5175609830769, 0.566854158165447, 5204.014895396935, 563.677011428535, 1.160699440984387, 0.06561471418522849, 0.10133212809086185, 649.3987729685251], "obs_std": [10938.284051534261, 562.5359059942971, 25.772722116403905, 5.793541261872115, 0.12359275433525158, 531.8152942830557, 0.8250520565969829, 10953.467978485738, 562.5723249945734, 24.77685284428503, 5.566269557380175, 0.12206093581423559, 531.6694801848491, 0.8251445419074915, 10955.40484202467, 562.6106478085251, 23.597613666475016, 5.449079987528631, 0.12397705424208576, 531.7431875354395, 0.8176831736507942, 10954.381112376592, 562.7532547079096, 22.274300035027856, 5.081321437569631, 0.1226817706526703, 531.3279654712511, 0.8153867918024272, 10956.297960484366, 562.6632402685665, 20.671613324629774, 4.952670364242207, 0.12137363835272644, 531.5674774200493, 0.8148340996857019, 10957.202065575702, 562.6216669610452, 18.87413695807569, 4.820586988112477, 0.11999419782007845, 531.749001664922, 0.8155176464505824, 10968.12704293083, 562.4218657252723, 16.737269111953132, 4.6847812735281265, 0.11861623938922725, 532.3886080097021, 0.8220301509962651, 10970.252071671197, 562.3284248888124, 14.09125664131107, 4.251415027038859, 0.11861798922444611, 534.4813460943044, 0.8527725780223894, 10976.310188293604, 561.2743330540164, 10.740099085031657, 3.006385133510825, 0.12137785423164743, 539.4881238228783]}