{"obs_size": 14264008, "obs_mean": [5270.880736402767, 560.0543834523929, 2.5085181528221248, 0.06807036479803752, 0.10256001560045405, 621.4161514484565, 0.567646119309532, 5273.426561950952, 560.3076868016338, 2.4095733120732974, 0.06806184466246278, 0.10277791246492583, 622.4852006780077, 0.5678803844613781, 5273.352812719856, 560.6462236280294, 2.2835931527800604, 0.06744996860231202, 0.1026971406185423, 623.549530376268, 0.5672768557757528, 5275.422934411743, 560.9924161568052, 2.1457679356321164, 0.06713903983390425, 0.10258373470570138, 624.8336971022374, 0.56830541717308, 5277.962323101872, 561.3651478602648, 1.9532102758214942, 0.06682725173787969, 0.10276727667251838, 626.2814272149374, 0.5671855580843862, 5274.478157351834, 561.7556266092952, 1.7844272801866068, 0.06651502892659136, 0.10262362651079618, 627.9623137435111, 0.568839694916057, 5281.166009854381, 562.1725782122388, 1.5715479828670875, 0.06590166720855235, 0.10279496262390003, 629.7001552097665, 0.5682599769293615, 5280.882474233668, 562.6827964482352, 1.354565350776584, 0.06528785933723022, 0.10273753573560818, 631.9566472222933, 0.5701906322542861, 5284.731095635726, 563.0804297081156, 1.1285885425751303, 0.06527595270011942, 0.10283512530938198, 651.6958263110862], "obs_std": [11120.586280585203, 555.5415843749145, 23.62769779555638, 4.255235560574164, 0.13188702356498683, 525.5887708358183, 0.8822356195999981, 11131.079488775442, 555.6089592124154, 23.002943074692645, 4.2552351555750985, 0.13414338067764112, 525.5166866915077, 0.882102253350791, 11126.936468667736, 555.6257606805506, 22.174916574241816, 3.9396229603570343, 0.1320081764512267, 525.3205649565379, 0.8776471891434141, 11132.649201396918, 555.500024127855, 21.02636489015497, 3.77192637496176, 0.12891982910255576, 525.4566120007081, 0.8772314796099874, 11134.284259796195, 555.4353089298422, 19.556475815365996, 3.596418792151823, 0.1314176096793128, 525.0312848421031, 0.8672833926395596, 11121.824007860767, 555.3032722470864, 17.915342383411776, 3.4118948545620533, 0.12842789918107134, 524.8512198492374, 0.8677433689079609, 11136.501324358864, 555.1747344254165, 15.976955806844137, 3.00909074354847, 0.1301111023759242, 524.8282467136952, 0.8640494051708528, 11130.463647387032, 555.18492140899, 13.593525108201954, 2.543271379479826, 0.1296503935952163, 524.869381073035, 0.8751564351889213, 11134.594882443585, 555.0422830328985, 10.426462087525975, 2.543270410776981, 0.12822952904105098, 533.7997649124312]}