{"obs_size": 14276570, "obs_mean": [5219.808468922282, 563.9052006889609, 2.6499790916165438, 0.06882288554541537, 0.10022336057435391, 626.2364350922824, 0.5526795952389331, 5222.307525029117, 564.2354855543033, 2.5295669758212234, 0.06851439803819195, 0.10021481419850883, 627.6314206325916, 0.5527512655350978, 5221.784250014425, 564.6361872634674, 2.385051451434063, 0.06790407068120054, 0.10019663243685359, 628.9965274872521, 0.5532564372955393, 5226.06068260453, 565.0263789551693, 2.199021543690116, 0.06729341553553142, 0.10027174538127867, 630.6036363443974, 0.5525582554493385, 5224.113354223933, 565.4426440664669, 2.019974265527364, 0.0666826027559212, 0.10020796412310544, 632.2347798240085, 0.5531901091088647, 5229.828212237476, 565.9681224551834, 1.813238403902338, 0.06637227358988194, 0.10024954423926798, 634.2904467518916, 0.5535653994622253, 5232.780467721594, 566.559248334859, 1.5970892868525144, 0.0657603283235471, 0.10021338711140015, 636.6158677309712, 0.5548528126854284, 5236.21107032484, 566.9926801045349, 1.3704244787088216, 0.0654493277613668, 0.10027302627416876, 639.555325243671, 0.5575524849456452, 5240.418500187374, 567.460608395434, 1.1149751656035027, 0.06513667069724005, 0.10044113076488301, 654.2779352123052], "obs_std": [10949.197921398569, 559.4170487032527, 24.706102448207417, 4.822782722478918, 0.12365434151900179, 527.5583578529992, 0.8239114121052459, 10951.651671665544, 559.3395549807749, 23.952482468597395, 4.686915078904946, 0.12189112409572439, 527.5869905496546, 0.8201640159068011, 10944.90513343315, 559.3848776747795, 22.8920624436213, 4.402618987900015, 0.12149634881875719, 527.4493763431258, 0.8276166460979383, 10952.728292326488, 559.3820318598539, 21.59724029216596, 4.098650266835586, 0.12268625535245845, 527.3505187467013, 0.8118706875690304, 10946.009335994448, 559.2642065338397, 20.09359798779752, 3.7702538068537406, 0.1215505566055477, 527.1727192920378, 0.8128904195923409, 10958.687995436974, 559.2627747858176, 18.326302225853848, 3.5948229518012518, 0.1191063850249372, 527.3336281500187, 0.8119814939615332, 10959.772967982995, 559.2808300337215, 16.26604280802122, 3.2153741793458406, 0.11666682648407016, 527.3740197008116, 0.8113835482789612, 10969.294343738795, 559.1605962035245, 13.780978078717018, 3.0077516542683496, 0.11627514145300376, 528.1585105065589, 0.8167820227908016, 10969.855109524498, 559.043023455207, 10.420611482714945, 2.784691339560894, 0.11635763537691078, 534.7083414371741]}