{"obs_size": 14264008, "obs_mean": [5265.199784793268, 565.0277107948903, 2.4924706295733996, 0.0644967240730046, 0.09902849352447113, 637.7910608246503, 0.555098799229589, 5270.613717902679, 565.3364923098753, 2.395744660266596, 0.06448976617947291, 0.09903072187242234, 639.0957210551242, 0.5557368693989225, 5269.254595889605, 565.7006274113138, 2.276442988534499, 0.06448224368684675, 0.09903113289056037, 640.2639201234309, 0.5555106066262253, 5270.356140378852, 566.1657283142297, 2.1294834523368182, 0.06447435775359436, 0.09900882477197155, 641.656799876668, 0.5559519862160188, 5275.580309259522, 566.5940983768377, 1.9482318714347329, 0.06416456073812736, 0.09903357358605033, 643.1184348822998, 0.5555031004610511, 5272.600669486341, 567.0655927141936, 1.7695097338700314, 0.06415528277340658, 0.09904830860036085, 644.865394302868, 0.5562250462844157, 5279.494437046042, 567.5569708738246, 1.5644569885266468, 0.06414679873554002, 0.09903433262551484, 646.8624296913844, 0.5562035496615902, 5281.725059342618, 568.114386152896, 1.3473211736841426, 0.06323426101935237, 0.09898026949907741, 649.5829236299722, 0.557943492390166, 5286.423653819552, 568.6255914887315, 1.1180654133116021, 0.06292336578023013, 0.0990733385038073, 667.6779611177453], "obs_std": [11056.306750089905, 560.8018681772072, 23.653304991884056, 2.7859030980065653, 0.11748650483577525, 539.4239649409521, 0.8104590033018317, 11069.71557085875, 560.9364427865595, 23.041239493313213, 2.7859026650030727, 0.1162054218722765, 539.5925809195187, 0.8114710532540763, 11047.055066118864, 561.0387146701005, 22.223799221147605, 2.7859023585689644, 0.11603931890076788, 539.6238359690282, 0.8098411937661563, 11059.648381362927, 561.0128222711409, 21.065286264734137, 2.785901926160578, 0.11495949560299015, 539.97930773939, 0.8050220191281932, 11063.465671780501, 561.0521129369482, 19.58318685498001, 2.543235811601038, 0.11519520401039099, 539.6263871868373, 0.7965924779909073, 11045.827077376853, 560.98630504121, 17.921612968334102, 2.5432351357877603, 0.1147450707788821, 539.5488709720291, 0.7989586188019816, 11078.05137775476, 560.918847946275, 15.971442797607288, 2.5432348907675326, 0.11318608621144924, 539.9323018843462, 0.7969285803974332, 11061.191949824666, 560.9186273345655, 13.585690521112937, 1.6088651837314087, 0.11207858641268209, 540.8455897711749, 0.7972569979641012, 11080.475582397357, 560.8068606751716, 10.369454945663579, 1.138088356321663, 0.11148938772238652, 550.5659778461156]}