{"obs_size": 14240282, "obs_mean": [5357.293600384861, 575.323120637639, 2.1168725450802164, 0.06328623515286577, 0.09722148798633326, 632.2732791689604, 0.5213327005743251, 5357.634486131399, 575.6236695312634, 2.0346436257371874, 0.06327956733708794, 0.09723344449183055, 633.064699658618, 0.521336512928599, 5361.705294696398, 575.9265619880282, 1.9430422796402484, 0.06327262754207542, 0.0972396670030138, 633.9897077630995, 0.5216767158122245, 5360.419636225766, 576.2511660232572, 1.8434949532600549, 0.06326519746393511, 0.09725507262187695, 635.1358006050207, 0.5217340508425243, 5363.68502904411, 576.5314607533754, 1.719967975353297, 0.06325723531283445, 0.09725155819140448, 636.2613662283685, 0.5219349476365642, 5364.370243905557, 576.8795398152929, 1.562100244924925, 0.06324893342155162, 0.09723389522440734, 637.6826960738963, 0.5218604439855885, 5365.518872731771, 577.2910181132651, 1.3797680411104218, 0.06323961288162135, 0.09722024750324491, 639.0730885265659, 0.522020167297245, 5367.704564454085, 577.7468934252846, 1.185771531771632, 0.06323022316539245, 0.09722145841030329, 640.7019708376569, 0.5221483195346789, 5369.723985989339, 578.2702454909249, 0.9769076904516357, 0.06261784691610144, 0.09723384576176254, 649.9166685689211], "obs_std": [10964.73738602865, 557.6500284977684, 21.5512561100243, 1.9718375906268142, 0.11269599875910181, 525.3588919325621, 0.7537130992923872, 10965.27777855066, 557.6386443109233, 20.973911491792293, 1.9718367797069984, 0.11225013808269715, 525.1409702830173, 0.7519671054477585, 10973.244074297392, 557.5711558828356, 20.311179105775693, 1.9718360100883237, 0.11094778488824471, 524.9400327150112, 0.7493166501195734, 10967.433299283723, 557.5373146435744, 19.546564739103797, 1.9718353218930906, 0.11140789124471251, 524.9370280293664, 0.7470063528260763, 10973.074138129767, 557.3981239373509, 18.536591997840098, 1.9718345302012377, 0.11030460678045753, 524.8503526875949, 0.7500213892984509, 10968.88281014009, 557.3305073676734, 17.079663617216337, 1.9718338320086677, 0.10913090605694155, 524.7045209648251, 0.7441712469108652, 10972.525752351816, 557.2981704575687, 15.19754675709069, 1.971832990462789, 0.1082194346248109, 524.4144911475086, 0.7417592227005392, 10971.03396954289, 557.2048740745361, 12.90225596976559, 1.9718321498581775, 0.1068789995055838, 524.1356328323434, 0.7368690044657564, 10972.800320855831, 557.1860563963363, 9.853388583734137, 1.139041635804126, 0.10498498313685356, 523.7638387493574]}