{"obs_size": 14276570, "obs_mean": [5288.950351829354, 563.5831003525356, 2.623525188473142, 0.06444206537278235, 0.10064516861424021, 625.6059301446625, 0.5463012676714473, 5288.913312994007, 563.9383302852156, 2.501992565441139, 0.06443333496099574, 0.10058489145775275, 626.8709890122486, 0.5464922594152626, 5291.556087904519, 564.3363719016543, 2.359677569612309, 0.0644238956664033, 0.10059093241177758, 628.2216142554286, 0.5471744723697808, 5293.956080727884, 564.734354680431, 2.1785993414384546, 0.0644139912895817, 0.10067900791695786, 629.8087042481459, 0.5467797585134387, 5292.431733875069, 565.1395959253517, 1.9990190220760309, 0.06440365466846053, 0.1006042861530473, 631.4175353723876, 0.5475604570285559, 5298.776327471173, 565.6747998994156, 1.7943278392499038, 0.06439271659657074, 0.10067020025986717, 633.3404868603571, 0.5479432655042651, 5299.16331189574, 566.1753601180114, 1.5792640669292415, 0.06408164910297826, 0.10062097760757649, 635.4701320268987, 0.5489204391531161, 5304.299997439742, 566.604982779477, 1.3531543641084658, 0.06376962511346213, 0.10062304277603182, 638.064013805045, 0.5508712185069831, 5304.885107869877, 567.0047341903553, 1.0966056272620104, 0.0637577164196373, 0.1006945000104374, 647.8743098104997], "obs_std": [11028.70659596292, 555.0644066844653, 24.54141576910714, 2.542140227829773, 0.12624376107363913, 525.3909246263244, 0.7868069400551201, 11027.990696044124, 554.9928356800142, 23.787855634402437, 2.542139456186267, 0.1241987230705666, 525.2862148382516, 0.7860554694532794, 11029.838833683374, 555.0478528492929, 22.729544548054598, 2.542138726778313, 0.12433104175863342, 525.0162832902053, 0.789701796843114, 11033.960654515864, 555.0719939932656, 21.457949401942482, 2.542137919443316, 0.12516241254822985, 524.8876382602795, 0.7807810956126277, 11028.570052652927, 554.9820532614368, 19.96691729185554, 2.542137081061911, 0.1230193219366527, 524.59325851125, 0.7825243996734476, 11039.908696699167, 555.0065704113174, 18.214361104162315, 2.542136158969544, 0.1219624435063304, 524.5301850982928, 0.7824281116449446, 11037.578393617297, 554.9590715359093, 16.160184580045986, 2.273850081299202, 0.11905395332917301, 524.3499822254234, 0.779389624551318, 11048.895097955263, 554.8236078419086, 13.713005371980076, 1.9693479514309624, 0.11793062647470282, 524.5657564475729, 0.7834943363212418, 11044.638828257277, 554.6183669779069, 10.348385063011714, 1.9693466437134468, 0.11713298921292305, 526.0796400953568]}