{"obs_size": 14251917, "obs_mean": [5255.786602285268, 562.2925721501184, 2.3529443793420914, 0.06669075419258415, 0.09949173939316382, 629.2850673479203, 0.5571128723946697, 5226.0463679968425, 562.5880385775472, 2.2703051105335508, 0.06668387270302724, 0.09945832425918633, 630.282644835585, 0.5575077747085188, 5258.955460129071, 562.8260617150662, 2.171376033132946, 0.06667672346619122, 0.09945984924701792, 631.4267473698652, 0.5579958775370704, 5241.520633683144, 563.231462686739, 2.044483770148254, 0.06606629643514698, 0.09947155384640603, 632.6714522186202, 0.5580886334800027, 5251.049173326166, 563.6747592622103, 1.9006268419890457, 0.06575682073457988, 0.09947883653981424, 633.9995310009128, 0.5586841010230725, 5260.104403769795, 564.0215401198309, 1.7134402340400945, 0.06574771371360863, 0.09951280639404539, 635.5145591993895, 0.5584579085045493, 5243.016958475531, 564.5339871120498, 1.531887113852824, 0.06513575353568994, 0.09949501258027199, 637.1237945778931, 0.5589795821151969, 5270.096789772937, 565.0889507706227, 1.3242946194536496, 0.06422293998422268, 0.09949282714360551, 639.1250021344663, 0.5591094551701654, 5256.595378469424, 565.6988059220383, 1.1050539376562465, 0.0636105336190299, 0.09945701863496634, 659.6109687768511], "obs_std": [11456.744534636144, 560.8984205727, 22.58621980627149, 3.941274042358249, 0.11948034950833995, 525.9832248406857, 0.8038382212559196, 11003.792394216001, 560.9828651776684, 22.01191122655256, 3.9412736812533975, 0.11863854309940923, 525.9904705538869, 0.8029277349531042, 11413.533449258572, 560.7557516021551, 21.308032321347447, 3.941273370896051, 0.11743816116941451, 525.741064740159, 0.8023446491348531, 11192.424508312497, 560.9869598881894, 20.399240494861786, 3.5979224117743187, 0.11635672093639543, 525.6189263950108, 0.7991162757268355, 11291.914500603545, 561.0016632398945, 19.07261570867106, 3.413319373090911, 0.1161319124035826, 525.4890965295656, 0.7992687310693283, 11394.879314862275, 560.8979785082098, 17.42785103175314, 3.413318922230827, 0.11575717418087642, 525.3195270753068, 0.7973698469874396, 11107.668134254718, 560.9644762222684, 15.51425881124213, 3.010341167453967, 0.11283326846936649, 524.9506389065618, 0.7906755394741666, 11449.45442885143, 560.995461670518, 13.14185665179095, 2.2758006838448734, 0.11160956803640104, 524.920450458855, 0.7901524953625296, 11252.568611577319, 561.1731068823619, 10.003073034152083, 1.609557418016719, 0.11109654024864223, 533.2352492380271]}