{"obs_size": 14264008, "obs_mean": [5242.4508819236125, 564.3369409916204, 2.5014235830490286, 0.064504566605552, 0.10014491167370379, 634.6609744671584, 0.559213344524257, 5245.098337056854, 564.6250868619816, 2.403835093194003, 0.06449783928220784, 0.10019915685864744, 635.7966866210432, 0.5595764063649307, 5247.548245359372, 564.9699499607683, 2.2801972629291853, 0.06449029236650228, 0.10017109202855305, 637.010278171231, 0.5593429555003597, 5244.533284929948, 565.3599494616099, 2.1346686709654112, 0.06418097761920281, 0.10013216650123827, 638.3884694960841, 0.5597849697645101, 5253.277207158021, 565.7546425240367, 1.950076794684916, 0.06387060278395323, 0.10021504970440337, 639.982149259962, 0.5592642211081729, 5250.219482798181, 566.1748321369421, 1.7721521889219356, 0.06355981435793712, 0.10016243089235642, 641.7478880649795, 0.5600385923087512, 5257.7351857557605, 566.6821835770144, 1.565345869127387, 0.06355061950421849, 0.10019762686209965, 643.7930998265502, 0.5599557565447829, 5260.018297478484, 567.2621266757561, 1.3463415752430874, 0.06323952862281955, 0.10015798920268396, 646.5578773931783, 0.5615497206676211, 5260.057364871314, 567.7367232968461, 1.1179565378819194, 0.06322905479512674, 0.10024158595031771, 665.8000910391575], "obs_std": [11017.570605317094, 561.8415382093332, 23.66652679088156, 2.5432441142366184, 0.11990549187645355, 533.5237454526957, 0.845125900259552, 11017.055180140604, 561.910164393301, 23.04429706185114, 2.5432438533063477, 0.1193745798898281, 533.4541710108423, 0.843983831106144, 11019.172567939282, 561.9199441541134, 22.214777040373285, 2.54324352745506, 0.11894860871830124, 533.5623275961834, 0.8398441234216178, 11016.246572447131, 561.8008532450061, 21.06272229289198, 2.274837737200269, 0.11754714378981639, 533.7601473991672, 0.8374230005978676, 11031.521611190923, 561.7890601799425, 19.562862640701226, 1.9701991149960174, 0.11906836142388288, 533.5614124933114, 0.8244441177733249, 11025.815047090664, 561.7113790336974, 17.899962896560798, 1.6088759129629262, 0.1173003900909381, 533.3898342343609, 0.818815556487675, 11035.126072162117, 561.6658406871103, 15.943031190900689, 1.6088750537546688, 0.1165123324016493, 533.5601331468008, 0.8112449626196012, 11036.072498883028, 561.7518026134994, 13.540317170599677, 1.1381028474383026, 0.11544892631708957, 534.2363698626802, 0.810083387376289, 11031.871538826997, 561.6621122245888, 10.329687936316391, 1.1381012980519876, 0.11469839194171393, 546.6629153484621]}