{"obs_size": 14289583, "obs_mean": [5267.239231304163, 560.6552372452016, 2.81096635220216, 0.07091357851457918, 0.10264223943637801, 618.641936202528, 0.5647926197006702, 5269.021924572607, 561.0128579679335, 2.673914067331426, 0.07060414623450498, 0.1026178963500196, 619.9969940258353, 0.566008732655117, 5270.566824756885, 561.3550013320893, 2.486153864671908, 0.07029396240254832, 0.1027806249583352, 621.3368987295138, 0.5652204668953802, 5268.046089864004, 561.7692190177978, 2.3184150300257187, 0.0696826531565052, 0.10265187550490393, 622.639308072457, 0.566603365822519, 5269.395947892472, 562.1350438987618, 2.1097787108273205, 0.06907111542730796, 0.10283743747077878, 624.5205071560194, 0.5658112727292519, 5267.619700339279, 562.5625322306466, 1.900156638580706, 0.06845856270970951, 0.102761333053876, 626.6032254006802, 0.5674310645734234, 5270.037381411561, 562.9796476216275, 1.6771854714024894, 0.06814716168576151, 0.10280089018042032, 629.3304020348247, 0.571606589149614, 5273.934513443357, 563.3485314441995, 1.4182834446603516, 0.06723285399007851, 0.10308223849016554, 634.3458048408642, 0.5866772191323117, 5264.98130197707, 561.7357624781633, 1.2014694900474003, 0.06571655894123027, 0.10397995153791431, 645.6542345870685], "obs_std": [11114.383310204343, 558.0358722040806, 25.52049423059544, 5.449087132974209, 0.1332020335760223, 526.0311232160348, 0.879975532436648, 11119.176467172665, 557.9672320763507, 24.532917853851863, 5.32932153134274, 0.13129553704051222, 525.9170561730658, 0.8777326542641462, 11123.237815816976, 557.9130879659762, 23.369418908528953, 5.206801780891671, 0.13337621675429145, 525.8048182420424, 0.8750498176296185, 11110.048871748102, 557.8917122870523, 22.06913182045016, 4.95267816477624, 0.13068825971741166, 525.285503580205, 0.8743886901695347, 11111.85035229313, 557.777506230833, 20.509316800360864, 4.684789891573109, 0.1325180599488667, 525.4487105887156, 0.86886422640741, 11100.541370382061, 557.6968920870243, 18.74191801499078, 4.400623759297652, 0.12996568201527786, 525.3804520201088, 0.8719021047519683, 11097.322380893555, 557.5088178131352, 16.662292888014314, 4.251424124077563, 0.1282418749993721, 525.7388377713993, 0.8817848315914102, 11102.411629179514, 557.3997253371673, 14.073421622536127, 3.768548454531174, 0.12956610022904863, 527.1006867235868, 0.924285406097288, 11080.645652111536, 555.817844049161, 10.803055939215957, 2.7834402995161702, 0.13397459733825035, 532.0717757775998]}