{"obs_size": 14276570, "obs_mean": [5190.411000381266, 560.5416624581393, 2.6677521281372205, 0.06676564325122211, 0.0999268429734176, 626.2108566388645, 0.5592661592385472, 5188.530320612836, 560.942554969436, 2.5483881632633048, 0.06645726246108838, 0.09993775352217005, 627.5045678369007, 0.559517656762115, 5194.043977918717, 561.3607077890558, 2.4063679861479335, 0.06614800980866561, 0.0999488157684938, 628.8308320941679, 0.5602073584201505, 5193.312236382963, 561.768754119512, 2.22410046670874, 0.06613942360763833, 0.0999984574834852, 630.4203296290326, 0.5597673020900915, 5193.980492321011, 562.1878175920406, 2.0476475091706203, 0.06582949931034565, 0.10000454574397097, 632.0770055895794, 0.5605625014972346, 5200.071014483671, 562.7636526140382, 1.8466041212980429, 0.06581997555442948, 0.09999550091030317, 634.1319563352591, 0.5608295536673317, 5199.605505534542, 563.3348417021735, 1.6346957287359638, 0.06520874646557984, 0.09993381418092753, 636.5041038455707, 0.5622794326648656, 5207.394368930824, 563.8027253745122, 1.41508254433663, 0.06429599244756261, 0.09996854413798345, 639.6526408647655, 0.5656271259133255, 5204.754483647539, 564.2175519049744, 1.1609321426645194, 0.0642843818803186, 0.10012392903638659, 656.3583249192646], "obs_std": [10921.874152380498, 557.7617832102361, 24.582442094980514, 3.937872027735707, 0.12126687582073438, 526.5654567284457, 0.8147899361294197, 10910.28189449346, 557.765812446362, 23.828540629331204, 3.7702486382530083, 0.12053065820213181, 526.4271325123955, 0.8126312358098389, 10925.882332485358, 557.8248906281361, 22.772496493194414, 3.5948175396322397, 0.12056048121991905, 526.1757607702506, 0.8161478337025184, 10913.776689506882, 557.8866478470408, 21.480338529718388, 3.5948172796058597, 0.12105986775822321, 526.0617819321586, 0.8028374185433584, 10917.132701207971, 557.8120212990598, 19.9914179835215, 3.410373739949083, 0.11990417856377604, 525.7995349562503, 0.8074784099980714, 10924.836669895825, 557.8705382287553, 18.24475287492493, 3.410373331796021, 0.11821809484043933, 525.891077663476, 0.8073462809047659, 10921.78625420163, 557.8628109255102, 16.214010584897096, 3.007744416522754, 0.11472203247710142, 526.0099821590184, 0.8073518898886717, 10935.647533976819, 557.7655653311526, 13.806644867662742, 2.2738391590019447, 0.11397895562572044, 526.7688409257123, 0.8146076878939837, 10927.753426221598, 557.6005522657337, 10.470827766085261, 2.2738381882657825, 0.1140216228092881, 534.7367041973365]}