{"obs_size": 14276570, "obs_mean": [5185.612066302695, 560.3573594357747, 2.641107352816538, 0.06921407816990299, 0.10042201236711652, 624.01681563233, 0.5519043467023433, 5189.336935077418, 560.7273368182974, 2.5204260547176247, 0.06860453486454336, 0.10041966028829094, 625.4004845665266, 0.5521404761788222, 5188.665284034266, 561.1381466977012, 2.376144760261043, 0.06799363303280093, 0.10041111123211033, 626.6770389916226, 0.5525746117590068, 5192.642534447281, 561.5171795466279, 2.1924476957700625, 0.0673824956630408, 0.10049809882492802, 628.1618631100192, 0.5519659465123827, 5189.843082625414, 561.9110859261012, 2.0136466252047938, 0.06677077490553407, 0.10042751438461793, 629.7707549296041, 0.5527195312319578, 5195.057615009291, 562.3793377540964, 1.808368746834849, 0.06645977414295595, 0.1004776353437844, 631.8034811278404, 0.5532952203505713, 5198.157047168713, 562.9466291973491, 1.5928727278330859, 0.06584721897585362, 0.10047736132152217, 634.2007598417488, 0.5544440297634771, 5200.986740546001, 563.3137257058243, 1.3676365541583166, 0.0655359112859809, 0.1005338548748061, 637.240106332079, 0.5572021029561285, 5204.9875388047685, 563.7661354933293, 1.112932237925496, 0.06552325728631579, 0.10070532289821757, 652.5998168338689], "obs_std": [10963.757399120446, 561.0343588126067, 24.663711171238475, 4.954926718868847, 0.12412730333118153, 531.1288173864014, 0.819637019273736, 10966.549435894729, 561.0126638997217, 23.907253033207116, 4.686915928714388, 0.12257057955680344, 531.263738621313, 0.817180622832315, 10960.077220039619, 561.1266528224827, 22.840779927337113, 4.402619871108098, 0.12206654400062024, 531.0875440897705, 0.822725242351562, 10971.006453490341, 561.1620931395466, 21.559789499861324, 4.09865119098577, 0.12374975108696305, 530.8648643698803, 0.8088066320780531, 10958.524947824144, 561.0629647526094, 20.061033415140997, 3.770254613408945, 0.12270399322813438, 530.69947057204, 0.8106468368086158, 10976.559532363759, 561.0030843943356, 18.305703516331533, 3.5948236522279284, 0.120190590096958, 530.8573080648695, 0.8125742710649093, 10975.860384702082, 561.0856712178869, 16.23716186249741, 3.2153748743019994, 0.11803639143308094, 531.1145354565391, 0.8105340562412499, 10987.49573325047, 560.8522447392269, 13.769643982649834, 3.0077524558032493, 0.11760955150075406, 531.9948174397309, 0.8142003490290832, 10987.788945864444, 560.7751036039858, 10.416225671400653, 3.0077515616997044, 0.1179612486330797, 539.9412387227578]}