{"obs_size": 14240282, "obs_mean": [5226.974500338431, 562.1219011674066, 2.190047079123854, 0.06395366192152119, 0.10096605505705603, 626.9168389590455, 0.5556912584315434, 5227.117946544329, 562.4264042664323, 2.0944215851905184, 0.06394582183752566, 0.10111651509942125, 627.7404652214047, 0.5547484689558836, 5231.282536930225, 562.7423999047211, 2.0089699768586042, 0.06393791797171737, 0.10096938492439986, 628.7750606085467, 0.5558711451079422, 5230.86451389593, 563.0537937380735, 1.9081386871411676, 0.06392908525983709, 0.10110111535333478, 630.02675444938, 0.5558014851812578, 5233.615785055902, 563.3684903852325, 1.7815036247175442, 0.06392013507788143, 0.10104469134150593, 631.3304803681491, 0.5560335801636489, 5233.8406646057365, 563.7216088136455, 1.634989672255086, 0.06391076699422958, 0.101030510870432, 632.8456274062502, 0.5566876148941466, 5236.700116410006, 564.1187739119213, 1.4443672534013021, 0.06390054211223642, 0.10111016783368507, 634.3465387364719, 0.556276641782807, 5238.4982991694005, 564.5906266462981, 1.2647384370618504, 0.06389029235292693, 0.10105343910907079, 636.1528608169422, 0.5573369377797457, 5241.015334946155, 565.1188976454258, 1.0509648615104672, 0.06327678560439436, 0.10112682193477718, 653.0515330347147], "obs_std": [10947.816259354404, 554.7021043062255, 21.40982940937148, 1.9718454938143728, 0.1216272830289588, 524.693478234199, 0.802777949382165, 10946.192731123701, 554.7047510358057, 20.830903938061986, 1.9718444486708402, 0.12350579786854249, 524.5177981914057, 0.8011382491587529, 10954.979255144246, 554.6670552391248, 20.177817564505066, 1.9718434998889438, 0.11982951610849223, 524.371569427712, 0.7976976051776684, 10950.909654135281, 554.6423872670032, 19.41793202607225, 1.9718425359851175, 0.12126045482738844, 524.3997708510726, 0.798280738651221, 10954.96033541431, 554.5556816592573, 18.410330229257507, 1.9718413805608783, 0.11989359041871302, 524.4027039745673, 0.7989006640052241, 10951.899224863726, 554.4794580393306, 16.974489698541973, 1.9718404239290106, 0.1188914517659253, 524.293456380982, 0.7935792855871799, 10958.899310179391, 554.4667413544397, 15.124317309099514, 1.9718394110420308, 0.11926905699386116, 524.0250977146804, 0.7899812427564276, 10957.643144751924, 554.4153181605186, 12.877237367457978, 1.971838477679985, 0.11726267338272393, 523.8634201768033, 0.7888431656130931, 10959.708910643845, 554.4120529469892, 9.861894737208807, 1.1390521929169168, 0.11547794500994064, 526.9455797831929]}