{"obs_size": 14240282, "obs_mean": [5274.071447108406, 564.7339718412879, 2.181902296597778, 0.06693147340797936, 0.09990892140513827, 631.6024058395324, 0.5538861988126594, 5275.631283534097, 565.0080634639116, 2.091727116078179, 0.06692458421484403, 0.10001041183650801, 632.4326861674526, 0.5533869134052528, 5277.666063915726, 565.3336295587407, 2.0035143966952336, 0.06691754887832473, 0.09993177725202373, 633.4617745616365, 0.5542168410007853, 5278.774225107607, 565.6616293132398, 1.9048343284213052, 0.06660871454435564, 0.09999011769886373, 634.6915991904698, 0.5546172502061625, 5281.641969199444, 565.9622990612123, 1.7813429537420677, 0.06599813156088664, 0.09999108341723911, 635.9024281556555, 0.5545418306323093, 5281.329798642704, 566.2986454903069, 1.6316137559635406, 0.06538660676875095, 0.09995459479159308, 637.2339471523536, 0.5548599353580482, 5284.630582560792, 566.7213675262893, 1.4441567940859599, 0.06507522897012297, 0.10003194327268296, 638.490724848892, 0.554181345074512, 5283.776391961711, 567.1631156602094, 1.2587643980645888, 0.06476362068125627, 0.09996593688081401, 640.153152533637, 0.5546120385116251, 5288.25745544864, 567.7364262168404, 1.0491063308999078, 0.06415141296633838, 0.10001143855248137, 659.5882297880968], "obs_std": [11108.3786861258, 559.0382449829009, 21.47134764085591, 3.9428898515014703, 0.1185086312171547, 527.1708436487406, 0.8136117560172775, 11106.214099838486, 559.0698255247448, 20.882212182407805, 3.9428893870989232, 0.11970038201802755, 526.9661446557852, 0.8116371335157041, 11111.380929547502, 559.012155316206, 20.224810283021643, 3.9428890048321295, 0.11713458539211452, 526.8211737888885, 0.8092866316616796, 11108.530873423962, 559.0596457300427, 19.467755479696873, 3.7750523989759337, 0.11814902023765529, 526.8528486570839, 0.8121759727214996, 11122.936468230862, 558.9669720629987, 18.470061998526546, 3.4147204366519155, 0.11740076199746723, 526.8462796422933, 0.8080958551024578, 11110.787050749765, 558.8993199396392, 17.055070395251587, 3.011579138335189, 0.1161734984694423, 526.6490863407915, 0.8070480859467494, 11123.558528633037, 558.9297703348553, 15.185554465005957, 2.7882347354759975, 0.11700277668548537, 526.3104356475458, 0.7998775378284955, 11112.784085057965, 558.8360807321699, 12.904544241638298, 2.545367584602287, 0.11424568392461665, 526.0764098449914, 0.7936381845250471, 11113.940801767101, 558.8990339081365, 9.882009978378235, 1.9718501654035918, 0.11255279511025548, 534.5252347497883]}