{"obs_size": 14251917, "obs_mean": [5238.7264872748665, 561.4871911617222, 2.3642559804410874, 0.06844722952723611, 0.09942133413940049, 632.9900815289634, 0.5576487128012693, 5238.729484776006, 561.7894288185934, 2.2800901099830986, 0.06843990815559187, 0.09938680534323921, 634.0391045221437, 0.5579849488318384, 5241.844917522298, 562.1161850718048, 2.178888075197182, 0.06843229452593064, 0.09937460309893809, 635.1451985298058, 0.5584144142855043, 5239.152976697115, 562.486870853935, 2.052436454688867, 0.06812241269522659, 0.09940494206225109, 636.3984785485774, 0.5585320425315792, 5249.515632896389, 562.9659364420942, 1.9035664465348765, 0.06751150057154535, 0.09941179759494814, 637.7709009529005, 0.5591041847212941, 5252.690077830296, 563.3320145633742, 1.717951977968999, 0.06689990701392066, 0.09944204811591266, 639.2949785121548, 0.5587058541668879, 5247.10410016021, 563.8554838622764, 1.5352240684533878, 0.06628802574257996, 0.09942628362689682, 640.9462287761382, 0.5591479091550021, 5256.461737366724, 564.4204154430594, 1.3267905643851279, 0.06537499629875224, 0.09942361749230008, 643.0438741895997, 0.5592556563443718, 5259.06046423882, 564.9486005286166, 1.1041274657998639, 0.06446076015606335, 0.0993892035646851, 664.1950151356676], "obs_std": [11201.522754034933, 557.7585092326741, 22.683758247460258, 4.826943200086214, 0.1191268482419777, 528.6602267667453, 0.8104905831063177, 11134.934911695671, 557.903782601616, 22.108327877068106, 4.826942951868729, 0.11829387025133623, 528.7743855590552, 0.8084490817843134, 11170.858618908758, 557.7774360010185, 21.394941971310374, 4.82694266780295, 0.11683628859578303, 528.3866248336333, 0.809158803991647, 11137.432390845537, 557.9606762094221, 20.471978673216512, 4.690957163441114, 0.11633438057327156, 528.230749047678, 0.8057396536594381, 11242.193858062707, 557.9605749348763, 19.126908297666613, 4.406414635975372, 0.11683867407309705, 528.1559980613328, 0.8043834628945997, 11296.592675852853, 557.8538234085341, 17.480181068710532, 4.1021824072322985, 0.11605960966117698, 527.9975123785161, 0.8014976617919608, 11135.671951799835, 557.894651218467, 15.587169299261406, 3.7735011084465504, 0.11330354692762151, 527.6886530854997, 0.7916921225512528, 11255.750996587145, 557.8826166433558, 13.216904226835712, 3.2181402880098915, 0.11189454614252987, 527.7365889601058, 0.7919202467899499, 11256.13266324023, 557.8967517538242, 10.056087533104206, 2.5443148918735914, 0.11090810702820382, 538.618922043298]}