{"obs_size": 14264008, "obs_mean": [5248.167840265472, 564.5046099245037, 2.5022318411487157, 0.06445696405646507, 0.09918690918688494, 634.9062078699063, 0.556107134614687, 5258.608104825904, 564.7784560973325, 2.404747599692878, 0.06444982278081524, 0.09920388815527925, 636.0657181347651, 0.5568000033371445, 5256.045330164982, 565.1545219969029, 2.284255939845239, 0.06444192716220655, 0.09921676057900472, 637.235744796974, 0.5565421611514116, 5255.58540036712, 565.7030902534547, 2.1382574939666323, 0.06443381773034144, 0.0991825283055085, 638.6104688711088, 0.5571160978037151, 5266.021735705206, 566.0599678575614, 1.956088358896041, 0.0641238793588823, 0.09923083984192982, 640.1721567303255, 0.5566214770771981, 5254.497042191166, 566.5461966229968, 1.7792427626232403, 0.06411460447779693, 0.0992324701508171, 642.0376442553386, 0.5573785240446468, 5271.9264350474505, 567.0611558125879, 1.5729941402164105, 0.06410555185913595, 0.09920265096409137, 644.049695158334, 0.557370470487752, 5267.6439933473275, 567.6558674812857, 1.3584067675789302, 0.06349362154698233, 0.09915407263400262, 646.6524912835617, 0.5590045443749764, 5271.389949505217, 568.1749990605725, 1.128598357488302, 0.06288093688534999, 0.09922191136747971, 665.956491787438], "obs_std": [11006.31763596773, 561.5597656699829, 23.661976601639438, 2.7859016870820423, 0.11792191934494001, 533.2772111641988, 0.8148537932469521, 11014.408394827744, 561.7289110644315, 23.035309839392628, 2.7859012505612295, 0.11683933961441363, 533.201168226413, 0.8166802215718337, 11010.663205218945, 561.8598977982866, 22.211608935282634, 2.7859008749033105, 0.11711362944503162, 533.0882883561493, 0.8133371208827163, 11022.885449408996, 562.0024450444708, 21.057493091478474, 2.7859003433997307, 0.11596162138278918, 533.3260271369315, 0.8091692770107135, 11036.056993066357, 561.9935197896573, 19.580307272299976, 2.5432340920491843, 0.11616362425995895, 533.0383622591297, 0.8012500843978854, 11020.728972192508, 561.9386190219254, 17.93038848447615, 2.5432335076410038, 0.11527842146230598, 532.9416824294385, 0.8020671482911179, 11041.916625971602, 561.9568055915573, 15.982279222520717, 2.5432329412250674, 0.11348028958020473, 533.1062251327114, 0.8001541124244921, 11025.557205113953, 562.0898785481994, 13.609014557466905, 1.9701865424659373, 0.11291874200666076, 533.6472933585761, 0.7982846758287863, 11029.584598402946, 562.0777202328668, 10.396742749241298, 1.1380828844174258, 0.11160676167240142, 544.21814280988]}