{"obs_size": 14264008, "obs_mean": [5314.0504322250545, 567.142416002571, 2.4540762315893265, 0.06317671902477394, 0.09897401520911961, 630.4679178902127, 0.5404432712741329, 5316.829818505583, 567.3987864420716, 2.357005618617152, 0.06316930826518947, 0.09904851990359297, 631.5470023045001, 0.5407457287601327, 5317.246019475171, 567.7096939373561, 2.232949953477312, 0.06316119746821017, 0.09900042180458776, 632.634157927889, 0.5408214495533356, 5319.561287933604, 568.0678115155291, 2.085142408781599, 0.0631529912160825, 0.0989821244655777, 634.0508018368947, 0.541205587588028, 5322.671806115298, 568.4371673796032, 1.9032738203736286, 0.06314364294636754, 0.09901532314711305, 635.5823602805496, 0.5411012074586891, 5320.300084514992, 568.8451591586319, 1.7221900043802556, 0.06313417638114964, 0.09899424591272057, 637.3505605182839, 0.5418424921663199, 5325.9969270568645, 569.2941902444251, 1.5156198734605308, 0.06312478233173513, 0.0990473557024088, 639.1312580275727, 0.5419175529066143, 5327.719612539075, 569.7764935353372, 1.294858990544593, 0.06281416727655557, 0.09901186953505561, 641.3733248131452, 0.5428388171122926, 5331.206701107623, 570.2404961494693, 1.0646806984404384, 0.0628039675111039, 0.0990472092863393, 651.4972540991256], "obs_std": [11021.002535063119, 556.1171252701446, 23.602375582007376, 1.6088760744718915, 0.115982531381737, 525.3324485685785, 0.7751778278764615, 11026.410127167082, 556.1566619252643, 22.98269671584213, 1.6088751159023191, 0.11596152590391745, 525.2849574599857, 0.7747892744134677, 11024.006646723436, 556.1374107729752, 22.14872562762336, 1.6088741274785392, 0.11486836471616171, 525.0933922665259, 0.7761830876536246, 11029.034125986778, 555.984212078746, 20.988450391373572, 1.6088732735870381, 0.11371468518751118, 525.2023353502146, 0.7716223573968594, 11032.92837232545, 555.901260817062, 19.50778481369494, 1.6088721485896453, 0.11411400993128, 524.7531922728674, 0.7685520425654832, 11023.785123661448, 555.7802369342488, 17.853893841015086, 1.6088711033002145, 0.1128410175288974, 524.5637793423539, 0.7680901071201637, 11032.247333644471, 555.6532553436668, 15.896217182674619, 1.6088701036310953, 0.11246120035239372, 524.3955698808038, 0.7631304123437525, 11033.769908124761, 555.6221121414691, 13.491423087028506, 1.1380961798612959, 0.11171203972938555, 524.3077079512655, 0.7628220783796668, 11035.228266116066, 555.4955355355486, 10.278742514113008, 1.1380947875707967, 0.11074992234014691, 524.9099126982363]}