{"obs_size": 14276570, "obs_mean": [5195.543898391545, 559.8153597117514, 2.6655517396685617, 0.06573218422317856, 0.09993747911291058, 628.7892603160785, 0.5576359173107054, 5203.812499314068, 560.1976841075973, 2.5460539191136244, 0.06572529207863678, 0.09993484301635533, 630.1004834035945, 0.557770758382479, 5199.761940069198, 560.6370048267897, 2.404341729140823, 0.06571693641694774, 0.09993073970610665, 631.4927913755618, 0.5583674091886589, 5203.036532950091, 561.028909745128, 2.2223331654592102, 0.0657081765742824, 0.09996617727633444, 633.1155845842959, 0.557900708223373, 5200.820138127063, 561.5116791358148, 2.0452776822444045, 0.06539833944078326, 0.09997095737106382, 634.7535544903772, 0.558450420934482, 5204.332318699649, 562.0901004933257, 1.842465942449762, 0.06538936372469739, 0.09996065356594826, 636.8139685774182, 0.5587091239002506, 5211.871892005575, 562.6646550957267, 1.6280731296102635, 0.0650792600354361, 0.09988871325311384, 639.255510186498, 0.5600364350821283, 5212.37361280023, 563.1333375593717, 1.4059975190119196, 0.0641667974718786, 0.09992380656299164, 642.4165001063994, 0.5629556074743904, 5217.049567057999, 563.5615654180241, 1.1527781532959247, 0.06415534233636645, 0.10007607346190345, 658.3193515318653], "obs_std": [10911.53800932745, 556.2153435441951, 24.571624878585535, 3.4103738985674417, 0.1222298258158173, 527.5147376669562, 0.8236081771562814, 10933.709862112975, 556.236523051275, 23.825985735323343, 3.4103737666358716, 0.12089502622255088, 527.4539940159846, 0.820607656402678, 10918.256989087238, 556.3270976043318, 22.773750886889108, 3.410373402613711, 0.12121247072669852, 527.3515525870112, 0.824064825653984, 10921.157443152739, 556.4105265769037, 21.495216246991994, 3.4103730012888613, 0.12125273780181238, 527.3583293578142, 0.8124893472261139, 10917.815218388427, 556.4240757637655, 20.00650856138207, 3.2153664734585345, 0.12018543722017326, 527.1086009158546, 0.8104677821560164, 10917.24852661622, 556.4839531472352, 18.249138741039108, 3.2153662205295626, 0.11795903535135742, 527.206718625703, 0.8092125249621797, 10934.782635161288, 556.5573841397361, 16.201282749085603, 3.007743338536931, 0.11483147822070455, 527.429537788679, 0.8076658280673066, 10935.50391240683, 556.5037536272865, 13.793396337056363, 2.2738377804853087, 0.11345966320694384, 528.4862534785569, 0.8100865907602648, 10937.140888118212, 556.3017505565001, 10.44266694617975, 2.2738368774983604, 0.11368519411907739, 536.5496813883117]}