{"obs_size": 14264008, "obs_mean": [5223.337248208321, 564.0894700844251, 2.5150309786702314, 0.06411835126614697, 0.09983866651364781, 634.8959388056053, 0.5578094833514298, 5223.899863188402, 564.4365859161044, 2.417838660774728, 0.06411173465299033, 0.09986863507031198, 636.1188130541827, 0.5585180724800973, 5225.120071414662, 564.8661232523144, 2.295503269487791, 0.06410400643095068, 0.09984801982212925, 637.341458076112, 0.5583650988558595, 5226.670889987148, 565.2979890364614, 2.148736666440456, 0.06409592873315359, 0.09980604698784488, 638.7107269998654, 0.5588971472114046, 5231.149246943617, 565.7616598364218, 1.9630014929885065, 0.06378589142084974, 0.09989347858407036, 640.219148948597, 0.5581350511721963, 5230.61079820808, 566.2789237078385, 1.7824528000825575, 0.06377617608929634, 0.0998500135944267, 642.0922597822871, 0.5589569468834191, 5235.427944444623, 566.8566390316103, 1.5731669527947545, 0.0637673254912736, 0.09988705726020357, 644.0418514114705, 0.558785465137197, 5239.646990160886, 567.5077009210873, 1.3534081024071214, 0.0634566619097612, 0.09981216066346811, 646.543971729729, 0.5602641626393271, 5240.11661236019, 568.0702538164588, 1.1229791093779533, 0.06314535795227603, 0.09989627095673359, 663.5852071155574], "obs_std": [10946.543538393771, 561.2768142755241, 23.82605339789017, 2.274833966887034, 0.12026767588862246, 533.6345383524178, 0.8199386667043197, 10948.76429714281, 561.4344362630555, 23.21252959457414, 2.274833675301767, 0.11927684203921947, 533.6770647083041, 0.8235779898327585, 10945.020888544133, 561.6216223807681, 22.394005206913878, 2.2748332459251803, 0.11840305784340281, 533.6717227586755, 0.821142321728826, 10949.048236574077, 561.651541332726, 21.234281938755856, 2.2748327058899163, 0.11727250629486317, 533.7440939961032, 0.8213667089457782, 10957.737776752138, 561.7970290986449, 19.733480056181417, 1.9701934892041575, 0.11888350152340556, 533.4423908456598, 0.8095040443435286, 10948.77860786291, 561.8969995657861, 18.044052404160947, 1.9701925130783047, 0.11714181020690212, 533.4768491638597, 0.8064732553453574, 10959.605846131153, 562.0911895250138, 16.051695457854517, 1.9701921250492653, 0.11590620549949208, 533.4898801094877, 0.8013744804521951, 10962.316608656769, 562.3749426433393, 13.639844961164796, 1.6088683353905937, 0.1144780662144009, 533.7051769887876, 0.8043912895915654, 10957.622646233489, 562.5770972625568, 10.359558167532445, 1.13809275588353, 0.11357426702289172, 541.6227027466306]}