{"obs_size": 14276570, "obs_mean": [5282.849589088305, 560.6042663608974, 2.6403112232139794, 0.06745916236127422, 0.10176207888442453, 622.2073265011628, 0.5604113629534307, 5282.741004763474, 560.9754347858064, 2.5171009563221416, 0.06745064196288718, 0.10169560778086068, 623.4908971585338, 0.5606117078542044, 5285.219603981045, 561.3608570546007, 2.3798429174514606, 0.0671404013155889, 0.1017231201996709, 624.7507942762613, 0.561460386633497, 5285.367819358238, 561.7547658856435, 2.1924066494963426, 0.0671303903215616, 0.10180867297144944, 626.2829054937762, 0.5606240721686097, 5284.490210299581, 562.1203129323079, 2.0204967299568453, 0.0671201135708435, 0.10172501599978215, 627.7732840272338, 0.5619311648386168, 5289.460355222898, 562.619028380066, 1.8131194677713205, 0.06680828020540625, 0.10181810841063414, 629.6089476343844, 0.5616121358281511, 5288.627380674725, 563.0892848212139, 1.6011544789819965, 0.06589499599911613, 0.10177315440067247, 631.747678255952, 0.5630949356883455, 5293.562576269428, 563.4616037325492, 1.3804315042058422, 0.06558284041146402, 0.10184413121723312, 634.5222332564476, 0.5663058425098044, 5292.120828704695, 563.7946763123075, 1.1230453813486012, 0.06466721632276519, 0.10201418845738221, 648.484898539913], "obs_std": [11117.771984047185, 555.9632536151724, 24.491809437181672, 4.0986571456901055, 0.12952770723408027, 526.0542100013137, 0.8348907331590698, 11115.480875811227, 555.9165975564782, 23.73569792626696, 4.098656729854002, 0.12734300608199914, 525.9595565438709, 0.8342664475938368, 11116.543722443004, 555.9720981439099, 22.67332990913685, 3.93788327742195, 0.12703062305334442, 525.6689583044, 0.8335402673476021, 11114.191740046028, 555.979573421305, 21.402376199065714, 3.937882769645218, 0.12797834788261298, 525.4806156094057, 0.824891342132335, 11110.033292586659, 555.8579775542453, 19.914600089698244, 3.93788228691204, 0.12535823328316886, 525.2337417961875, 0.8296589649158342, 11119.695515298366, 555.8565694318165, 18.160414671309955, 3.7702590498659307, 0.12515760226334105, 525.2435570142104, 0.8246577023336739, 11114.878941585739, 555.77067563197, 16.11699430088743, 3.2153808499154497, 0.12231653943220629, 525.1101751565346, 0.8245078769994907, 11123.601636106632, 555.5731181881921, 13.711579797044148, 3.007758547650634, 0.12242894446158498, 525.6045872952195, 0.8346812690146683, 11113.209885286464, 555.2961377852089, 10.382193756158157, 2.2738567786331014, 0.1216638226128472, 530.2954637384802]}