{"obs_size": 14289583, "obs_mean": [5225.806302602977, 568.8077661188573, 2.7864228088391383, 0.06553267937126657, 0.0991017476377018, 626.5524241979688, 0.5345397975574663, 5228.833553522675, 569.2189252128629, 2.635604341988146, 0.06552425081796313, 0.09905592508486694, 627.9662210743344, 0.5346862667721347, 5232.001012280479, 569.5812235388535, 2.455622882767118, 0.06551576791961668, 0.09909250722459866, 629.396062037924, 0.5345360734459982, 5233.225208193735, 570.0788144762516, 2.2697873688826324, 0.06550684151385665, 0.09904684827877723, 630.8283690666581, 0.5349541295222228, 5230.146274819306, 570.5547271043529, 2.0653069442264336, 0.06549729464688385, 0.0991390238871915, 632.8899890649068, 0.5349023866547107, 5238.292195428893, 571.0609604912894, 1.8473969464329365, 0.06548727538544007, 0.09907450621176266, 635.2532905305048, 0.5359585080264857, 5237.544570573817, 571.5494763563079, 1.6118736984837136, 0.06517692024162733, 0.09908899468773803, 637.9857591081598, 0.5374793076887324, 5244.826744197418, 572.0441203217755, 1.356661072614925, 0.06456547733605046, 0.09917014816828462, 642.0780897178054, 0.542501902819742, 5246.661664383965, 571.9263127552427, 1.1023146021825827, 0.06335229992100579, 0.09943942053942374, 649.859221862765], "obs_std": [10886.958620652518, 557.7797388839244, 25.848054172543026, 3.4088165273434243, 0.11860185709901476, 526.4495068840417, 0.7828796110197038, 10890.06143949019, 557.7344760806119, 24.851156965530166, 3.4088159704740666, 0.11672715846981094, 526.3321582421379, 0.7808234424615149, 10900.362660965218, 557.6895028865022, 23.657031841929946, 3.4088155725040763, 0.11750096515969725, 526.2514349567444, 0.7741287270778097, 10894.163110693664, 557.7520630908699, 22.335117835796474, 3.408815080640623, 0.11721583956898984, 525.7330890630057, 0.7743361074524256, 10890.805249867517, 557.6915780164485, 20.749233417683527, 3.4088146164523674, 0.11573476856229917, 525.8295281022569, 0.771106974006158, 10908.180733680827, 557.6203097879948, 18.944805607333546, 3.4088140140904835, 0.11364603299570525, 526.019709329265, 0.7717417019002962, 10897.514016510224, 557.4450808940003, 16.804877848502475, 3.2138961284957173, 0.11204965035730596, 526.4749147468301, 0.7770717733998945, 10915.818436998088, 557.4188825931276, 14.167685787289157, 2.783408024542595, 0.11298834125963242, 527.736838443542, 0.786434108744914, 10916.19719405789, 556.9540753970342, 10.76646088467368, 1.6074270485162478, 0.11177341857822305, 530.2849478052796]}