{"obs_size": 14264008, "obs_mean": [5253.388281488964, 569.5985617086026, 2.4070876152060494, 0.06362780142994404, 0.09875677989419282, 626.3524991229671, 0.5340702988949505, 5255.547916620231, 569.89523673851, 2.309761744384889, 0.06362076697223772, 0.09879754428888526, 627.4788075916247, 0.5344655462195393, 5256.302718187534, 570.2345652077593, 2.1891068064459867, 0.06361294112118665, 0.0987858132358038, 628.607903342126, 0.5344404830675872, 5259.105886031037, 570.6320589556595, 2.037953077423961, 0.06360513319034428, 0.09875986222567999, 630.0812478322512, 0.5347139132984132, 5261.618368041368, 571.0439909315811, 1.8607274336918487, 0.06359621295936849, 0.09878267297683842, 631.6729158626831, 0.5347763205825409, 5260.421754934371, 571.4835545521286, 1.6760861323128815, 0.06358705820006096, 0.09877834430659477, 633.4871396216233, 0.5352462928371804, 5265.728321243489, 571.9775729935093, 1.4729278054246744, 0.063577879494819, 0.09879367624849944, 635.2520432479675, 0.535189323575809, 5267.580754159435, 572.5366732828528, 1.253994178915211, 0.06326719667747892, 0.09878577716080872, 637.4944930378584, 0.535965601253161, 5271.072026434468, 573.0452917581089, 1.021433807384292, 0.06325725235019017, 0.09882757571104969, 648.494612041717], "obs_std": [10928.998511728774, 554.663531430146, 23.549966935479418, 1.6088783883245048, 0.11262256070253761, 523.9812666597626, 0.765615459470973, 10934.933131012322, 554.7367394154551, 22.928902229137652, 1.6088776384244583, 0.11194511041709962, 523.9452665471035, 0.7662125403964211, 10933.216598629011, 554.742693977414, 22.097525962628016, 1.6088768789248995, 0.11178625547824254, 523.8011574345328, 0.7679370021315901, 10940.94603094264, 554.6153529637983, 20.944068267853194, 1.6088762939973493, 0.11005802276850583, 524.0061477254696, 0.7642862161027805, 10944.679990586581, 554.5726758948698, 19.46157431819291, 1.6088754339769065, 0.11034557960097663, 523.5957731232675, 0.7607722296281444, 10938.062934821779, 554.5033868388053, 17.792619271478117, 1.608874723042742, 0.10945030473794322, 523.4489305393372, 0.7601185378590402, 10946.742540711899, 554.3896152304267, 15.834615652356156, 1.6088739947439246, 0.10868160453035122, 523.2143209528991, 0.7564819528772682, 10949.311334702159, 554.4168974465051, 13.446694765145715, 1.138102058989504, 0.10850799998367404, 523.1360871445006, 0.7546030095879528, 10952.30670472556, 554.3098627348395, 10.216007819345226, 1.1381009772559707, 0.10716223928108123, 523.7424836134312]}