{"obs_size": 14251917, "obs_mean": [5330.986068163484, 567.6294271149628, 2.3040072433764522, 0.06314670997951496, 0.09897637097360304, 632.2589575929107, 0.5403222610684825, 5331.0681441855, 567.9187819435098, 2.2195132767051615, 0.06313911469068463, 0.09892170473137056, 633.1927544208932, 0.5406816595971178, 5337.722370388802, 568.1842298828993, 2.1168752245750517, 0.06313131911771011, 0.09896856968385395, 634.1997004236955, 0.5407834943888872, 5333.482342903791, 568.5416448888946, 1.9903483159493558, 0.06312288365481761, 0.09894329957359484, 635.4097845830809, 0.5410974127901756, 5339.449326880864, 568.9209136567384, 1.8402665409853283, 0.0631143929625128, 0.09894739708398494, 636.8131514022979, 0.5415407847940954, 5338.322274281958, 569.2703037072135, 1.654060081882318, 0.06310525892622842, 0.09897358654067365, 638.3744365391703, 0.5415416472745649, 5340.885721130093, 569.7366210454358, 1.470211270525923, 0.0630955479241224, 0.09893555384563262, 640.0366120992627, 0.5421837618055392, 5346.257965322865, 570.2708237074353, 1.2601862612587487, 0.06278485961159658, 0.09898835529704607, 641.9033144289726, 0.5423856482605243, 5345.509638264552, 570.703715156354, 1.0377087517419585, 0.06277491244196305, 0.09896182554648524, 653.2838900461834], "obs_std": [11054.932501343419, 556.0494735178373, 22.63629543441505, 1.6095574592460946, 0.11855808842606676, 525.4562289406397, 0.7721487203321896, 11053.311191475714, 556.1147809407368, 22.054891596040896, 1.6095562370779473, 0.11719108350847958, 525.4439029363825, 0.7697428522899379, 11065.732380891639, 555.9504890795324, 21.339452576641843, 1.6095551915566277, 0.11673297109649229, 525.0950067148801, 0.7686026139603724, 11050.091830960844, 556.0845335860593, 20.417045996418548, 1.6095540908425778, 0.11539059673880647, 525.0083125093225, 0.768825284260664, 11063.993669713996, 555.9898846024613, 19.06719195908686, 1.6095531253516209, 0.11499584906347747, 524.9250865380574, 0.7675879014436223, 11059.40636137311, 555.849871629102, 17.42082442110824, 1.6095520289248544, 0.11434364818529416, 524.76409500271, 0.7670420137892041, 11062.40134456889, 555.830741901444, 15.514508104862227, 1.6095509640935806, 0.11120171782787469, 524.4415624396438, 0.7621166170647952, 11073.295762148891, 555.7863607674304, 13.122561164357577, 1.1385767753331713, 0.11096382523753037, 524.2264416490026, 0.7601561390417124, 11062.714149261265, 555.6746660704699, 9.93265398302454, 1.1385753792416349, 0.11031282591139858, 525.1829598187927]}