{"obs_size": 14276570, "obs_mean": [5204.152843780905, 558.8846763613387, 2.6396736050746084, 0.06471062761749552, 0.09907132593851382, 625.8426598258103, 0.5621075499227157, 5206.030985520391, 559.3046272318911, 2.5188706390960856, 0.06470312941680723, 0.09908147317478923, 627.2235190926054, 0.5622243946550277, 5206.9660198695055, 559.7438751044544, 2.3794000239553337, 0.06469485564131357, 0.09907604418071064, 628.4876525639281, 0.5628379429372897, 5207.0214401709445, 560.1557599619517, 2.198390229585958, 0.06468590354889922, 0.09911560577827863, 630.0406952791824, 0.5622630344683758, 5210.414210491933, 560.5995610290146, 2.0235441005787806, 0.06437596831207418, 0.09909616093676592, 631.6546534232422, 0.5629836537067523, 5214.173771082538, 561.1644460118921, 1.822413857109936, 0.06436651462754074, 0.09908296583500163, 633.6449022634938, 0.5630781603704733, 5216.013874572721, 561.7820933179328, 1.6108516961707189, 0.06405583479043715, 0.09903546512082383, 635.9469141458492, 0.5642991065080926, 5219.712627474676, 562.2278844988676, 1.3913227757087312, 0.06374416730349834, 0.09907690177500696, 638.9123621511325, 0.5674980701247082, 5221.2014508212615, 562.690241913849, 1.1397198346661697, 0.06373281804152581, 0.0992452790419549, 654.8338904906354], "obs_std": [10968.934892764526, 556.4737916516519, 24.456994131714264, 2.784680491187939, 0.12082275235746508, 527.8850429262169, 0.8296076410937174, 10967.842981853679, 556.4741031613988, 23.710572398366104, 2.7846801954732165, 0.12036541157294307, 527.8673368364388, 0.8276061670611516, 10969.458654904853, 556.5732345686644, 22.65386872703007, 2.784679765686914, 0.11990741040734806, 527.5676562973897, 0.8305848594648885, 10953.060235825737, 556.6370578324859, 21.382524068173943, 2.784679306671661, 0.12037204097087739, 527.4784313354667, 0.8183763586604677, 10972.530936008528, 556.5885195100234, 19.902155981965205, 2.542120327296648, 0.1192085093898878, 527.2633772998279, 0.8184077187009038, 10974.366838927555, 556.6434239335877, 18.145843226086118, 2.542119729861431, 0.11707431855930213, 527.3095793982161, 0.8188190397175668, 10965.94720297724, 556.692637589942, 16.100769845897982, 2.273831868045558, 0.11427005952120904, 527.3300808810652, 0.816951038519524, 10977.395397768807, 556.5758758512864, 13.691841300351632, 1.9693269868050456, 0.11308937698170231, 528.0204372997006, 0.8245980942246068, 10975.345148739547, 556.4326725892176, 10.37138714491301, 1.9693260820320908, 0.11357531988824553, 535.2909294032246]}