{"obs_size": 14251917, "obs_mean": [5231.763678304724, 566.2960371576679, 2.319350161806303, 0.06345469116001189, 0.09962283923124172, 631.4708629842097, 0.54403534794655, 5233.292861410794, 566.5744056045232, 2.23399532848809, 0.06344742937256248, 0.09957329450382017, 632.4493839363463, 0.5444022005601331, 5238.147805617894, 566.8713534466978, 2.130300155410672, 0.06343976148184992, 0.09961151303421197, 633.5644576606796, 0.5445768132806567, 5235.252414760881, 567.2253442817553, 2.002971179245571, 0.06343128980179445, 0.09958635920732672, 634.8263168825141, 0.5448934054275195, 5240.218337954146, 567.5975551920491, 1.8518905912797552, 0.06342276713659788, 0.09959930140899638, 636.2435777914405, 0.5453635177639864, 5239.117468395234, 567.9622501309824, 1.6652566107422602, 0.06341341567826426, 0.09961335706150967, 637.8419571949518, 0.5453911632379301, 5243.283463700808, 568.4194428721415, 1.4801000454886175, 0.06340342772955523, 0.09956810317215507, 639.586225522729, 0.5460485103162176, 5247.377826676017, 568.948671396276, 1.2685230344802036, 0.06309258780170637, 0.09963690746837844, 641.5618536484095, 0.546280649052349, 5246.471481956507, 569.410708257703, 1.0443334745774902, 0.06308257779954302, 0.09960912997661947, 654.2167015258817], "obs_std": [10910.764476929544, 555.8558340717752, 22.699828077276504, 1.6095543746643197, 0.11916244565321563, 525.3245432181475, 0.774247912810041, 10911.934800461471, 555.9130763310574, 22.115325904700004, 1.609553272803093, 0.11784612931929882, 525.3072882026373, 0.7723457706012415, 10921.516905322558, 555.7730802132734, 21.391948794143286, 1.6095522863503735, 0.11726780881132443, 525.0002999041623, 0.7719544897307703, 10906.322503257112, 555.8869999409952, 20.45714286936783, 1.6095511858738047, 0.11596071079342306, 524.872727832529, 0.7716978457234597, 10923.15196228174, 555.8027742775542, 19.102768025364032, 1.6095502712143703, 0.11569796944858206, 524.8005682155508, 0.7708647992981534, 10916.680494390259, 555.6851299552102, 17.456189121245515, 1.6095491402748672, 0.11497970209538902, 524.6749443261082, 0.7704148115644073, 10923.952122482513, 555.6606310632901, 15.54932472895545, 1.609548036584988, 0.11187162628357303, 524.3647784209433, 0.7646728968959258, 10931.926127509643, 555.6033414905438, 13.150502393664853, 1.1385727168657114, 0.11178193291678082, 524.156385069331, 0.7620937786880123, 10921.01520166108, 555.5064310417506, 9.945762949674101, 1.1385711976054589, 0.11068786162829533, 524.9488355254847]}