{"obs_size": 14264008, "obs_mean": [5278.888358734612, 560.4356532189271, 2.5216066900691594, 0.06671224584703868, 0.09966012249824903, 629.8801631627872, 0.5580145173082075, 5290.471435231869, 560.726416446205, 2.4237593669324924, 0.06670482261403154, 0.09965690684455643, 631.0770096691421, 0.5586786723619606, 5286.625561855598, 561.087155447473, 2.303685682172921, 0.06669697939885672, 0.0996706441735037, 632.2147732236252, 0.558501196648263, 5297.81240833024, 561.4864951702214, 2.1564592504434934, 0.06638782080773702, 0.09963475803147323, 633.6075888558502, 0.5590449560179971, 5298.250576638185, 561.8974008567578, 1.9724525533075976, 0.06637883833331602, 0.09967052354443488, 635.1775384859077, 0.558611659149404, 5293.284360603308, 562.3521795557041, 1.7942135197905105, 0.06576744354995635, 0.09967551105888421, 637.0788259151254, 0.559361078386972, 5303.493025345917, 562.826460276803, 1.5858742507715924, 0.06575858339129682, 0.09964967397347256, 639.0772787869081, 0.5593704931321207, 5295.694143630093, 563.4303391445096, 1.3698153422235881, 0.0645447160215504, 0.09960130058487059, 641.7301536376009, 0.5611658378907494, 5313.065721582834, 563.9319312636392, 1.1400865030361733, 0.06363102537583552, 0.09968898943852376, 661.0307925543281], "obs_std": [11762.62627523605, 555.536207030541, 23.792987665682787, 3.939604832112273, 0.11892935008433839, 527.5492628804438, 0.8115644543324432, 11865.54564817721, 555.6408033696213, 23.180848083577423, 3.939604487068534, 0.11752167004716425, 527.5355346422255, 0.8133395530091725, 11810.981845738721, 555.6998531258093, 22.365746417504905, 3.939604250127924, 0.11723149781212054, 527.3638202019862, 0.8119290158449871, 11896.55521235763, 555.6275030515577, 21.21088994236549, 3.7719069782990444, 0.11667465494240462, 527.4448821657822, 0.8060600113209806, 11874.237926667229, 555.6343647915788, 19.7199435271178, 3.7719067085108753, 0.11693981484129354, 527.1009162283516, 0.8031731871591764, 11843.791744597573, 555.5541174134552, 18.047438441075204, 3.411873779572694, 0.11622269084783712, 527.0191733133249, 0.7998698684661375, 11919.026463931212, 555.4797260683744, 16.06737846558742, 3.411873556964198, 0.11365920399038316, 527.1367035420044, 0.7965595304829076, 11805.188443834722, 555.5441318466939, 13.696577374823077, 2.5432438983758314, 0.11349631157221302, 527.469797443978, 0.7990904205030824, 11949.291619716118, 555.4777922167095, 10.46205076047275, 1.6088787222029373, 0.11249918413806749, 537.3513918075313]}