{"obs_size": 14276570, "obs_mean": [5230.332838804726, 563.2618851026541, 2.6637268615640872, 0.06778073362397959, 0.10027588919194218, 623.6091425077169, 0.5496150804430056, 5234.767690042096, 563.6481268259813, 2.542918572178051, 0.06747215973571367, 0.10023195792336749, 624.8860683349436, 0.5498433135550238, 5232.664052613082, 564.0238097806407, 2.3981945243150142, 0.06716245339840722, 0.10022646115635701, 626.1058579221267, 0.5502245843364565, 5238.148907968084, 564.4154464272582, 2.2143630437843265, 0.06685264185473812, 0.10032294065220156, 627.6303138720276, 0.5496777760344592, 5233.842203230569, 564.8273438227809, 2.034058741000114, 0.06624167953339641, 0.1002549716520851, 629.161177046963, 0.5504083880792274, 5238.859778455273, 565.3128006236791, 1.8258206277838445, 0.06623212374821834, 0.10029692814016332, 631.0396802956624, 0.5506940405854033, 5243.574176922425, 565.815350956147, 1.6068578797288144, 0.06592102335309559, 0.10027692763598024, 633.1919447548396, 0.5515709811250402, 5242.997754163228, 566.2309975715455, 1.3771920706444194, 0.06560997139138446, 0.10031630697548644, 636.0106815798202, 0.5542007694425468, 5250.71387055201, 566.5766289101654, 1.116810410343661, 0.06529750646892776, 0.10046538234309807, 650.5823210677787], "obs_std": [11033.093888819812, 556.705604753686, 24.840826802385372, 4.402620333063049, 0.12377830027496928, 525.2976176483108, 0.8179837436819486, 11039.104349918543, 556.6721941194529, 24.088657623258545, 4.25335219447432, 0.12256445524975793, 525.2229290841146, 0.8168329348796296, 11034.477655757655, 556.7382847993896, 23.033419554509646, 4.098651331351488, 0.12208040826438765, 524.8946567939423, 0.8201867045262405, 11043.572464904948, 556.7814857354717, 21.7565095490138, 3.937877737654275, 0.12347031403015285, 524.7998370150093, 0.8088009054165903, 11028.43002981102, 556.7378171509666, 20.254393533800645, 3.5948240796322124, 0.12143451028621058, 524.4867086902372, 0.8110197901288906, 11043.726776398962, 556.725195441732, 18.477592665247112, 3.5948237606014866, 0.11989426189308149, 524.3625383041554, 0.8120013302174349, 11053.298276674679, 556.6702192776664, 16.391733067325024, 3.4103806438442197, 0.11794970219830474, 524.2524280380195, 0.8082210687581569, 11057.5159037535, 556.5272120414555, 13.956642542436475, 3.2153748753469293, 0.11737406019280375, 524.6565435575882, 0.8149532568378857, 11069.32052518746, 556.3019491392207, 10.53084179608803, 3.007751908200199, 0.11691202783488565, 529.3807800608577]}