{"obs_size": 14264008, "obs_mean": [5197.47939990716, 561.7119015216481, 2.5098136512542624, 0.06372964238775919, 0.10120730627015985, 625.9006365524099, 0.5558089178020738, 5198.793346615593, 562.0012354872488, 2.4104166234343114, 0.06372080068134686, 0.10129353301281173, 627.0785714427088, 0.5562897302076812, 5200.189073071984, 562.3130289887666, 2.284888861531766, 0.06371122461724205, 0.10124348455385129, 628.2497303039908, 0.556267462623418, 5202.158525852518, 562.6845629923931, 2.139000623106773, 0.06370168031328491, 0.10120744846693834, 629.6670812945813, 0.5569021244239476, 5205.275572233575, 563.0709892338815, 1.9496557349098513, 0.06369070824870109, 0.10128330196779212, 631.222684874916, 0.5564999204291085, 5203.997222083006, 563.4796349665535, 1.7726425840479056, 0.06367973033940653, 0.10123429381019794, 633.0373871119504, 0.5574900949298499, 5208.395107841245, 563.9553720104476, 1.5605731572780945, 0.06366893390533268, 0.10130811211967969, 634.9593868159654, 0.5572823204389848, 5211.121985459595, 564.4817621386638, 1.3395609424784394, 0.06335698279678019, 0.10125030008683363, 637.3591561054914, 0.5584574269027407, 5214.173770895765, 564.9525059856949, 1.1086332116471052, 0.06334578151800908, 0.1013119358352167, 650.9890049675575], "obs_std": [10874.93552387088, 556.0626687402963, 23.74720531839469, 1.6088961115657447, 0.12282857565145341, 525.3891869050676, 0.8049930235963916, 10878.40705241347, 556.1278788027014, 23.121722210686986, 1.608894695599395, 0.12281169938174205, 525.3516858914586, 0.8082821219035337, 10876.584024864604, 556.1129300045096, 22.286743314493684, 1.6088933066915128, 0.12175840662733628, 525.1720532996194, 0.8065501521055081, 10882.226082190835, 555.9572452431079, 21.11682236302313, 1.608892006866809, 0.12058480056921617, 525.3675967382273, 0.8037057691772915, 10887.200871611012, 555.89917554958, 19.62489672808543, 1.6088903700945845, 0.12139982074141326, 524.9406004004545, 0.7986218910938997, 10879.829991757166, 555.7766744452554, 17.96986106715225, 1.608888893389826, 0.11991691755431494, 524.7763907995982, 0.8013535683334296, 10888.623530735664, 555.6685211479895, 16.009694669939037, 1.6088875365343576, 0.11937864706516056, 524.7075288612456, 0.7941973611811938, 10890.458377146184, 555.6683294847587, 13.593908824835575, 1.1381203777761786, 0.11825792299263227, 524.736421761802, 0.7938397731625122, 10891.611622155518, 555.5735677693698, 10.36149582011987, 1.1381186864471966, 0.11753790666030478, 526.8233135872918]}