{"obs_size": 14251917, "obs_mean": [5243.433815982582, 563.3253953836526, 2.3435680266731835, 0.06617052022188386, 0.10030959728617582, 628.924175226018, 0.5525201491841661, 5243.636484596033, 563.6339723280735, 2.261264081175886, 0.06616317777033849, 0.10018923689886812, 629.9507119364538, 0.5529972848565033, 5248.008977547163, 563.9467232373021, 2.158062245240412, 0.06615488233885376, 0.10023118244689556, 631.0634498926239, 0.5534129504824044, 5246.842007519007, 564.3606945648083, 2.030365669404333, 0.06554351784283567, 0.10024402448695208, 632.3119784299856, 0.5534504200382488, 5246.50612508987, 564.7621579609257, 1.8817173858085194, 0.06523319108033773, 0.1002175377753043, 633.6605812515809, 0.5539990032218306, 5251.464408751817, 565.1895587800575, 1.691037212748292, 0.06462074392757948, 0.10029127724866783, 635.0869781026643, 0.553491878040006, 5250.936647279457, 565.6815245977087, 1.5090357318247083, 0.06400758294207824, 0.10022039799354651, 636.6552262328318, 0.5541007293264703, 5260.7938712660025, 566.2234688849227, 1.2940019226887163, 0.06369595811013543, 0.10025563276442089, 638.5750721086804, 0.554210882858795, 5258.889993002473, 566.7064092500678, 1.0714021840009313, 0.06368474847342466, 0.10027575523966295, 657.5931959373532], "obs_std": [11111.337844909762, 563.3055780208658, 22.841472188443653, 3.413330497400553, 0.12325152800345027, 531.419217473544, 0.813709030217721, 11120.327610600483, 563.4400126264293, 22.26440030886199, 3.4133301343255957, 0.12089833403483145, 531.6586494750806, 0.813449685198916, 11117.198826829042, 563.4115692176464, 21.5539676216515, 3.4133296313407997, 0.12052341372500334, 531.2545063121754, 0.8134679516210461, 11117.139427425103, 563.6812152386691, 20.63467004659286, 3.010353442998067, 0.11934575274492751, 531.150350405395, 0.8104221805143949, 11102.445644324409, 563.6619183693101, 19.291470254544837, 2.7871007787268436, 0.11861681413433228, 531.073297226755, 0.8116604701842361, 11117.200273448298, 563.662663473492, 17.6309382123901, 2.275815699317351, 0.1193625581766113, 530.9296634918011, 0.8081007640680825, 11111.312990185286, 563.7036260836741, 15.71127137168077, 1.6095782265295906, 0.11696393817728414, 530.6890448498364, 0.8004254572254865, 11157.725860598997, 563.7170841713452, 13.27700528377599, 1.1386156534981964, 0.11486980034429253, 530.5931368889972, 0.8001557474034532, 11143.057139028451, 563.4847957034223, 10.065279012820769, 1.1386133795709943, 0.11495782958284277, 539.9867754696456]}