{"obs_size": 14289583, "obs_mean": [5290.684596628587, 572.4444655942724, 2.7601834847105056, 0.06466600535999592, 0.0976096125843556, 625.1991258155485, 0.5208043693087381, 5294.892962618701, 572.8337062040227, 2.604778529926311, 0.06465743173611904, 0.0975949320015145, 626.6143708121731, 0.5209250462382202, 5298.061219659658, 573.2003657489515, 2.4287852906554375, 0.06464863240880477, 0.09759318805230364, 628.0061096645476, 0.5211595736558596, 5297.337241076339, 573.6768951900136, 2.239629036060744, 0.06463943675348018, 0.09757595692918396, 629.3610762409655, 0.521164208570671, 5299.313431349403, 574.1280748360537, 2.035934568559488, 0.06462943611147416, 0.09761586642906274, 631.2156318255082, 0.5212303524182549, 5301.541003420177, 574.6119503977129, 1.8176183307798415, 0.06461916890171727, 0.09757971818533807, 633.1293513764098, 0.5216136528266726, 5303.8707030310015, 575.1364867680182, 1.5794284549801068, 0.064308593228796, 0.09756800496648424, 635.2744646886254, 0.5222288396379325, 5309.32689813375, 575.6894983569498, 1.3240967213668866, 0.06399754056021897, 0.09758280125403271, 637.7458955397994, 0.5231858196981619, 5311.131257865272, 576.0475398057453, 1.0605786746891073, 0.06308511335244069, 0.0976224612843498, 641.8019930093619], "obs_std": [10852.208766872775, 556.8237225675674, 25.780909639522186, 3.0063743040160142, 0.11589815007099778, 525.9283414903172, 0.7636746481554294, 10858.796956576816, 556.7492484025202, 24.762601134711225, 3.0063737582300623, 0.11431605832521347, 525.7900198847929, 0.7599997428618899, 10864.952366402533, 556.6797110421919, 23.5801826333595, 3.0063732186326555, 0.11452974337061371, 525.6823300911002, 0.7577569602810361, 10858.532072762184, 556.683968827902, 22.240494004461826, 3.0063727216704854, 0.112947078523414, 525.1342858248263, 0.7550204976456857, 10861.337542234382, 556.611306190555, 20.654779113823672, 3.006372107634121, 0.11305473565227539, 525.0572222906371, 0.7525720931528732, 10865.109731444529, 556.5313296741276, 18.853927990877434, 3.0063715289938124, 0.11091634363664257, 524.8537927146394, 0.7493669032984017, 10861.761894299221, 556.3923941123346, 16.705973254958277, 2.783412453321444, 0.10939927969680949, 524.7738736462201, 0.7513536741425509, 10872.823169853165, 556.3340750620985, 14.02510897266436, 2.540964321639268, 0.10873036655237486, 524.6973066470541, 0.7464693216053614, 10873.966748789097, 556.1290797270414, 10.582126773270442, 1.6074345667542274, 0.10762369450995794, 524.2219357920619]}