{"obs_size": 14276570, "obs_mean": [5219.028023433155, 563.2040537748211, 2.6852580136545403, 0.06595362584991347, 0.10035740576307935, 628.1942160279443, 0.5570822848905765, 5221.112465911266, 563.6087407549572, 2.5627923233661867, 0.06594634694461617, 0.10033447146688623, 629.5711553350666, 0.5572696137097606, 5219.626645713391, 564.0260830857833, 2.42008101385697, 0.065937751243548, 0.10029622688993294, 630.9392063198162, 0.5579603759166598, 5225.39890519949, 564.4705480377991, 2.236455184963895, 0.06562823444168316, 0.10043703249912254, 632.5171202202836, 0.5572788521332838, 5219.611786967647, 564.805640640574, 2.058184003580692, 0.06561916807174976, 0.10033724469378895, 634.0862058996929, 0.5579643820609839, 5232.162899940987, 565.470703607379, 1.8534861664951736, 0.06561016364127381, 0.10038022051935531, 636.1670237045705, 0.5580699443213998, 5228.858614013633, 565.982785991313, 1.6374875757972678, 0.06529920156641986, 0.10027465860504307, 638.4273937684319, 0.559241731032059, 5235.9250361917, 566.5175338334067, 1.4113060770199004, 0.06468738082229131, 0.10028908487129719, 641.4256195657675, 0.5622873437387657, 5241.294956244758, 566.9834873502529, 1.1553374515027068, 0.06467552494808626, 0.10046627862343716, 656.3477296332351], "obs_std": [10968.028812099656, 562.6801006592739, 24.79226654509632, 3.4103771095317814, 0.12622338773519265, 530.8725549079376, 0.8304358296984793, 10970.446864551426, 562.7435650520108, 24.026341326144195, 3.410376924143151, 0.12495491776819634, 530.9381608988181, 0.8284687553900906, 10968.22270008319, 562.8023879039894, 22.97264352522325, 3.4103765396207613, 0.12403113667374162, 530.8460520430278, 0.8320518677407086, 10975.09886756038, 562.9323833619758, 21.701816311839238, 3.2153702938473963, 0.12603097882112355, 530.8160095547257, 0.8199108722117356, 10963.876281364935, 562.6887743215619, 20.209561658202446, 3.215369898773366, 0.12300189861653184, 530.4581850682581, 0.8166673461016476, 10998.157803395618, 562.8684767921468, 18.46261133112057, 3.2153696666148313, 0.121608376661389, 530.753643641701, 0.8148700428247548, 10970.334650453186, 562.6783375488219, 16.44095645766671, 3.0077467835403677, 0.11848494935881669, 530.6373442993149, 0.8115734403761264, 10996.152314173527, 562.6178464809427, 14.016281890892232, 2.5421289311150748, 0.11670831196205879, 531.4871580728233, 0.8189800266012907, 10994.292815381097, 562.4788444095345, 10.712773283567799, 2.542128116685838, 0.1171818481324831, 538.3979772718708]}