{"obs_size": 14240282, "obs_mean": [5285.696346040458, 565.2139064380888, 2.1908900399584783, 0.06554007553383562, 0.09983212665760384, 628.5336299989052, 0.5500435133939294, 5283.584017921519, 565.4844354205907, 2.100390076544833, 0.06553285933586987, 0.09994685792837639, 629.364960487019, 0.5495590916668817, 5285.8527625656, 565.8286890666914, 2.013540462190285, 0.06552606711714831, 0.0998664206733408, 630.3225687183825, 0.5503783366790235, 5286.219690097782, 566.0991953670581, 1.913814698332519, 0.06551866721474468, 0.09991226861069294, 631.488630730763, 0.5506839423545327, 5287.508258637157, 566.3809440009685, 1.7901389171927915, 0.0655109078188282, 0.09990665552100797, 632.6304913259856, 0.550730847886316, 5288.906803859116, 566.7102439403938, 1.6397178089591202, 0.0652008582702307, 0.09988460999473321, 633.9533951187143, 0.5509384985494182, 5289.845250875692, 567.0667219230631, 1.4506991504803064, 0.06488986874242506, 0.09994994939131134, 635.1522412663795, 0.550359422025517, 5289.584903433557, 567.4847978431887, 1.2634257523832744, 0.06427684493770008, 0.09989201102548355, 636.7661330902938, 0.5509379998935605, 5292.246011436636, 567.999979705458, 1.0504567255058572, 0.06366435906768667, 0.09995181040157793, 655.4506569917164], "obs_std": [11126.566358067712, 557.3228897957188, 21.625392528732707, 3.2194683671542887, 0.11898583565138342, 524.8975051146978, 0.809421182967695, 11125.217640411878, 557.3433947169544, 21.04123273851616, 3.219467704552995, 0.12072538508150615, 524.7174956748818, 0.8061384670155107, 11121.981689524946, 557.3721534576305, 20.388564881268618, 3.2194673587867535, 0.11824991046252688, 524.5558942616377, 0.8058437548045351, 11131.177484418069, 557.3414437527321, 19.638203630472976, 3.2194669968396457, 0.11896464493852188, 524.4974399832129, 0.8076239312381286, 11119.038897948352, 557.2541847367194, 18.64276599934388, 3.2194667113800457, 0.11770575665199841, 524.4898870456634, 0.8069150228556823, 11129.803994610795, 557.1853271721178, 17.213199003894605, 3.0115794603628694, 0.11665568458955498, 524.3331349109782, 0.8011372029225717, 11129.042099689777, 557.1329094742283, 15.33275676656578, 2.788235155104681, 0.11738100184075628, 523.9142293036389, 0.7969725434157947, 11123.631638869596, 557.0321574202065, 13.059522382231506, 2.2767401237623295, 0.11686636693808389, 523.5785234988539, 0.7927925459018798, 11136.848637787261, 557.0139884174279, 9.992417738816012, 1.6102301009788846, 0.11336807423043667, 529.690151333706]}