{"obs_size": 14289583, "obs_mean": [5219.420411534307, 566.496925977476, 2.881653999280455, 0.07104076369066176, 0.10068148753571016, 628.8951860210857, 0.5546538957085226, 5229.390768431323, 566.9027015693879, 2.7326621077745936, 0.07043077869060968, 0.10066483747797271, 630.3809906825629, 0.555203367096175, 5226.635660755999, 567.2771033976289, 2.5463703174543304, 0.07012123159528873, 0.10075151702404515, 631.9143696003368, 0.5548366728406559, 5230.443403835691, 567.7744453424568, 2.360650342280807, 0.06951028503932549, 0.10072123975220258, 633.3309406658415, 0.5553412777685893, 5229.529266164304, 568.1975996780312, 2.146540245436133, 0.06919989524908465, 0.10077796870118608, 635.4222466781138, 0.5554761685488177, 5232.631941019357, 568.6722404705582, 1.9234357643606534, 0.06888847600773945, 0.10073172836716078, 637.7602023464743, 0.5568724490420942, 5240.313506766374, 569.144576647198, 1.6874680667728372, 0.06827732416594046, 0.10080861893450585, 640.6726773934575, 0.559619512129944, 5236.373121049699, 569.5713986895207, 1.4243779542062214, 0.06766510447380504, 0.10096484193268657, 645.6001067049084, 0.5696252096370046, 5243.986990606901, 568.735253436017, 1.1778502563720719, 0.065249337153023, 0.10151464345166708, 655.5793158015464], "obs_std": [11034.519599579447, 564.6382790835428, 26.319576962058633, 5.681040870796057, 0.12456896022476023, 533.3837550773694, 0.8300596057428036, 11055.113892238445, 564.731641994213, 25.322931177621832, 5.449078996159894, 0.12254850578477904, 533.2406501623907, 0.8296296496585007, 11050.397069822733, 564.8170142661528, 24.11072003362211, 5.329313125890716, 0.12443442939414573, 533.5538312695403, 0.8213397691585738, 11061.023521610236, 565.0172665237463, 22.773782341569245, 5.081320009140557, 0.12390587318372089, 533.0193932322968, 0.8183120808528654, 11049.807923678154, 564.9891772228962, 21.13007415680438, 4.952668910131443, 0.12234362620562322, 533.1186809868691, 0.8185491679497552, 11069.114436711907, 564.9618902926002, 19.29357802282099, 4.8205853629462245, 0.1204904303440057, 533.2686955310729, 0.8184738522327007, 11075.013149723705, 564.7287576143166, 17.12598869479627, 4.544917977736136, 0.11929521822204377, 533.8165811105223, 0.8247575255113145, 11064.065644662584, 564.5602338797747, 14.423082577071, 4.251413270169523, 0.11933015555867081, 535.6806408210009, 0.853055092387183, 11078.930052531034, 563.4028609353206, 11.012956534567856, 2.783424889714648, 0.12200749170214208, 540.6994407275886]}