{"obs_size": 14251917, "obs_mean": [5290.980401766475, 576.5258265256526, 2.3543633463484244, 0.06440315464804612, 0.09839361241985901, 639.7050417622211, 0.5339565958741216, 5293.3318028145795, 576.8627666720204, 2.263872923200436, 0.06439639822636606, 0.09836424533513706, 640.6461540792013, 0.5339645050557394, 5297.768441809166, 577.2096814063681, 2.1544429426581697, 0.06438925326207807, 0.09836240133001103, 641.8200651134447, 0.5342814147037541, 5295.154235736301, 577.5651029261537, 2.023131695195811, 0.06408028151996087, 0.09837811046338615, 643.1391147811655, 0.5345833633468703, 5299.593125315594, 578.0111860741262, 1.8622219733668106, 0.06407243666863312, 0.09838490230808963, 644.4702140092004, 0.5349647448831241, 5299.36790565739, 578.3531896095101, 1.6706970718395286, 0.06376249835338754, 0.09838479322921943, 645.9971252407702, 0.5350051278014367, 5302.513091828068, 578.8749418762404, 1.4758399869996437, 0.06375373871599971, 0.09837439270029368, 647.6731077375246, 0.5352891904296414, 5306.417565259059, 579.4204038656694, 1.2585530072901772, 0.06344369882908567, 0.09838769809219439, 649.7639851583923, 0.5356184617129298, 5307.1046385582495, 579.9800819075778, 1.0256409015011805, 0.06313298099568816, 0.09838485878945163, 664.5788519734795], "obs_std": [11012.160510063297, 565.3205351161849, 23.25372397156633, 2.544314950681861, 0.1139230361001223, 534.5272751533274, 0.7569673316830203, 11024.308259456398, 565.5233346476148, 22.646519245358714, 2.54431426947252, 0.11270950728834567, 534.3784584541108, 0.7554875428717885, 11019.460535704946, 565.4865340622943, 21.89387784656566, 2.544313702492627, 0.11163859478991937, 534.2415410388298, 0.7550938538858148, 11019.179638263227, 565.7028580441407, 20.947321195797517, 2.275793099847192, 0.11075505466138155, 534.1807863319711, 0.7543403321316068, 11026.766692740854, 565.7844424172941, 19.553811689237524, 2.2757926333315637, 0.11075242588529054, 533.897660557937, 0.7565103976344614, 11024.036984794393, 565.6445302477424, 17.84855801246049, 1.9710234503472586, 0.10947924203150837, 533.6824307522409, 0.7563404316441481, 11035.199737446494, 565.7895641660594, 15.882158111789698, 1.9710229198829656, 0.10690947380200322, 533.4501545644113, 0.7483241883772741, 11029.980464421553, 565.7381562272453, 13.420363105271356, 1.6095451657869482, 0.10609431977611385, 533.5556739105012, 0.7471105854045218, 11034.484750721367, 565.8149531993068, 10.103082598667019, 1.1385680281335038, 0.10544076013997017, 541.5171375885665]}