{"obs_size": 14240282, "obs_mean": [5383.183452411292, 568.4803249682835, 2.2025691626050663, 0.06480764100662581, 0.09877299290603914, 628.9071196341073, 0.542212436102059, 5374.907488627134, 568.7331547928615, 2.1134653091841864, 0.06480058435227021, 0.09893692087825304, 629.6826634720694, 0.5417442657385821, 5379.436967917332, 568.998787664458, 2.0269389328104594, 0.064794081737645, 0.09884567994067855, 630.5434443873244, 0.5425134574582419, 5373.262707390965, 569.2607799480376, 1.9285837878772345, 0.06478688462602875, 0.0988876886836235, 631.6812085815862, 0.5428019060296928, 5378.628615653166, 569.4488704647842, 1.8047273923367528, 0.06477888505748083, 0.09887885868124038, 632.9024761788621, 0.5429351568318882, 5376.1963038631175, 569.7415035039332, 1.654101161760701, 0.06446861147315167, 0.0988637910079321, 634.3248529461661, 0.5430833204005665, 5380.885603233642, 570.0800866864857, 1.4602672194272557, 0.06415762270909524, 0.09890339410961138, 635.5924233765378, 0.5425253341893381, 5379.843264909261, 570.5529657348077, 1.267186071174714, 0.06384648004197675, 0.0988531004045418, 637.2429507781762, 0.5429765230773064, 5380.1914727179565, 571.0203925034631, 1.0442822691292208, 0.06323411042261064, 0.09889303698129062, 653.478147437296], "obs_std": [11177.390910327555, 557.1666375505273, 21.889595790160325, 3.011578107626502, 0.11802338364924778, 525.6442691963478, 0.8031164175713492, 11169.823374602807, 557.1804795574468, 21.330937969517183, 3.0115773576935414, 0.12002676187066526, 525.4371089678023, 0.7994639291267184, 11177.991505327127, 557.1502607388207, 20.69960817992052, 3.0115771327835708, 0.11712941761438689, 525.2265651340267, 0.7987639535345105, 11167.27749448887, 557.1155746212098, 19.966777132324033, 3.011576903946697, 0.11769356656124076, 525.1974383845117, 0.8013573629891538, 11175.03029356463, 556.9355854813998, 18.992780774010296, 3.0115765006906887, 0.11671211256644105, 525.1671130234146, 0.7997306894497769, 11169.27935440036, 556.84941010311, 17.599299643667596, 2.7882318063481715, 0.11537801198417613, 525.0549531436413, 0.7951110806815423, 11173.83875059527, 556.7967160108583, 15.71855809987282, 2.5453644576381453, 0.11583783354727485, 524.7136494451898, 0.7918956888902755, 11173.617907492608, 556.7813503579905, 13.417370739369922, 2.276735261731484, 0.11523473748381445, 524.3952038451316, 0.7866233069486177, 11175.330653216748, 556.7044472122271, 10.265661608827102, 1.6102231876610538, 0.11216304548903885, 530.2580350503797]}