{"obs_size": 14276570, "obs_mean": [5250.305895331886, 565.0845923075359, 2.6784745215412387, 0.06666194292355165, 0.09968664841877334, 629.547215480892, 0.5563053506549734, 5253.2779653899715, 565.5169808294289, 2.5558875135974537, 0.06665462720079747, 0.09970154780798203, 630.8905819262313, 0.5566567249696771, 5251.6279118296425, 566.0117118467532, 2.414436590861811, 0.06634546177324738, 0.09972041964386485, 632.1658859957696, 0.5570634256687995, 5257.892668183043, 566.346011612033, 2.2316410034062804, 0.06633698034094261, 0.09975688257669775, 633.6734419222505, 0.5567930355120517, 5244.487242548082, 566.9129461068029, 2.0545051787649276, 0.06572635238927119, 0.09975474554588434, 635.2922855255387, 0.5573343777952503, 5271.9085753203, 567.4658247043932, 1.8501771784119014, 0.06511542426129681, 0.09972100597132286, 637.242846996251, 0.5575421577452023, 5259.027895464107, 568.0710532711988, 1.6361304571055932, 0.06480510293313481, 0.0996748297240168, 639.63989782914, 0.5592076335562629, 5268.219740122549, 568.5324910675323, 1.4105463707319055, 0.06389236887656488, 0.09973096610824676, 642.7308705690057, 0.5625598166086461, 5275.031923861916, 569.0936809751922, 1.1514126292239661, 0.06388062004389718, 0.09991397412669853, 659.0196855011113], "obs_std": [11204.748888719687, 563.2420508578771, 24.83867372665774, 3.9378701761365575, 0.12183701180613427, 529.7423163580845, 0.812164608302259, 11245.289172678124, 563.3280218015154, 24.08868663117647, 3.937870019557074, 0.12113975377165329, 529.6787368222166, 0.8106764035869333, 11256.238950371082, 563.5329516861871, 23.02253914547557, 3.770246506234998, 0.12127968244808106, 529.3884135841895, 0.8130053303520791, 11223.6598892498, 563.6113069840013, 21.753326075965163, 3.7702463460325193, 0.12186057860866058, 529.1668182222536, 0.8034944180416055, 11227.593372490725, 563.6819860578894, 20.25613893747263, 3.4103718081550722, 0.12007710795763596, 528.9512928178107, 0.802651510830061, 11376.121958149479, 563.8343194393284, 18.486409151349317, 3.0077422744080167, 0.11802029891193073, 528.9967572400961, 0.8038739004392691, 11242.303652691891, 563.8346816085851, 16.441679048885984, 2.7846818560305553, 0.11508734933976777, 529.1895342538704, 0.8033001560688002, 11267.473840272982, 563.7443959809216, 13.963399083733071, 1.9693324272402701, 0.1144601839337933, 530.0282457155032, 0.8113771310630052, 11294.273551066548, 563.7944434407482, 10.530234361295285, 1.9693312740765452, 0.11503866001004674, 537.5058373171463]}