{"obs_size": 14240282, "obs_mean": [5279.957177306538, 572.1505497573713, 2.1412113187084354, 0.06387698864054243, 0.0985536484936184, 633.5305306077113, 0.5342649934882371, 5281.347360185058, 572.495874168784, 2.054688383277804, 0.06387053747714554, 0.09861090102050014, 634.387054241252, 0.5341162489619692, 5284.9095181979665, 572.8582514728291, 1.9632107706855804, 0.06386399889363993, 0.0985775527776771, 635.3181582765121, 0.5346641295446684, 5283.232105934439, 573.1972263611073, 1.862803208531966, 0.0638568657797732, 0.0986252497932985, 636.48557138962, 0.5348602858427005, 5287.090218528689, 573.4775178609524, 1.7372851885938776, 0.0638492444733272, 0.09859426244845494, 637.612070140229, 0.5349535264119503, 5286.956114754548, 573.8243064989863, 1.5821115761612023, 0.06384116032611706, 0.0985711435130999, 638.9072114832151, 0.5348411897321047, 5288.4982446412205, 574.2185894211927, 1.3980256851655044, 0.0638323542030361, 0.09860624774502363, 640.2611274152661, 0.5347105430215926, 5289.797881517887, 574.6580522071122, 1.2074984891450886, 0.06352158340264047, 0.09859046094213521, 641.959470897136, 0.5350214952204322, 5292.5410500065245, 575.2113706034754, 0.9972848150057703, 0.06290955178844865, 0.09864712643619002, 658.1165727123938], "obs_std": [10954.389359375837, 559.5643055212253, 21.569103007714148, 2.2767223784522113, 0.1138654517798114, 526.0703809986263, 0.7700067332694605, 10959.264258690051, 559.6452214528002, 20.974069766894036, 2.27672160973521, 0.11442531042497173, 525.933330639282, 0.7689239402632252, 10963.661495565344, 559.6787064782222, 20.309984212081904, 2.276721049625991, 0.11261430424450103, 525.7692550183548, 0.7672592833831507, 10959.200507648415, 559.6941928913176, 19.54183605232903, 2.2767205677864006, 0.11321063323863952, 525.7473632133066, 0.7682350655317381, 10965.91152706535, 559.5615776680459, 18.517775767466937, 2.276719916678876, 0.1115991012774087, 525.6531943425273, 0.7676750265405891, 10960.739300660362, 559.4617367659979, 17.07970458923646, 2.276719381331484, 0.11036106823788017, 525.3662248856567, 0.7616609012232005, 10966.510155315933, 559.4437268834574, 15.20485690874643, 2.2767188560047056, 0.11021097843220186, 525.0207343745969, 0.7610531431964017, 10962.969325291391, 559.336584987875, 12.900777885467694, 1.971824613382373, 0.11058900289292066, 524.7696996572198, 0.7537036716788563, 10968.262723372676, 559.2994084284476, 9.846800446541108, 1.1390287557890837, 0.10758707145808209, 529.9815436908611]}