{"obs_size": 14251917, "obs_mean": [5230.400612283974, 564.0353139160156, 2.329797458124405, 0.0637387778122143, 0.10107542390620165, 628.3465704892895, 0.5491619664919501, 5230.164548018242, 564.3340065760977, 2.2469665659714404, 0.06373018308029149, 0.10094237580705878, 629.3069302290072, 0.5496466609369156, 5236.5156883748605, 564.6244084216881, 2.14371315802639, 0.06372136678926198, 0.1010434066098619, 630.4233242781314, 0.5497399182159173, 5232.995268116016, 564.9889805701226, 2.01624293770445, 0.06371183199341653, 0.10098934161558881, 631.7155697774507, 0.5500324503714149, 5237.946849234888, 565.4043922652652, 1.8669840695816566, 0.06370177718984166, 0.10098540644293688, 633.1362042913463, 0.5507478694971396, 5237.981777499891, 565.7748021546856, 1.677508997561521, 0.06369139760406382, 0.1010659847744687, 634.7248901127247, 0.550543953139781, 5239.730964129833, 566.259939978601, 1.4953603083711475, 0.06368078561326979, 0.10098879802317046, 636.4933998823602, 0.5514601246976121, 5245.641447081609, 566.7982740146466, 1.281854434038593, 0.06336894991425554, 0.10108160828329397, 638.4997847485798, 0.5515885531048162, 5245.538537774937, 567.2935384060964, 1.0577388992652708, 0.06335788784281615, 0.10102873082785964, 652.4689533563787], "obs_std": [10935.144590223836, 555.2568353782304, 22.69142327218511, 1.6095843284180888, 0.12557743674071364, 524.786664022677, 0.785031365991762, 10933.051570963808, 555.3292424749791, 22.11078385023679, 1.6095828319073595, 0.12297717130488278, 524.7980579321085, 0.7813704592818504, 10945.616516774477, 555.1801023017262, 21.398830889631636, 1.6095814280404823, 0.1229088181747854, 524.4721405219858, 0.781182529960875, 10929.405206981646, 555.333227319805, 20.48159276247831, 1.6095799977886214, 0.12113801305027894, 524.3976394046276, 0.7804771680350968, 10946.384789936857, 555.2789265567521, 19.134255872138702, 1.6095785335441986, 0.1209739373878721, 524.3534334007761, 0.7808679799131597, 10942.639918788405, 555.1711884154608, 17.491872364701646, 1.6095770569485337, 0.12068835142020495, 524.1954308700391, 0.7797049629417695, 10944.966611878413, 555.1751930089504, 15.583526903208684, 1.609575778073081, 0.11776073769761373, 523.9228255205435, 0.7747268749853199, 10956.46896700416, 555.1366852444004, 13.180014873414931, 1.1386116045420664, 0.11738368477982515, 523.778612538258, 0.77249717693652, 10946.069264884618, 555.0792531868448, 9.972099553505448, 1.1386096243615815, 0.11631413924422754, 525.554803918346]}