{"obs_size": 14289583, "obs_mean": [5241.983505267607, 558.5615579544904, 2.8144309039668967, 0.07330058571003079, 0.1029687856286637, 618.063912059019, 0.5670014592448225, 5242.719803459387, 558.9409784036384, 2.6766974935517713, 0.07299007624904807, 0.10289754035915478, 619.4168624572195, 0.5680809896971902, 5246.083943201377, 559.2898619924738, 2.489761947566979, 0.07267946302401543, 0.10308624516425724, 620.7326379681377, 0.567168806955404, 5242.388394713454, 559.732912639928, 2.3214983950196446, 0.07206780098706188, 0.10292871067483202, 622.0910409649656, 0.5684547290848261, 5245.955601914016, 560.1209713397515, 2.1119462338404134, 0.07145515165348809, 0.1031077228914947, 624.0099090749792, 0.5679367284545785, 5247.376786802481, 560.5710461249989, 1.9035431614764406, 0.07114294228089835, 0.10306060973339888, 626.1434912231784, 0.5698807113545696, 5249.436074350698, 561.0000119667592, 1.6791995959574189, 0.07053042012829308, 0.10312729450215607, 628.8350226053947, 0.5743487500650103, 5253.571668065858, 561.3883667563986, 1.4207146562639372, 0.06901467751411004, 0.10346417200012126, 633.998901154123, 0.5912885353617559, 5238.965537086016, 559.2949880342904, 1.2051781357090687, 0.0668965355601424, 0.1045108153173539, 646.4309865738823], "obs_std": [11075.627732689409, 555.171008287186, 25.50917787053529, 6.326104810238835, 0.13710049141488218, 526.2056260680548, 0.9037507097938997, 11078.327220444537, 555.1272180046143, 24.518805545983938, 6.223240210679754, 0.13393490029846333, 526.125168666072, 0.9025531866881674, 11086.594538436937, 555.0866589969932, 23.359449151196323, 6.118646650307352, 0.1365943280694119, 526.0283090269523, 0.8960880657820396, 11069.081061595141, 555.0977593897758, 22.05712124942213, 5.903903380276231, 0.13341937444904092, 525.5508588617156, 0.8928450061259302, 11080.182520385011, 555.004682225575, 20.49676711352255, 5.681048441976388, 0.1349384888072147, 525.7037158732044, 0.8932970003558938, 11079.428024608871, 554.9289793042655, 18.73014588136345, 5.56627590395064, 0.13391282679653416, 525.7400621174793, 0.8982757062830434, 11076.95017726141, 554.754400324862, 16.64484682024947, 5.329321264147632, 0.1316616513736458, 526.0455820600727, 0.9127344775757507, 11082.012110351832, 554.6955261982927, 14.054742153811189, 4.684790110331825, 0.13493987598982254, 527.6897304022929, 0.9566520764375409, 11045.205598171828, 552.6119214418082, 10.787289577067769, 3.5931997284528263, 0.13896097171963354, 534.3521441700167]}