{"obs_size": 14289583, "obs_mean": [5267.098593652243, 559.6312814026834, 2.8002342685577317, 0.06562193159031339, 0.10168762303497533, 621.5580608734373, 0.5572142884785344, 5270.458130769623, 560.0304238409195, 2.659461161322902, 0.06561198280608367, 0.10166883743696326, 623.0092691029079, 0.558118182315048, 5273.340515962567, 560.3944721829881, 2.4757472628837385, 0.06560172055581358, 0.10177303077857568, 624.4147621619667, 0.5575818599465197, 5271.746180135048, 560.8397959548574, 2.3013598087501923, 0.06559104367070084, 0.10167647654259743, 625.841307676924, 0.558558055193078, 5274.763741334316, 561.2620590817801, 2.0955815155697683, 0.06557881278782639, 0.10179176699110137, 627.8926103499812, 0.5581120692605287, 5276.410787071997, 561.7278544097474, 1.8840435721602233, 0.06556717565285895, 0.10173402224361644, 630.0787100871586, 0.5597267208567337, 5278.999132480199, 562.215007883715, 1.6583947201258427, 0.06525539917813682, 0.10181040896021851, 632.8103486894845, 0.5627945950557237, 5285.010807339445, 562.6867105219234, 1.4039588838946524, 0.06494226756449886, 0.10194616722650375, 637.1287706200134, 0.5725628788467853, 5281.25748317518, 562.3267274489396, 1.1747614328563682, 0.06402775396126736, 0.10245448600746486, 645.4522587509197], "obs_std": [11081.202774859314, 554.6145564177899, 25.484978567714634, 3.213914480843995, 0.12816118873650284, 526.2850538371262, 0.8214748077771912, 11086.387887003502, 554.5591412467433, 24.492836175921013, 3.2139137470707664, 0.12660917802785396, 526.2141713674644, 0.8203595866652013, 11091.076916928672, 554.4984242782298, 23.326310294439452, 3.2139130523841777, 0.12817827692004663, 526.0919131488756, 0.8174415874996173, 11082.488286412688, 554.5005370436443, 22.016117154838465, 3.2139123856500267, 0.12565559678304908, 525.6387274107784, 0.8166972449011494, 11089.130497244363, 554.4138047504188, 20.447626762646188, 3.2139113939848976, 0.1260134623331827, 525.7961088162981, 0.8116412344146527, 11089.25948595057, 554.3420453263108, 18.67400488351782, 3.2139106588843935, 0.1236817963622558, 525.7416206322519, 0.8168531141469685, 11086.453031073412, 554.1995873197812, 16.579397843524326, 3.006382508755546, 0.1229811220295919, 526.0507001927776, 0.8231992880460028, 11099.008620858276, 554.1562102202666, 13.98525334516127, 2.783423841464373, 0.12227478716421727, 527.1202820830298, 0.846216206951498, 11088.096743106275, 553.6254589091496, 10.670880006083177, 1.9684494382943571, 0.12411547306049207, 529.6405110728089]}