{"obs_size": 14264008, "obs_mean": [5213.07510502524, 563.5125102986483, 2.482747906479021, 0.06377458860350683, 0.10099771186576734, 626.6352197259922, 0.5495574064456531, 5213.900168259316, 563.7816519732743, 2.38461791384301, 0.06376591414412631, 0.10112976246080375, 627.7678602604112, 0.5498523845471779, 5215.632935470594, 564.116231847318, 2.2603504568982298, 0.06375646517746845, 0.10105932602435518, 628.9293322463076, 0.5497726122279277, 5216.933077816315, 564.494674708539, 2.113279871968664, 0.063747183106749, 0.10102957959025269, 630.4083784807109, 0.5504039355558459, 5221.447380149744, 564.8786320086192, 1.927797011891749, 0.06373685283590222, 0.10111229493989364, 631.9803988097407, 0.5501358473719342, 5220.489312507381, 565.3125758202042, 1.7475504079919193, 0.06372636305561043, 0.10105935634023874, 633.811314286417, 0.551124513530845, 5224.1437182271375, 565.7711489645828, 1.538494720417992, 0.06371583829644027, 0.10115242983620058, 635.6974407713938, 0.5510340956763401, 5227.694886102571, 566.3297817135267, 1.3171424188769383, 0.06340413328779183, 0.10108373469742844, 638.0868688647196, 0.5522367891268752, 5230.570950798771, 566.8131216695896, 1.0861935859822849, 0.06339258496609985, 0.10112698113328458, 650.7525094042732], "obs_std": [10901.08303305741, 555.231981462414, 23.666480836396023, 1.60890267015704, 0.12151967508514147, 524.6284047934228, 0.7874647387885401, 10904.044889375094, 555.2916172552958, 23.04506574662746, 1.6089012735310464, 0.12200330415906668, 524.5893612355202, 0.7882416447765035, 10903.02368991546, 555.2818209618144, 22.216073210469165, 1.60889988300384, 0.12066379245026215, 524.3957329857402, 0.7874186106910095, 10907.871279412264, 555.1555798609974, 21.057345977891455, 1.6088987172087823, 0.11959425876886173, 524.5670694244907, 0.7833107330774172, 10913.453303405471, 555.102003598548, 19.57470054956753, 1.608897296085548, 0.12072753750700438, 524.1340885519584, 0.7800882431119093, 10907.103579862749, 555.0168166661025, 17.909401837448634, 1.6088959517424135, 0.1192736797566453, 523.9651781761622, 0.7803259462772943, 10913.766257434952, 554.9200546539619, 15.946975928327177, 1.6088946168768048, 0.11884855057010564, 523.8652008875878, 0.7735917498278603, 10917.954073662746, 554.9589236448711, 13.542306755468601, 1.1381305637935717, 0.11756111410179002, 523.8369927381443, 0.7755425196560374, 10918.249947164193, 554.87866767884, 10.321432282514237, 1.1381287126782333, 0.11660579670506323, 525.3228191289479]}