{"obs_size": 14251917, "obs_mean": [5533.122807251517, 566.2888081652453, 2.3439430639401, 0.06464179989050721, 0.09946583821853601, 630.0352702460544, 0.551267366277833, 5520.795250961236, 566.6260566210145, 2.2605347757778826, 0.06463458321811143, 0.09937276251531675, 631.1219233959392, 0.5517505454178719, 5540.566203888877, 566.9644852688941, 2.157401842853842, 0.06462729197350202, 0.09938618854670625, 632.2902339282969, 0.5520579293999744, 5535.899149256028, 567.403924047551, 2.029986492343451, 0.06431789714254685, 0.09941677904102385, 633.5384424093943, 0.5521233756132768, 5562.065290350397, 567.8433376366143, 1.8811439892612338, 0.06400778995731703, 0.09940659214125393, 634.8647416008195, 0.5528130564470911, 5558.927548749989, 568.3428472815272, 1.6877743534431193, 0.06369694285737953, 0.0994517246451834, 636.2770367085824, 0.552147778856713, 5542.548261392275, 568.8920872188635, 1.5068045232090532, 0.06338568686704507, 0.09939435490565916, 637.8837284779224, 0.5528800397167815, 5525.769208801636, 569.4666008088597, 1.293986626500842, 0.0630748955256425, 0.0994343890772034, 639.7806864539907, 0.5528673518797638, 5580.95668041807, 570.0813222529993, 1.070400003031171, 0.06306438935127996, 0.09943635585079472, 656.9997465493684], "obs_std": [13642.713208700388, 562.2285587068106, 22.814289644187483, 2.7870945195926935, 0.12126786310335193, 527.0425747100909, 0.8078405932697569, 13293.151185382514, 562.3945041549051, 22.226148500904976, 2.78709404362856, 0.1194701037222519, 527.1787882165014, 0.8056590088130533, 13606.195511638607, 562.3062944734912, 21.506880631221314, 2.787093733696258, 0.11891771688380964, 526.8385426992658, 0.8059688902584397, 13476.016884577783, 562.5232048544142, 20.58705909228408, 2.5443259006474657, 0.11807418591821688, 526.7265908619844, 0.8053632085461789, 13795.36150513662, 562.4924848587979, 19.22961315761411, 2.2758066184706682, 0.11771058239763878, 526.6505200319731, 0.8076777447639644, 13728.706700564915, 562.5573991729331, 17.543574957070785, 1.9710394682452075, 0.11717098693882017, 526.5112969017935, 0.8015318793596911, 13540.629254071397, 562.5979754185032, 15.634201878510973, 1.609564178006625, 0.11400983836418374, 526.1721044169782, 0.7977632172645281, 13287.364727500973, 562.6129218312135, 13.226818332659423, 1.1385960844416096, 0.11343767256040022, 525.9765285201105, 0.7942724441063643, 13905.8677352541, 562.6988803878846, 10.007214735971315, 1.1385944893740947, 0.11317182414961247, 532.7147459213504]}