{"obs_size": 14289583, "obs_mean": [5182.575786539679, 563.0274933145355, 2.8292602380349376, 0.06789571660622248, 0.10089156888594963, 624.9668843695953, 0.5573151680493571, 5184.683609370957, 563.492033532399, 2.687109623842767, 0.06788720917021124, 0.10085885456188577, 626.4301198414729, 0.5580659283759586, 5188.658509259878, 563.7430177633595, 2.503142953856666, 0.06787872632749972, 0.10094358210963922, 627.817768265221, 0.5576579386536592, 5188.468493803206, 564.3273516798915, 2.329013449867641, 0.06786995715110042, 0.10090373690743787, 629.3083800257813, 0.5579738332462403, 5188.723393866375, 564.7591560229574, 2.1223829974604573, 0.06786048133308686, 0.10091953190103624, 631.5110194704331, 0.5578857493602399, 5193.541604326401, 565.1781879149308, 1.9102219427956715, 0.0678504152077843, 0.10084667377564471, 633.9518402118099, 0.5592432140952129, 5195.115165850713, 565.7665266369214, 1.6831825673289416, 0.0672394630193273, 0.10087476150227714, 637.0914070225397, 0.5623994143146329, 5200.002858117516, 566.2492906196072, 1.429020287016073, 0.06662737622036313, 0.10103382462287393, 642.4444124768359, 0.5727688545565219, 5201.713362144821, 565.7091418972828, 1.1985873905487652, 0.06481274101498295, 0.10148678603924312, 652.8642019050765], "obs_std": [10904.039243839938, 562.6732067230253, 25.661262653360357, 4.251416729355354, 0.12539714963461215, 528.1422357826065, 0.8291912520434287, 10899.394803632984, 562.8038099739919, 24.668151112277176, 4.251416366752361, 0.12402287322996525, 528.0668087554793, 0.830308164944623, 10912.784377984031, 562.6932207880051, 23.488386701083552, 4.251416043936418, 0.12542657896856865, 527.879295467498, 0.8216071375731252, 10903.969348538478, 562.9300656100804, 22.16825005750909, 4.251415744465626, 0.12389106667818763, 527.4532838011781, 0.816277683981031, 10907.959095900258, 562.8004475128245, 20.598191169471697, 4.25141546293224, 0.12272201608251494, 527.7236641803012, 0.813122832343232, 10913.428603086306, 562.6354493516985, 18.80020298492004, 4.251415082435193, 0.12061494077406322, 528.0302186634037, 0.8111789973627858, 10909.073978197974, 562.6078045001548, 16.67595912730855, 3.936085046088184, 0.11815162934652387, 528.9144508964857, 0.8182131527296893, 10917.782159157057, 562.543786663798, 14.044161064677137, 3.593187972703903, 0.1186490480174979, 531.2416340038336, 0.842666032060568, 10923.298760999674, 561.6373855523258, 10.731553704271292, 2.272817824452404, 0.12004641500145981, 536.6029971503854]}