{"obs_size": 14251917, "obs_mean": [5208.814592227493, 562.5944460664484, 2.3013041684146773, 0.065398413669832, 0.09873157637481343, 627.0501206191366, 0.5306671435849902, 5209.991259783689, 562.88712374623, 2.213659187041294, 0.06539058610137219, 0.0987100351553412, 628.0321886900223, 0.530677083861793, 5214.818649409275, 563.2121053609841, 2.1071218699912437, 0.06538216107581242, 0.0987102282165275, 629.1723737343269, 0.5309379117911192, 5212.243919582723, 563.5515532401711, 1.9796209169615566, 0.06507191211449713, 0.09872688078712565, 630.50885869762, 0.5313149454912168, 5216.72396785718, 563.9580309091052, 1.821926622222119, 0.06476121230653441, 0.09872402028141182, 631.9217593400175, 0.5316755718546734, 5216.344658131932, 564.3037638375245, 1.6351777799435683, 0.06444961852929032, 0.0987265532856387, 633.4859154293379, 0.5316304414346745, 5219.209374445029, 564.7762943048295, 1.446092550216227, 0.06443888089876654, 0.09871253175014946, 635.1993337018313, 0.5319059892785171, 5223.953785939235, 565.2992889307452, 1.2339786289802277, 0.06412694884759133, 0.09872551620094401, 637.278925551506, 0.5322343206180785, 5223.88610869498, 565.8194855471021, 1.0068081367580235, 0.06381408365373706, 0.09873703380878439, 652.0865279055895], "obs_std": [10948.64406404764, 559.5947064980262, 22.855981836108626, 3.0103425488418907, 0.11382945713526617, 533.9438222645625, 0.7551682297655027, 10954.838571393448, 559.7082658097494, 22.261235050229043, 3.0103419545445917, 0.11271579672266303, 533.9723953788265, 0.7523937171840128, 10958.393983724449, 559.614560033887, 21.530521439857925, 3.010341358261226, 0.11168713622206565, 533.7106556080354, 0.7520246376691144, 10951.552532688384, 559.7612977213146, 20.591046350881545, 2.7870876074401787, 0.1107525625516597, 533.7331643271642, 0.7522594466054131, 10959.59173044452, 559.7289674467684, 19.213692401465025, 2.5443190873179313, 0.11052107705865583, 533.6465944006421, 0.7547743075569734, 10956.845634437355, 559.5573309195711, 17.542917153683167, 2.2757989874674274, 0.10930231186174592, 533.4819877307737, 0.7523340205161579, 10964.705733350602, 559.5853994137112, 15.61218553943626, 2.275798346070876, 0.10641992732285922, 533.3816792707828, 0.7464065208885065, 10967.072382817592, 559.5155570241164, 13.194975760243036, 1.9710307910852747, 0.10573961588059953, 533.476821084725, 0.7434142561948163, 10964.539683431212, 559.5116706315122, 9.932921633658983, 1.6095538117570296, 0.10560082967894814, 541.4695944598653]}