{"obs_size": 14276570, "obs_mean": [5306.750951314995, 573.3397066662369, 2.600544948821741, 0.06401975723784534, 0.09752340446795024, 626.797625630856, 0.5205359832928982, 5308.157184619006, 573.7056689386876, 2.4810136468353394, 0.06401201980154234, 0.09751336850174827, 627.9714646820588, 0.5207599050752328, 5309.907454977375, 574.1035549155015, 2.328061572212373, 0.06400350606378884, 0.0975141818815029, 629.2613951847887, 0.5208335242288571, 5311.993057050155, 574.5133158734907, 2.1498126650869223, 0.06399466482230015, 0.09751685706853985, 630.7915963628492, 0.5208009831493092, 5311.215270650911, 574.9413178375478, 1.9595069403925454, 0.06398538428383749, 0.09750022844794015, 632.2937869245449, 0.5209622340660185, 5316.335415995476, 575.4964265926619, 1.754897359800008, 0.06397579577343195, 0.09749399828411243, 634.0389397821721, 0.521349964382196, 5317.194473941465, 576.0231422533564, 1.5336037297474112, 0.06366513203900571, 0.09747103882193009, 635.979789886874, 0.5216187913483366, 5321.585475430994, 576.4846314625992, 1.298638748663019, 0.06335448598109363, 0.09745416901468716, 638.1731226079288, 0.5221802466558835, 5323.24952494676, 576.9324488304964, 1.0417773316700019, 0.06334332031223906, 0.09746869759606162, 644.7301262293815], "obs_std": [10879.017702702506, 557.1826711972047, 24.810894927830596, 2.5421245559524173, 0.1163284903080412, 525.7627906277307, 0.755280628039173, 10879.454991643654, 557.1001785889205, 24.053661843845894, 2.5421240125995643, 0.11500140228985227, 525.605174153398, 0.7555520006629772, 10878.792138042776, 557.1362495619293, 22.9731328678678, 2.542123469272086, 0.11486047736992888, 525.3131728796654, 0.7566272237171107, 10881.21423050229, 557.1591155290008, 21.683165728972206, 2.5421229145893034, 0.1144968604690949, 525.1567656164804, 0.7483788387027046, 10878.501502676174, 557.0737238555126, 20.16286166818581, 2.5421223343034463, 0.11322153434335946, 524.8121366563479, 0.7490649840953199, 10885.387227409998, 557.1046981723005, 18.388893400378542, 2.542121709394812, 0.1115388265425548, 524.596752053782, 0.7490565485383099, 10884.669020370266, 557.0434695036606, 16.30250112195636, 2.2738339968968764, 0.10905594950419074, 524.322512081738, 0.7448879623086951, 10893.233087824678, 556.880685358315, 13.822575634934406, 1.9693296723109763, 0.10823710506400383, 524.3664704292935, 0.7462345265336949, 10889.547085422331, 556.6364584362111, 10.384664163351928, 1.969328588052153, 0.10726483708910863, 523.8988042202927]}