{"obs_size": 14289583, "obs_mean": [5272.727620545522, 562.7286177630236, 2.779700289364637, 0.06508420697413674, 0.10068222619974235, 624.1123693607235, 0.5463933451382128, 5277.3681410944255, 563.1280623094458, 2.6347004667665948, 0.06507476466290908, 0.10067582743828163, 625.6060968070706, 0.5470855563804885, 5280.421325393185, 563.495639865768, 2.455921911787069, 0.06506496085505815, 0.10074402867361498, 627.042732144387, 0.5469352333794654, 5279.389082082847, 563.9621799320525, 2.2772138977043626, 0.06505473094415032, 0.10068464860661074, 628.5157189816252, 0.5475788123418431, 5282.252559922613, 564.3889227558285, 2.0736478454269798, 0.06504353735214712, 0.10078009339768704, 630.5342511697766, 0.5476560198432774, 5284.804801353082, 564.8386434369709, 1.860302431498526, 0.06503264036012156, 0.10072653994129838, 632.6537062474627, 0.5487732240332128, 5286.767846354872, 565.336624588695, 1.6309806241371774, 0.06472111406400857, 0.10074147948746942, 635.1942186625511, 0.5507092590455734, 5291.797162909993, 565.8305922573106, 1.3762760606800073, 0.06440932880330479, 0.10080340040055756, 638.8111601695689, 0.5554495129774095, 5290.980965867901, 565.8722719900223, 1.1346568335828973, 0.06349589842713453, 0.10107011288048136, 644.9556451460729], "obs_std": [11002.967439835213, 554.697340059062, 25.51051439453684, 3.0063871969933054, 0.12512895919100764, 525.5860735696032, 0.794956196228009, 11010.968993924373, 554.6533176694585, 24.515042827954463, 3.006386471134866, 0.1239435840812897, 525.5098081527582, 0.794063631396732, 11017.568214982039, 554.6105085297804, 23.346629543852323, 3.0063857241075347, 0.12491384448737214, 525.4077714345752, 0.7888447717814602, 11010.656328756904, 554.62288517478, 22.0326296683564, 3.006385033678419, 0.12293410529041224, 524.9235856025862, 0.7863174689949902, 11015.87476705799, 554.5427776329828, 20.467744873974798, 3.0063842094374364, 0.1232737657269356, 524.9929042640663, 0.7832314607338716, 11020.434773814995, 554.4555310226165, 18.68232452595449, 3.006383493135763, 0.12074360814697632, 524.9226958798539, 0.7840728332220301, 11017.602646518437, 554.3314868618689, 16.566820733680487, 2.7834252535011403, 0.11912368184069956, 525.0047777635566, 0.788119497399133, 11028.583176250579, 554.3129352600552, 13.941827131806019, 2.5409782299558032, 0.11838596841149929, 525.6043672300021, 0.7921244859818408, 11027.384805492204, 554.0375908357559, 10.595715088214137, 1.6074564629051744, 0.11891595024947563, 526.4333853114573]}