{"obs_size": 14264008, "obs_mean": [5295.841038677398, 561.2281653936258, 2.486314786138651, 0.06529528460367692, 0.10150210184563878, 623.7645872664483, 0.5607569735659222, 5298.3421542883425, 561.5041271709887, 2.3881672668719767, 0.06528681700747258, 0.10165419356894762, 624.8641229021596, 0.5610467210898981, 5299.41304115515, 561.8281625332795, 2.2625939357297056, 0.06527753339419928, 0.10157718531138057, 625.9950431135, 0.560845053648322, 5300.154399753828, 562.177907850304, 2.12352804345034, 0.06526823746068616, 0.10155294037636536, 627.3244884213394, 0.5617608961660793, 5303.248314799099, 562.5512463257171, 1.9330469388407523, 0.06525778170659512, 0.10165112629430713, 628.7782132910075, 0.5608848872631135, 5299.774747317996, 562.915501659842, 1.761453442819157, 0.06524734264017003, 0.10156793196926199, 630.4575337052506, 0.5623614627109088, 5305.353296083272, 563.3230581474717, 1.5518690819578902, 0.06493548378338866, 0.10168693034419286, 632.2488709156191, 0.5617367688660962, 5306.754207550177, 563.8037322329038, 1.3352339679001863, 0.0643221286480017, 0.10162203488654789, 634.5597637909793, 0.5633494452611154, 5308.2857642034405, 564.2084853710121, 1.110759262053134, 0.06431063577783494, 0.10172847696061421, 650.4762548801635], "obs_std": [11135.236063398095, 556.0741312018832, 23.54033264195302, 2.7859292474421884, 0.12424278329794272, 525.5499769527664, 0.8281291159280768, 11141.425881197118, 556.1534009956648, 22.916473383046927, 2.785928566572773, 0.12519601675153885, 525.5088083693785, 0.8314652835308829, 11140.536739520148, 556.1614356734395, 22.088238058228903, 2.7859278109066263, 0.1236600425880603, 525.3566908343412, 0.8319020799164147, 11142.213843716685, 556.0149214325746, 20.937174522680895, 2.7859271127896363, 0.12233002441952799, 525.475219739387, 0.8258014288714955, 11144.782456598628, 555.9265606031611, 19.45903358607826, 2.785926278429667, 0.1236678383323895, 525.0030778181488, 0.8207666671217682, 11133.931715917932, 555.7414336443868, 17.809435407909838, 2.785925558196776, 0.12128471596843185, 524.8682547505122, 0.8222334081695759, 11146.008708064017, 555.593797354884, 15.869710505623457, 2.5432613733640803, 0.12168006620864842, 524.8781153031374, 0.8175097256311711, 11144.71955678731, 555.5571334385708, 13.490262459511545, 1.9702231930057437, 0.1204018501415019, 524.8676325454678, 0.8212981777276291, 11141.233055775932, 555.3955991872219, 10.323933476397196, 1.9702218777692548, 0.12037382850368425, 530.0484518853724]}