{"obs_size": 14276570, "obs_mean": [5204.896309445456, 561.2594382264086, 2.6806326729739705, 0.06669022478362079, 0.09971928318685826, 629.8972378814653, 0.5568586709553122, 5201.392720032817, 561.7091528287257, 2.5603672310646046, 0.06668254403236193, 0.09972198183639368, 631.1944139777227, 0.5568968859467277, 5205.8911419416345, 562.1490274624788, 2.4178646551657716, 0.06667378349989513, 0.09973405540315432, 632.4231142288833, 0.5572970579768491, 5204.7753537035305, 562.5479979434837, 2.2339512922221516, 0.06666473605026262, 0.09978723024339911, 634.0082911642862, 0.5568814076490755, 5204.615443946745, 562.9913935910375, 2.053768447183042, 0.0663549537119979, 0.09976550617396268, 635.5370278099494, 0.5575272768599567, 5213.899933503527, 563.5611755484686, 1.8471705038395076, 0.06634519083043738, 0.09976128117033776, 637.574696472937, 0.5578594406780204, 5211.517870740006, 564.1379877659689, 1.6322624411886049, 0.06603457991289925, 0.09968014229265183, 640.0969636377134, 0.5592566914182135, 5219.887538943792, 564.5983701967629, 1.406964207789406, 0.06482096793285028, 0.09970955672314923, 643.2767897417017, 0.5623115576781196, 5216.983266883245, 565.047319489205, 1.1536102859440327, 0.06450872672176126, 0.09983958051597876, 659.5550430915303], "obs_std": [10988.242430459606, 557.9331682126391, 24.748441929668747, 3.9378741598382487, 0.12249042943646143, 528.9429191624388, 0.8116894165025579, 10971.437901988926, 557.958478532592, 24.001345126393808, 3.9378734502778583, 0.12134933817338212, 528.826548052859, 0.808092974514458, 10983.048513527383, 558.0780685843791, 22.94895129231588, 3.937872626342181, 0.12201089596364517, 528.4630992765428, 0.8096129431911171, 10970.805917833575, 558.1741434521273, 21.662474658518956, 3.9378718905479735, 0.12223756566242257, 528.3319887430017, 0.800549884493573, 10969.18052225996, 558.0921590044551, 20.142026068457266, 3.7702480632277497, 0.12079074513643043, 527.8654760096032, 0.8013676128585304, 10995.202826735967, 558.2040273130004, 18.36201280607292, 3.770247148016483, 0.11848611300541301, 527.9353792669763, 0.8050694637895193, 10977.70704623152, 558.2594569309109, 16.285162452053175, 3.594816203077687, 0.11568738343538712, 528.2427654997643, 0.8013165964655175, 11001.126701518819, 558.1507913053576, 13.841559029225891, 2.784682995880632, 0.1143777262605651, 529.2418783819612, 0.8041683763249142, 10985.881182727766, 558.0259256548162, 10.487302305565448, 2.5421241267175128, 0.11371967859154332, 537.3785439145273]}