{"obs_size": 14240282, "obs_mean": [5285.482809063786, 572.0716329213143, 2.1392596017410326, 0.06640963053078021, 0.09822097837704298, 634.447441315329, 0.5345766484821389, 5285.405771582624, 572.3760676930414, 2.054775249535087, 0.06640374033225745, 0.09823104255646196, 635.2677850655399, 0.5345306889990394, 5289.446359618809, 572.6655647690125, 1.9627726473394274, 0.0663972377644712, 0.09822631344779614, 636.2673281576494, 0.5349494434871847, 5288.4707313667695, 573.0280403154939, 1.8617587067447119, 0.06639039029536911, 0.0982425671624344, 637.5188986330885, 0.5351292722293294, 5290.8460449893755, 573.3121477510066, 1.73827294993175, 0.06608138929911082, 0.09823913890364026, 638.7466912848996, 0.5354492731253877, 5292.7067584071165, 573.6895591674377, 1.5800127413207126, 0.0657718945369283, 0.0982439460286679, 640.1996843401422, 0.535361903717961, 5293.42498563212, 574.0943989732789, 1.3969686134024593, 0.06546153160935426, 0.09820721051717946, 641.6900917375986, 0.5355002808933516, 5295.708768861085, 574.556408082368, 1.2040867589560376, 0.0645480450731328, 0.09823309652463283, 643.4747737803227, 0.5357780362074714, 5297.759723431483, 575.0777170002673, 0.9943277808683845, 0.06333306981351308, 0.0982332119946785, 657.5030826333344], "obs_std": [10961.568644653446, 558.7217638089033, 21.53247400915437, 3.9428779109514833, 0.11144127048778091, 527.0882058792587, 0.7662100348725365, 10961.70386188624, 558.7375433127511, 20.951175101639915, 3.942877647193283, 0.11084071162914466, 526.8467155989989, 0.765087304981891, 10969.15081758783, 558.6977330629129, 20.29222409877341, 3.9428773250662412, 0.10945640708162407, 526.648468484538, 0.7641962357091696, 10961.92310720352, 558.7217885364292, 19.52415638519126, 3.942877091203005, 0.10988689209043577, 526.7402881971225, 0.7615653259154314, 10968.370058317536, 558.6280358083211, 18.508657801581478, 3.775039814379746, 0.10901784058265594, 526.7318570934672, 0.7632527947711795, 10967.201708796514, 558.5902106437229, 17.058815245577147, 3.599384843003588, 0.1080911205438106, 526.560176819981, 0.7587615346521125, 10968.620882460373, 558.559096135249, 15.18678153904069, 3.414705954104052, 0.10665490161121324, 526.3260112233532, 0.7545203241876387, 10968.10352835315, 558.5076082445436, 12.886528474464527, 2.7882175573942707, 0.10598029633445745, 526.2028094630039, 0.7502203990567777, 10970.820171990124, 558.4775395842136, 9.825664623261986, 1.6102007949186297, 0.10381647397754257, 531.0169900285634]}