{"obs_size": 14276570, "obs_mean": [5304.007715782834, 561.152071260814, 2.6420787345980163, 0.0693736760953856, 0.10194207924312422, 621.596353885613, 0.5625274550540016, 5303.766619581521, 561.5189996616834, 2.5199727945858146, 0.06876344846101685, 0.10187721477686922, 622.7562545442365, 0.5625368024672786, 5303.137962303897, 561.8802201789366, 2.38422135008619, 0.06815257370076287, 0.10189677206114742, 623.8910191514709, 0.5634380548689443, 5300.88262224908, 562.2422469122486, 2.196109569735588, 0.06784203029790074, 0.102024417884618, 625.3852369698948, 0.5624895671719683, 5297.388024794373, 562.5801425692586, 2.0275953537859586, 0.0672303133338821, 0.10188897882278468, 626.9186038668963, 0.5639214643993797, 5304.253381191132, 563.0356368511483, 1.8183631642614437, 0.0663171323110595, 0.10201626998494795, 628.8096436472695, 0.5636382149213957, 5303.5528558557135, 563.5197817823188, 1.6076394400055476, 0.0660053169581422, 0.10194970790133802, 630.9745560362596, 0.5652039267135122, 5310.130014286488, 563.8932627374782, 1.3865444571069943, 0.0656932949233673, 0.10199048776744105, 633.7771878206065, 0.5688506302984889, 5308.989970082348, 564.2166334070439, 1.1285153226580333, 0.06477744342570373, 0.10219894778493738, 648.9914930717451], "obs_std": [11190.429048037888, 557.2741543834708, 24.48169287173117, 4.954930720698203, 0.1308829964348065, 525.9247082183715, 0.843489634878966, 11187.883400915754, 557.2343820046325, 23.72720704304995, 4.686920101198432, 0.12850729175678482, 525.8273380346975, 0.8400720682601279, 11181.514067918062, 557.2579611318966, 22.671890948694976, 4.402624308440468, 0.12848190441615043, 525.4879971989669, 0.8427546207634861, 11174.299394117916, 557.2312607978889, 21.4079812903611, 4.253356194859716, 0.12978062264386273, 525.3018086067893, 0.834547510301158, 11160.222305601616, 557.0732180372547, 19.93388972741303, 3.9378824842683318, 0.12669603232374316, 525.0296831624836, 0.839035754806737, 11175.685609291912, 557.0102358755466, 18.186931612333517, 3.4103866357877917, 0.12681245174879346, 525.0750528592832, 0.8368037217308714, 11167.795490390348, 556.9368977696009, 16.145155865635328, 3.21538109123415, 0.12378046038056914, 524.9240184441232, 0.8386806272709988, 11181.637978562192, 556.7510942014201, 13.741899637735669, 3.0077588815542433, 0.12293316845228425, 525.4225507040716, 0.8459211695415167, 11169.709813836693, 556.4919714373656, 10.415866940134162, 2.273857082233138, 0.12288766082615515, 530.9854597374804]}