{"obs_size": 14264008, "obs_mean": [5319.452146552229, 562.9345430120343, 2.476304205662252, 0.0635893360251993, 0.10108743137524907, 627.3002048365847, 0.5520611122764552, 5321.257309300088, 563.2137939771206, 2.37870814430278, 0.06358039969369983, 0.1011941541811398, 628.4234035350194, 0.5524796314612404, 5322.379363668349, 563.51892062876, 2.253936200820976, 0.06357050977005428, 0.1011285054815597, 629.575712488243, 0.5523845154181214, 5324.201686986554, 563.8880805451034, 2.1111701563824132, 0.06356033326692842, 0.10111422432390668, 631.0024897222364, 0.5530515762470308, 5326.845847912758, 564.2701799522266, 1.925606743910968, 0.063549428278653, 0.10118759834038257, 632.550508743356, 0.5527860371362817, 5324.772709205469, 564.6654193547844, 1.7500117077892834, 0.0635384261006536, 0.10114784838728512, 634.3406876096789, 0.5538003943211607, 5330.348074878748, 565.1137910186254, 1.5405182049813768, 0.0635270379297411, 0.10123114002978777, 636.1716619879929, 0.5536015200636626, 5332.607355944709, 565.6242676672642, 1.3225449677257612, 0.0632147812741783, 0.10115153854905266, 638.5002957016003, 0.5549357772373776, 5334.69552868568, 566.0796440944227, 1.094445263911798, 0.0632033753125439, 0.10122033563638054, 650.7288927505277], "obs_std": [11142.025352406194, 555.4515018982225, 23.55763028021977, 1.6089076114741665, 0.12409126074747272, 525.5356098073146, 0.7997870800247189, 11145.340967724138, 555.5127943774737, 22.93336105437168, 1.6089061461075527, 0.12455869843906724, 525.5004197204596, 0.8028839103150656, 11143.86484910355, 555.4868252625346, 22.102734410664315, 1.6089046230991744, 0.12317845713476419, 525.3576709342027, 0.8021651171877922, 11149.533564408603, 555.35091483443, 20.954327930821265, 1.6089031160634895, 0.12235479124075434, 525.5400641340655, 0.7989347318737807, 11150.523536174127, 555.2821997935938, 19.47938038330961, 1.6089014392465335, 0.12300956618108627, 525.1063007872428, 0.7944478634663387, 11142.679205852342, 555.1371316010224, 17.830396078042927, 1.608899958998389, 0.12169799026717892, 524.9186062948785, 0.7974854725231867, 11152.601697338312, 555.0145498328504, 15.877980034217881, 1.6088982796798226, 0.12148736194071101, 524.8437991779518, 0.7894936195520007, 11152.514452031612, 555.019833938089, 13.495130375029754, 1.13813534066637, 0.11999352970513298, 524.8510443056292, 0.7917647646470547, 11152.001259021625, 554.9115516879287, 10.28768235016047, 1.1381334056005499, 0.11932054586073229, 527.1494128509144]}