{"obs_size": 14240282, "obs_mean": [5353.871043566067, 564.1209546973859, 2.168716462216127, 0.06382641138448836, 0.1009594725732957, 630.8344294996919, 0.5526679952686482, 5353.107025873706, 564.415974276352, 2.075836840871551, 0.0638179155125667, 0.10108078925438534, 631.6972651984955, 0.5522652451686146, 5357.613835191653, 564.691324160575, 1.991334019930223, 0.06380913041603559, 0.10097896447135037, 632.6470208775467, 0.5530748941629263, 5356.571134378114, 564.9984784711427, 1.8918953992624585, 0.06379994997438417, 0.10106510094140067, 633.8477486844668, 0.5531402359166832, 5359.9356226701175, 565.2661292803049, 1.7676562163586367, 0.06379043610141448, 0.10101166531323005, 635.0898516763407, 0.5533567540305837, 5360.49140329654, 565.6067583493078, 1.6219406329172414, 0.06378043425250438, 0.10100648546264868, 636.5965702346291, 0.5538335878461051, 5360.567378220732, 565.9754284360381, 1.4352076033325745, 0.06376941298459694, 0.1010694764799599, 638.0425418480683, 0.5537247630349011, 5362.644366301357, 566.4242026948623, 1.254586812255544, 0.06375821689732847, 0.10103485232272776, 639.7623677006789, 0.5544316996671971, 5364.673905888597, 566.9196739221878, 1.0428671988377758, 0.06314390726518729, 0.10110809925294972, 653.8283756941075], "obs_std": [11202.670554528262, 555.7691483971072, 21.31418922886271, 1.971863123903961, 0.12473857273697742, 525.5499763936003, 0.7981552456270701, 11201.762205633628, 555.7808959538721, 20.73945232411914, 1.9718618251755742, 0.12589699502164864, 525.4281543047124, 0.8002817845757729, 11209.975541834952, 555.7207079432085, 20.08936861819853, 1.9718605563481126, 0.12307790218850855, 525.2436347343368, 0.7958981929641623, 11203.578885235296, 555.6928687646353, 19.331982819966818, 1.971859418387273, 0.12432134294626637, 525.2500568746337, 0.7960765591159954, 11209.142237606877, 555.5545587531384, 18.335580767150987, 1.971858211958726, 0.12264901079365276, 525.2642121867273, 0.7965822136352984, 11206.11692056164, 555.4799128773623, 16.923122221319513, 1.9718569890686817, 0.12187523920260229, 525.1825091092769, 0.7917915293238872, 11207.41220620414, 555.4376696858984, 15.081360665568193, 1.9718556223318022, 0.12186458459333849, 524.8780452893975, 0.7897413679970222, 11205.344670057513, 555.3482332399034, 12.828397451516906, 1.9718542270625232, 0.12009043725030116, 524.6532665769686, 0.7866682731747349, 11209.17520142432, 555.3192733809111, 9.82561454200102, 1.139079184447644, 0.1187236698337578, 527.3562682485542]}