{"obs_size": 14240282, "obs_mean": [5251.157341532303, 567.2172209791912, 2.1556599089821393, 0.06371749449871322, 0.09947291303528955, 633.3619073852179, 0.544397394377464, 5253.829257251377, 567.5172797139832, 2.0684096003155, 0.06371071195451923, 0.09950942714947744, 634.2367809200706, 0.5443024007530418, 5256.19241243138, 567.8382686522642, 1.9793333446626968, 0.06370385505870774, 0.099492621005118, 635.2416445746508, 0.545001541612754, 5255.144162160672, 568.1478150502919, 1.8802275825717496, 0.06369631289669155, 0.09954887502073428, 636.4686009825687, 0.5450716499153837, 5260.019889760338, 568.4194265956249, 1.7552264063309981, 0.06368828711539029, 0.09951087972962948, 637.71748975785, 0.5453150827350464, 5259.155314496616, 568.7506767773277, 1.6049710251524514, 0.06367977862279152, 0.09951066627620249, 639.2103454663293, 0.5456033638238648, 5262.908463248782, 569.1343209354984, 1.4201298822593542, 0.06367044984594572, 0.09952674835084035, 640.7058392411487, 0.5457146631647024, 5262.093061291153, 569.5807145532651, 1.233334775252344, 0.06366095660473044, 0.09950428805665441, 642.4468934633455, 0.5461981697413296, 5264.523336432541, 570.0896126916588, 1.0237777594572917, 0.06304851987328045, 0.09955627041156939, 655.6776955702583], "obs_std": [10941.190746708173, 556.2450605065723, 21.438617254934023, 1.971834249452582, 0.11697960438037516, 525.2266465936651, 0.7734830512207698, 10945.237718327997, 556.254788066947, 20.861628720280823, 1.971833399664823, 0.1168928452723141, 525.0733271950253, 0.7735275074912553, 10949.363984080312, 556.2219839730528, 20.199446329359883, 1.9718326977292886, 0.11540856648439574, 524.8633623023344, 0.77071864930139, 10944.496579991364, 556.1947967904006, 19.434119359632074, 1.9718319428275164, 0.11602884179058531, 524.8809825639895, 0.7708824219557666, 10954.928750260817, 556.0702488094597, 18.426298157050493, 1.971831159730107, 0.11475491885359625, 524.8362784969876, 0.7711617762789548, 10948.222787381736, 555.9691116578856, 17.000608536291267, 1.9718303785985651, 0.11385198689587449, 524.6843545974389, 0.7671279552382935, 10955.430847424586, 555.9509744234394, 15.140357505000376, 1.97182952546229, 0.11338665973083441, 524.405248704297, 0.7651514546153143, 10949.316658248985, 555.8702888384463, 12.876983088454667, 1.9718286808518277, 0.11172708911949837, 524.17815853491, 0.759801928529693, 10953.232691688032, 555.853605648975, 9.84573698649708, 1.1390358070585385, 0.10997387018837437, 524.8409748133083]}