{"obs_size": 14251917, "obs_mean": [5225.7116780378165, 560.7448747421136, 2.3513285967073765, 0.06471762786768426, 0.0998385842056197, 629.3825157845548, 0.5601980784058855, 5229.967982167156, 561.1007228711759, 2.267587020047899, 0.06471088519404945, 0.099800802916829, 630.3958401708304, 0.560632755228661, 5232.612216204296, 561.3857431249425, 2.1681871287911654, 0.06470342880618248, 0.09979260397152259, 631.5094496556962, 0.561205198360345, 5231.947023533486, 561.7840723461974, 2.041617418905821, 0.06469527503718416, 0.09982251085211978, 632.7290166587854, 0.5611975867527276, 5235.816642001899, 562.1722935939075, 1.896573071538376, 0.06468710684072326, 0.09980858099503381, 634.0548084940887, 0.5617724981137711, 5234.876708421351, 562.5775274301695, 1.7116352137049353, 0.06467785601201023, 0.09983005344333676, 635.526759089461, 0.5613456436071123, 5240.2368756782525, 563.0784678299771, 1.5307215864364072, 0.06436682818859525, 0.09982781206465041, 637.0873449723202, 0.5619649943232307, 5242.382585116446, 563.6234957023676, 1.3252407377898707, 0.06405638506013832, 0.09983996245305189, 638.9992146370643, 0.5618218425633655, 5246.002173652697, 564.1647756578991, 1.105766122550391, 0.06374475840633434, 0.09978272590052252, 659.1151564197739], "obs_std": [10973.857287626704, 555.60555638685, 22.581924492014135, 2.5443275215471672, 0.12039674149640361, 526.6198726959128, 0.8133937854801883, 10992.288687768787, 555.7541188209551, 22.004355634538527, 2.5443270867605587, 0.1192730401871195, 526.657614697484, 0.8101159115422721, 10988.588357785926, 555.6330993912951, 21.288515421655713, 2.5443265321533826, 0.11732403015312552, 526.3508459579054, 0.8118707075119599, 10991.48535957959, 555.827367330476, 20.369335393711584, 2.544326055957678, 0.11737912094903473, 526.2766813537518, 0.8081400948968182, 10992.936716774568, 555.7978244144341, 19.03687729333547, 2.5443256111224315, 0.11717880859231952, 526.1847080373215, 0.808357967917886, 10989.963045795119, 555.7241912806397, 17.3999370533747, 2.544325065688286, 0.11597157198211168, 526.0704083291386, 0.8039635606645168, 11008.394070161796, 555.7546239253261, 15.504703841432452, 2.2758056426737445, 0.11420954983958553, 525.6829322559516, 0.8014466663658579, 10999.914727947586, 555.7314539473589, 13.13109048412382, 1.9710392703174398, 0.11315059120198957, 525.6666593809849, 0.8013711377536767, 11009.841318804716, 555.6938967011931, 9.990765368397174, 1.6095640699835947, 0.1119648302425088, 534.2104979134667]}