{"obs_size": 14264008, "obs_mean": [5215.212869587061, 565.8859236478276, 2.4708161268557904, 0.06349927024887611, 0.09964359895900246, 629.8007572430793, 0.544169565384458, 5218.955288958681, 566.1432736857691, 2.373042065035298, 0.06349174803856897, 0.0996913572653642, 630.9320493313462, 0.5445684404411737, 5217.886885997309, 566.4884585033883, 2.248869532322192, 0.06348364521284149, 0.0996564975856723, 632.0970444844577, 0.5445824205931775, 5221.079576910348, 566.8222463139392, 2.0995835812767347, 0.06347522340271637, 0.09963105341542139, 633.5375954580168, 0.5449581188541376, 5223.125205046219, 567.216269368329, 1.9171153016739755, 0.06346592948672863, 0.09965366081475915, 635.1190726409665, 0.5448769561823263, 5222.513439620791, 567.6175016166563, 1.7340167644325495, 0.06345642096507047, 0.09963592896078156, 636.9348574769423, 0.5456809673690852, 5227.937951340437, 568.0883621209412, 1.5269422170823235, 0.06344698482313889, 0.09971864973098747, 638.8059837296813, 0.5457328795665588, 5229.126341599041, 568.6182744008555, 1.3034664590765797, 0.06313638070857296, 0.09966712176170904, 641.2117485086932, 0.5467520288827924, 5233.359177818697, 569.0561171165916, 1.0722172898388729, 0.06312620326580921, 0.09969593940693408, 652.5442741496381], "obs_std": [10876.685740601833, 555.8636499579328, 23.68987224130585, 1.6088733327149372, 0.11682490150073829, 525.1674620276956, 0.7768957374754626, 10883.508732928596, 555.901973323507, 23.06532844036259, 1.6088723362282693, 0.11627466073304617, 525.1126806643956, 0.7777003487964033, 10879.713738700746, 555.9002464826284, 22.230025273338292, 1.608871374284425, 0.11556192196883515, 524.9098461077599, 0.7789392179979118, 10885.766494302283, 555.7354797524412, 21.068825903019718, 1.6088705016106701, 0.11422766028259775, 525.0179958748713, 0.7742582046319694, 10888.749719116844, 555.6699182166577, 19.583649186846394, 1.6088693788531772, 0.11484210713040202, 524.6013230219484, 0.7709178424495204, 10882.45216496644, 555.5469373050186, 17.92244201985371, 1.608868385608499, 0.11340134827296833, 524.4265811174101, 0.7708697203775383, 10890.504259516834, 555.4283318902359, 15.955783330295795, 1.608867381437431, 0.11337498466914901, 524.2493133606773, 0.7657713208114323, 10892.140133597635, 555.4264475839539, 13.530838994204506, 1.1380924652440088, 0.11225892014457288, 524.210397923436, 0.7652366718728567, 10894.135074739208, 555.2982597265532, 10.307977883447057, 1.1380910838514087, 0.1112893499320749, 524.650785466988]}