{"obs_size": 14276570, "obs_mean": [5242.517616807247, 563.0567675569131, 2.653267766697463, 0.06711428661261831, 0.1002299082616484, 626.4462872600865, 0.5547912410334024, 5244.062102626023, 563.4407971942841, 2.532291299660913, 0.06710689319452133, 0.10022591926478128, 627.7097355306832, 0.5549163772530986, 5248.976530494118, 563.8433001063981, 2.3888518740846014, 0.06679702149473614, 0.10020745973843906, 628.9285288004952, 0.5553298295739385, 5250.630019213944, 564.214074178882, 2.205243486355616, 0.06678818787468592, 0.10027729666460533, 630.5150343012341, 0.5547098612622222, 5246.217778842733, 564.6469411770473, 2.027862364699644, 0.06587651923901215, 0.10019856340122361, 632.1877709804268, 0.5555956848879181, 5253.1319086923895, 565.1914033272698, 1.8220367357145308, 0.06586721032377552, 0.10022481042939649, 634.1986659417935, 0.5558787128141008, 5253.957849318902, 565.737806980248, 1.6066344367029335, 0.06555670727549445, 0.100221206297101, 636.5221768860858, 0.5569689548680359, 5258.670103074344, 566.1923064853812, 1.380572014146255, 0.06524591884080697, 0.10025226771206357, 639.4824579524823, 0.5596552349759354, 5259.107020400233, 566.5527511159894, 1.123636629806739, 0.06523438694589109, 0.10041329907982119, 654.647102341757], "obs_std": [11335.402707987021, 560.5698081911149, 24.667305474715082, 4.098648358929988, 0.12333447719778025, 527.3532956438555, 0.8193253451298201, 11344.815342776154, 560.5320350598441, 23.914708934068717, 4.098648205027765, 0.12242592513821313, 527.2490345156854, 0.8181558585806199, 11389.786243183491, 560.5906590796532, 22.845958833115958, 3.9378743359661876, 0.12163885355835276, 526.96212550578, 0.8206237187643669, 11362.708946337538, 560.5781809147327, 21.56356917010256, 3.937874005541158, 0.12247048252387996, 526.8583493601885, 0.8082339996519887, 11342.28083896216, 560.489998121853, 20.077528674310663, 3.4103768754832346, 0.12006143461752078, 526.6555523185247, 0.8109906258240167, 11354.077720699852, 560.5529284341495, 18.31101183731759, 3.4103765345337793, 0.11829688681223256, 526.7157746250431, 0.8097456704271313, 11345.6785375232, 560.5075161450633, 16.2651119922697, 3.215370621059663, 0.11684389939282905, 526.7828915902558, 0.8056587700882748, 11366.844043469815, 560.394814407593, 13.815726383989881, 3.007747958459713, 0.11568736041974184, 527.5038226050395, 0.8129851217671752, 11327.305630947974, 560.1938920917107, 10.425285714046, 3.0077473109137927, 0.11635241759065855, 534.0540501761229]}