{"obs_size": 14251917, "obs_mean": [5334.674367302518, 562.2500143664884, 2.335466800711792, 0.06718648488895307, 0.1018273421625309, 624.9636930860141, 0.5621978853792309, 5333.243434224264, 562.5538167953125, 2.25813783507159, 0.0671781373598451, 0.1016321716080726, 625.7660475330184, 0.5631344866097823, 5339.170384762862, 562.820859607869, 2.154507986539635, 0.06716921392954446, 0.10175831192681019, 626.7283373367484, 0.5630190362461653, 5333.149660629022, 563.1566800452177, 2.026025551510018, 0.06655739744520758, 0.10170912278334232, 627.8800267475568, 0.5628710440146591, 5336.237896069651, 563.4798142593731, 1.8869564003214443, 0.06594576324638364, 0.10169500084388648, 629.1724501414064, 0.5639111813519727, 5334.845198175304, 563.7794046934177, 1.6911437247354162, 0.06593581060422334, 0.10180530601490327, 630.6947746111636, 0.5631572861391426, 5334.848940130771, 564.1990386977417, 1.519690088007108, 0.06532293301147549, 0.10168349955412957, 632.3574979572132, 0.5646782875595115, 5342.515104348954, 564.6834634246046, 1.3043654408035072, 0.06410684373232918, 0.10181307083720761, 634.2722547112294, 0.5642098070736855, 5339.556646891155, 565.1585096236527, 1.0857340805450943, 0.0637940839979017, 0.10175266687021713, 652.7896525141634], "obs_std": [11244.964298554523, 557.2523622901241, 22.579131904967227, 3.9412872549542137, 0.13050216321176694, 525.652619116551, 0.8386770549931611, 11237.952919542851, 557.3355948267631, 21.9986478316767, 3.9412866599100305, 0.1269504693198461, 525.5882052082248, 0.8372702257235364, 11253.113725175665, 557.1622792430328, 21.282325136971444, 3.9412861248444893, 0.12789302632251542, 525.2177217186754, 0.8354322329373156, 11231.170424408856, 557.2787555217493, 20.36848626947308, 3.5979361683306292, 0.12550366736727928, 525.1353492019482, 0.8336100763782984, 11238.486629297427, 557.1282489111992, 19.033598120524864, 3.218159843919443, 0.12474284328981847, 525.0858098456723, 0.8328184107441953, 11233.425816458719, 556.9341185876738, 17.398282468103602, 3.2181591970861136, 0.12511695985924975, 524.9141181866007, 0.8309956307761351, 11225.530178386321, 556.8648044638541, 15.51771491860485, 2.7871052936852707, 0.12131720443355078, 524.6452052227828, 0.8300260679090902, 11244.794507914157, 556.7875634020927, 13.149884708227017, 1.6095877430285286, 0.12234135023663935, 524.6332028824845, 0.8254672798808735, 11225.62600743518, 556.7130852089648, 9.986334881583232, 1.1386274697351035, 0.12091771706641725, 530.9500857887292]}