{"obs_size": 14251917, "obs_mean": [5299.0192363136175, 568.6368376969918, 2.3024017049776533, 0.06290984806886785, 0.09823248065912808, 631.2902322844943, 0.5343407269352389, 5301.741318485879, 568.9396073524706, 2.2147120980286368, 0.06290309913516293, 0.09821672806563508, 632.2596168049478, 0.5343575518999046, 5306.128721582768, 569.2367929170512, 2.1105810537628025, 0.0628961153729785, 0.09821107370334871, 633.283592322493, 0.534556907537469, 5302.1175680425995, 569.5765067253759, 1.9841638847602043, 0.06288829878184898, 0.09822448109661377, 634.516191390997, 0.5348182231204862, 5310.156782615504, 569.9786240686079, 1.8288680743790464, 0.06288041273101104, 0.09822092765738105, 635.8148698280598, 0.535066917313696, 5306.7433248248835, 570.3432400707919, 1.6455960977039088, 0.06287179507094469, 0.09820417194599138, 637.4006732602603, 0.5351962006936088, 5311.775561771647, 570.7960189495914, 1.4571010341977153, 0.06286286270781058, 0.09820451241562751, 639.1553942573871, 0.5355621110479923, 5316.572141093087, 571.3456989680757, 1.2473999813498773, 0.06255272505882002, 0.09821541350963599, 641.093280326005, 0.5357607220839495, 5316.226487683113, 571.8369554074725, 1.0220680488105565, 0.06254306145560076, 0.09820946030754969, 654.5044556039696], "obs_std": [11175.818030329017, 554.9616176618329, 22.741325744879283, 1.6095483798692902, 0.11427111269175984, 525.5630484005022, 0.7592266043925047, 11182.878408928846, 555.0397695605453, 22.154975688194526, 1.6095474919501704, 0.11332034165782116, 525.6337925275484, 0.7560485815300736, 11186.773395335309, 554.894031122997, 21.42903829118862, 1.6095467092644464, 0.11241467942916403, 525.2534241492517, 0.7545955376791764, 11173.403768681083, 554.9973394592349, 20.495912018442677, 1.6095458943976495, 0.11162510914368276, 525.1432897640449, 0.7559576966015664, 11200.457231070546, 554.9228046284312, 19.13375154719722, 1.6095452225470326, 0.11076024491046009, 525.0185772052021, 0.7562824816548497, 11180.360807437712, 554.7995667572696, 17.481878769933406, 1.609544393726933, 0.10938829594223556, 524.8618292972044, 0.756462149139583, 11194.103900677084, 554.7733300841343, 15.579755307617631, 1.6095437419976686, 0.10689047971664142, 524.5365071801493, 0.7507448001242266, 11205.876046238865, 554.726263113668, 13.178998786330023, 1.1385669317687128, 0.1064403885381477, 524.3347804125503, 0.7487865323180861, 11195.643203718577, 554.6379448177961, 9.955161942586374, 1.138565767540437, 0.10579151966038343, 527.4651711644001]}