{"obs_size": 14240282, "obs_mean": [5284.439546764095, 569.3682414435332, 2.1155320519635774, 0.06399515454982607, 0.09847423146922225, 628.5891162635257, 0.5328032876034374, 5285.576230565711, 569.6609721633321, 2.032557852435788, 0.0639891169783791, 0.09845964883195547, 629.4720020479481, 0.5329462548564742, 5289.042003174543, 569.9717714859862, 1.940310662387163, 0.06398286875267685, 0.0984913052233803, 630.4849975463136, 0.533418278935779, 5286.494565070796, 570.2867026088388, 1.8413820035305482, 0.06397576505423884, 0.09849221514805731, 631.7170539019239, 0.5335959703607066, 5290.907429216592, 570.569099263624, 1.7183498191959963, 0.06396838980464757, 0.09849923138951934, 632.9614970077546, 0.5339038813276361, 5290.72216819899, 570.9175961543457, 1.5630698184207308, 0.06396048074905436, 0.09847551600537205, 634.5063599273236, 0.5339714337820095, 5292.076065154037, 571.324564007932, 1.3817308533637185, 0.06395180577197178, 0.0984526663666492, 636.0180872912458, 0.5342522580662471, 5294.435041417247, 571.7731543518589, 1.191127394808614, 0.06394307092613095, 0.09848816812223188, 637.8257451159105, 0.5345251196570467, 5296.456332734528, 572.2849304529223, 0.9851842119418702, 0.06333129671885006, 0.09848605119105126, 651.7629355531487], "obs_std": [11034.073361791185, 554.3788298792335, 21.40522658267434, 1.971845994582942, 0.11340019071479947, 524.2129509460274, 0.7588034190919907, 11034.814984184663, 554.3839009087685, 20.82627083011599, 1.971845457302734, 0.11249274690576323, 524.1147515037089, 0.7611692637027392, 11043.913046287047, 554.3301061177148, 20.16440810008971, 1.9718449377713672, 0.11188270779846284, 523.9354865867048, 0.7591884685058581, 11018.222272587298, 554.3056464322038, 19.399970945468596, 1.9718443945290403, 0.11185404377078144, 523.9788656849202, 0.7561528389247822, 11043.55867831293, 554.2078603504855, 18.390758177666182, 1.9718438297527825, 0.11095751387530295, 523.9973574383791, 0.7609170556448702, 11031.012052186788, 554.1506109797609, 16.955738044120604, 1.9718433018915484, 0.10973573157189942, 523.8928485717662, 0.7553781850918794, 11034.189805017159, 554.1431300909551, 15.0877409050414, 1.9718427211187568, 0.10852122277767255, 523.6427579900286, 0.7521752309287183, 11048.407610441236, 554.0841625796166, 12.817658280913564, 1.9718421642720678, 0.10793118612998163, 523.495197956551, 0.7495756024341207, 11045.71236588682, 554.0649400017161, 9.801414861640213, 1.13905982233448, 0.10537182582062697, 525.8115098319953]}