{"obs_size": 14289583, "obs_mean": [5275.95496212798, 559.6114240702475, 2.797115143248057, 0.0651573631131928, 0.10152630900334877, 622.0359509994609, 0.5547302407635003, 5279.45014085635, 560.0086742909151, 2.6565354636310943, 0.06514723669844721, 0.1014960045950948, 623.5226298384873, 0.5556116225365052, 5281.947338190952, 560.3703653213673, 2.473440057697975, 0.06513687963694291, 0.1016048497904386, 624.9531291684301, 0.5553192422760106, 5280.791970274145, 560.826207244816, 2.2988199165783914, 0.0651264059051342, 0.10151918044354416, 626.3794262724546, 0.5561405173265089, 5282.994098101209, 561.2577587463539, 2.092391429476983, 0.06511452749349697, 0.10163932339418204, 628.3984139390701, 0.5558290809465921, 5285.642905660101, 561.7121067843618, 1.8814530836904058, 0.06510294381880194, 0.10156231745845895, 630.5505758635544, 0.5572181645188764, 5288.205334845385, 562.208260171063, 1.6557364900011429, 0.06479115460053088, 0.10161464490951137, 633.1914722868166, 0.5599426656467216, 5293.171747796469, 562.694175820246, 1.4000477130788211, 0.06447879161212151, 0.1017208587799241, 637.1446961190308, 0.5679268325044988, 5290.849846139396, 562.5266853483408, 1.1680946882774674, 0.06356469943798276, 0.10210343041990808, 644.4440398423626], "obs_std": [11093.142963312837, 554.5691662105207, 25.49470722948344, 3.0063864488007024, 0.1280409579645509, 525.8928179623575, 0.8197851887522739, 11098.318630668899, 554.5133963003802, 24.49738965543593, 3.0063856082471077, 0.12638376311755006, 525.8546816917717, 0.8170708657311467, 11102.026441271179, 554.4698714777777, 23.333297471558875, 3.006384792385565, 0.12801010151748748, 525.7399684059916, 0.8162634913983031, 11095.467934240289, 554.482552213211, 22.021908687730004, 3.0063840476188077, 0.12554449926294878, 525.2310910119796, 0.8131405989006388, 11098.828541539178, 554.4021417152263, 20.451803600763434, 3.006383083541795, 0.12617544078459947, 525.3619874211453, 0.8073735047378815, 11103.434894897831, 554.3169612345664, 18.679796214977173, 3.006382275517018, 0.12360925123671744, 525.2916199845145, 0.8123541752094178, 11100.240018198454, 554.1880944758567, 16.57139378658261, 2.783423869376974, 0.12238152419096057, 525.4531544070126, 0.8186791390327, 11107.95458455469, 554.1566446940831, 13.968668636869399, 2.54097660049181, 0.12176339003956989, 526.2590604029803, 0.8343123309105218, 11104.196393480117, 553.7355660119428, 10.649229382992432, 1.6074536958316923, 0.1227681710315362, 527.9356447529332]}