{"obs_size": 14264008, "obs_mean": [5266.5061426902475, 566.6241238086799, 2.5287741005192936, 0.0652275187121412, 0.10018044626328057, 626.2008940223541, 0.5539460015726383, 5269.321904939826, 566.8400697055133, 2.4308774223906777, 0.0652204475932804, 0.10026191359483339, 627.2566380071707, 0.5543865182212483, 5270.03924618638, 567.1474090592209, 2.3057261325147884, 0.06491138755973298, 0.1002416541104724, 628.3667354663559, 0.5542511866931178, 5271.810813686525, 567.5093531916134, 2.1542766240736824, 0.064601909396092, 0.10019295146658681, 629.6510060151335, 0.5547680620341814, 5274.802400568691, 567.9422243032953, 1.9632414676155538, 0.06429125737886095, 0.1002855149052779, 631.1193916437763, 0.5540666527949291, 5273.15215257393, 568.4236110215305, 1.7781415994719016, 0.0642816264402075, 0.10023186567471211, 632.8072606047299, 0.5549707169962355, 5281.098206411017, 568.7690718485296, 1.5644847507096182, 0.06427238011687392, 0.10028739974718257, 634.6361201049549, 0.5548996882923913, 5278.203192779072, 569.3796608919455, 1.338926408341891, 0.06396104112968315, 0.10028072251606907, 636.9863579507233, 0.5561137859008554, 5282.444652333477, 569.7344786262038, 1.1051552270582012, 0.06395027249221458, 0.10034836566069097, 653.3954011681204], "obs_std": [11285.191816582537, 565.790206964245, 24.084657938337543, 2.785924535220056, 0.11945591288143359, 526.1504365616096, 0.8221118799837339, 11306.18010634424, 565.7937393484186, 23.461536466232292, 2.785924263539716, 0.11957804852128293, 525.967771893581, 0.8246466082884139, 11297.517131495624, 565.7838402916852, 22.640555039414124, 2.543260408845583, 0.11880406010338779, 525.8470011101194, 0.8223008247118945, 11306.197688482325, 565.6084771457556, 21.448722648188706, 2.2748567069740133, 0.11687282350491737, 525.916330979032, 0.8217291584973527, 11297.320795720234, 565.5776585623862, 19.933918230661988, 1.9702211434114891, 0.11900767491319861, 525.4985560697434, 0.8119010770335536, 11289.880147531672, 565.5424905263817, 18.20128677746142, 1.9702204084028039, 0.11805217541159947, 525.3084720454463, 0.8114899326418002, 11332.061833663543, 565.2230950165301, 16.201571497122156, 1.970219891994305, 0.11639534433585352, 525.1956661477717, 0.8068827120052753, 11278.979573374672, 565.3540837102563, 13.724785726627395, 1.608902136970914, 0.11617062564836851, 525.3334044062559, 0.8078374319479867, 11298.222744453242, 565.2635149241803, 10.438352590528629, 1.6089010039048202, 0.11531729621330289, 532.072153553531]}