{"obs_size": 14276570, "obs_mean": [5251.1460724242, 565.0567392587994, 2.6679897902647483, 0.06545814441004408, 0.09960529580816706, 635.025178296425, 0.5563674589905445, 5255.132683483789, 565.5948815436761, 2.5476991322145306, 0.06545113752967993, 0.09960899888649762, 636.4247940332044, 0.5565640768756589, 5242.1900203475825, 566.0950499314612, 2.4037778682134436, 0.06544268524219075, 0.09961345795909031, 637.7724837039958, 0.5571989442142403, 5260.44246695726, 566.4946747012764, 2.2197298790956093, 0.0654340268229766, 0.09966130437009757, 639.4143265188562, 0.5566528131057206, 5246.96020474036, 566.9759064677299, 2.0410154539921, 0.06512423029509914, 0.09961990716516748, 640.9469321082038, 0.5573442668652732, 5266.912192338994, 567.4280517659353, 1.8366687516679427, 0.06511510669937551, 0.09966771808795895, 642.9793703377374, 0.5575882168476555, 5259.901395735906, 568.1244250544773, 1.6212704452119802, 0.064804882930221, 0.09956110569884807, 645.5870478462215, 0.5585541156594844, 5264.358345317216, 568.8935720554726, 1.3965582769530778, 0.06389242474250466, 0.0995901140090381, 649.068462407852, 0.5616409050633838, 5270.90403742379, 569.3942043502045, 1.1403127642003645, 0.0638810911660925, 0.09971067290203536, 664.6596983976732], "obs_std": [11163.505397591254, 565.9592209331913, 24.7553177773026, 3.410368618399036, 0.12338050742781882, 535.399663165709, 0.819989943855776, 11146.860910981371, 566.506509452691, 24.004756081443094, 3.410368431498891, 0.12289905914275054, 535.652061713021, 0.8183455694921644, 11135.222464344184, 567.0104759963355, 22.92993550281876, 3.410368049444855, 0.1227236787910376, 535.5105162173103, 0.8225743908487468, 11160.954410833016, 567.2357230772553, 21.613895742413607, 3.4103676612421894, 0.12323928765487967, 535.472602550984, 0.8134363786142906, 11121.410483918968, 567.4983971301693, 20.12835740588421, 3.2153608076273867, 0.12159416527755788, 534.9545722357105, 0.8105570719814206, 11202.908946823038, 567.461318560148, 18.35053825464873, 3.215360405902508, 0.11977372185662309, 534.9444851217976, 0.8117550027285865, 11136.039313940257, 567.9481739518974, 16.279129066263142, 3.0077370198886126, 0.11666957024720241, 535.4877176208643, 0.8065240429538317, 11184.48194502181, 568.7128414723609, 13.850310064177522, 2.2738293226863036, 0.115202702892216, 537.1325038746573, 0.8125670898712449, 11176.713727832048, 568.8730256688548, 10.421694314133271, 2.273828462404573, 0.11450860422924465, 544.5811481054469]}