{"obs_size": 14264008, "obs_mean": [5254.10155970848, 571.1304716037737, 2.4558173971859807, 0.0649242498229196, 0.09826676821696981, 630.7282593771678, 0.5330702636314097, 5256.1952962891655, 571.4275327103013, 2.356437405251035, 0.06461633660554066, 0.09831250650988224, 631.8837788763668, 0.5335198753394266, 5256.760949159874, 571.7248722098304, 2.232479188177685, 0.06430780901596013, 0.0982847723925849, 633.0449139175092, 0.5336042879393073, 5258.89994970015, 572.1023117766058, 2.0770741996218733, 0.06399906969661882, 0.09825451845561167, 634.4999006401687, 0.5338431210218416, 5261.331576868279, 572.4985282537699, 1.8951524704697305, 0.06368950892246619, 0.09825637757655539, 636.0551943225655, 0.5336713289140474, 5260.646508223059, 572.9117870657391, 1.7076002060570914, 0.0636808402136432, 0.0982541646803624, 637.9147535920198, 0.5341141479309734, 5266.0449836470225, 573.3815356104681, 1.5001174284254468, 0.06337099197750932, 0.09827506994843281, 639.8132583335187, 0.534285189688663, 5268.0379736869745, 573.906456796715, 1.2743285057047082, 0.06306073292500448, 0.09826846891855302, 642.3002708107457, 0.5351917529771781, 5271.191082042023, 574.3750607122486, 1.038386475947013, 0.06305086083708915, 0.09832031543287242, 654.2771352344504], "obs_std": [10899.90597753836, 558.5277441529729, 23.801414677653433, 3.0090609040683005, 0.11037508857243106, 526.9069518770797, 0.7653483522868704, 10905.521259970004, 558.5864511723076, 23.168568961728237, 2.785901455691099, 0.1103187332897982, 526.9215804436374, 0.7663041186773355, 10900.236122947841, 558.5447135994646, 22.325135423750396, 2.5432354387395537, 0.10943784189176864, 526.7259765223105, 0.7673218814399239, 10906.932384198897, 558.3923935840966, 21.155325704904282, 2.2748288228100026, 0.10793027741680886, 526.9319382447553, 0.7629185193818344, 10911.601572733838, 558.332995813382, 19.644793368784534, 1.9701891296167566, 0.1079109756372218, 526.5044077209278, 0.7587017161260217, 10902.987891812685, 558.2088151559651, 17.982274871514576, 1.970188623823837, 0.10701158551241942, 526.4345155444846, 0.7583579378725839, 10912.623914559274, 558.0541662138703, 16.000877056303704, 1.608863645753207, 0.10633072874857163, 526.3787388343142, 0.7525217390504246, 10914.495418734876, 558.0791809331724, 13.561365743239005, 1.1380873974418784, 0.10635564014682294, 526.5665526792072, 0.751065826708271, 10916.862468218396, 557.9712319482445, 10.312862688746531, 1.1380861603504973, 0.10491112236417222, 530.5421315455682]}