{"obs_size": 14251917, "obs_mean": [5320.896193523185, 564.7765377106813, 2.3161724840244298, 0.06344998885070145, 0.1004761898657562, 629.0056355424568, 0.5463414196841212, 5320.743796554845, 565.0556864034502, 2.233772972435918, 0.06344149185980534, 0.10034676495667252, 629.9618619987721, 0.5468589586229129, 5326.503729167503, 565.3366918288958, 2.1310364072426182, 0.06343305169508923, 0.10043973413155609, 631.0044061236134, 0.5469551668031882, 5321.515977510832, 565.6857748329576, 2.0035678709046647, 0.06342347691143024, 0.10039627173860241, 632.2156437522028, 0.5471580353015091, 5327.669145283436, 566.0803596456534, 1.8565172671157149, 0.06341398346482932, 0.10041121880333677, 633.6376793162601, 0.547858039939484, 5327.307184335714, 566.4294925377407, 1.6686864651260598, 0.06340392567842766, 0.10046023021738042, 635.1975827236906, 0.5476018450009343, 5328.888832132765, 566.898107742278, 1.4875085927037044, 0.06339337480053509, 0.1003900082943222, 636.8810844475105, 0.5484495135636976, 5335.962006091179, 567.4266694087539, 1.275777918156554, 0.06308140014049546, 0.10048125556604155, 638.8008332586139, 0.5485691922006023, 5334.779320985603, 567.8869604699494, 1.054059604753522, 0.06307069946338639, 0.100435853196169, 651.6826941916187], "obs_std": [11086.094616286719, 555.1138632050626, 22.614638266333653, 1.6095838593319884, 0.12512670336414008, 525.0329267888933, 0.7840465202173812, 11085.12881538286, 555.179799829297, 22.038043538558735, 1.6095823173121604, 0.12250437109648245, 525.0375312887044, 0.7814221034366523, 11093.056685739608, 555.0299130402727, 21.32420114247621, 1.6095810402202047, 0.12251605287875515, 524.6952207355608, 0.7808781063586846, 11077.887137776965, 555.158717091778, 20.404198072521787, 1.6095795528405485, 0.12087441139732659, 524.5953477433873, 0.7805869438265526, 11092.368158784158, 555.0893065087023, 19.068628782997205, 1.6095782678877115, 0.12122408210812817, 524.56950925477, 0.7809265670534482, 11089.767547007188, 554.9561076335806, 17.424917880516354, 1.609576823049099, 0.12043033825955803, 524.4055448200999, 0.7790357054120544, 11090.535121206614, 554.9427297717256, 15.5259178279534, 1.6095754861386733, 0.11733468113392997, 524.098545635027, 0.7737656065974254, 11105.575599404487, 554.8919089285334, 13.149856414958757, 1.1386109199461265, 0.11723955829122447, 523.9583423511198, 0.7719283237228108, 11095.371314582437, 554.7999465322168, 9.962832180219547, 1.1386090801599287, 0.1161196164340903, 526.053518592198]}