{"obs_size": 14289583, "obs_mean": [5168.646952367781, 560.9100131893282, 2.8064065970294583, 0.065784259253689, 0.10130079915103152, 619.8487941110234, 0.5536435021231841, 5173.229910503137, 561.3121593541251, 2.661383120837046, 0.06577458058650888, 0.10127266427200832, 621.3476807660983, 0.554479660603107, 5176.651138224119, 561.7033242327645, 2.4754777658662257, 0.06576479643066599, 0.10136869822198441, 622.8158582545049, 0.5540774902248792, 5176.301232719474, 562.1949532747037, 2.297961529038321, 0.06575468063176551, 0.10129840000425443, 624.2962760126233, 0.5549728453937365, 5177.682321313782, 562.6617340757949, 2.089579870875168, 0.06574408094512674, 0.101425665021086, 626.3949979035327, 0.5546057043791941, 5180.258771967291, 563.151519187089, 1.8754627059446032, 0.06573322444805473, 0.10134156371547065, 628.5703933584375, 0.5559722904440244, 5183.09904292639, 563.6737247685953, 1.6471585629895569, 0.06542206167864502, 0.10137995098786239, 631.3599760118497, 0.5588165910089941, 5188.775763757941, 564.2113518638016, 1.3904138420274406, 0.06511039792085706, 0.10151219800612818, 635.8741868038169, 0.5671468875613843, 5192.144599223144, 564.0979711584306, 1.1556739619343683, 0.0641967068449869, 0.10191715798291709, 644.2602377514243], "obs_std": [10829.175851018143, 554.6905707651018, 25.616312679178844, 3.213909435152596, 0.1250727640530386, 525.4826487527398, 0.8118084649380407, 10839.053109462731, 554.6317976043283, 24.606882933822433, 3.213908775901615, 0.1234433116902984, 525.4077955541916, 0.8097846660820038, 10844.550009885035, 554.6168985620952, 23.424159707921522, 3.2139081586317, 0.12484146878678386, 525.3253973120735, 0.8072870990540719, 10839.60361296467, 554.6515611102922, 22.100246991304683, 3.213907576812094, 0.12258605616170877, 524.8438152818234, 0.8050006719301354, 10842.03938542116, 554.6022177338155, 20.521810884042228, 3.213906939805301, 0.12330930686479835, 525.0004839697942, 0.8024234962029957, 10844.851283842683, 554.5552293663796, 18.737099241035267, 3.213906352291288, 0.12062954016859138, 524.9145902095012, 0.8041622995566416, 10844.573066332605, 554.4356497065776, 16.626023117302267, 3.006378170494323, 0.11924499011562403, 525.1439021084565, 0.8122367845749056, 10853.967987490889, 554.4542254340197, 14.01103835875227, 2.7834196516961716, 0.11907865055811055, 525.9257930845097, 0.8307994017421002, 10861.538771507136, 554.0757686969978, 10.672561834314436, 1.9684438991667794, 0.12029253744871507, 527.4851676504146]}