{"obs_size": 14240282, "obs_mean": [5339.499364550721, 562.2297219956739, 2.1797234071628635, 0.06377604267957088, 0.1010618486982914, 628.6699586598114, 0.5555247521783714, 5339.662838137306, 562.5241458701449, 2.084970859425397, 0.06376810647114466, 0.10120538460074156, 629.5203592237855, 0.5549170895632627, 5343.0302428118075, 562.8253699610725, 2.001141831320475, 0.0637594813114041, 0.1010782251784763, 630.4671035901403, 0.5558036627364626, 5342.949488386976, 563.1358211866873, 1.902519275952541, 0.06375032244018229, 0.1011987210063684, 631.6807423343579, 0.5558364012032915, 5345.252031155289, 563.4143717097736, 1.7763712825349947, 0.06374136776948122, 0.10113508461426596, 632.9135211788571, 0.5560057194092135, 5346.049844903655, 563.7588762638267, 1.633228681847733, 0.06373162681407024, 0.10111852184535472, 634.4208917237687, 0.5567151799381642, 5345.958277878346, 564.1385697277625, 1.4435006975283213, 0.06372082996643763, 0.10120444406522298, 635.8536514228181, 0.5563884550881837, 5348.060729883811, 564.5820372798796, 1.2637492010340807, 0.06370977767554901, 0.10113502754889182, 637.5537541111903, 0.5572306674123508, 5349.912331698927, 565.0837169516727, 1.052423540488875, 0.0630955601434098, 0.10122881133596967, 652.5284672475848], "obs_std": [11200.75623493367, 555.2598741485396, 21.3378393454356, 1.971855899242185, 0.1242047669380092, 525.2242095869268, 0.806783131393356, 11199.462318242418, 555.260319779242, 20.76261445999413, 1.9718547625881138, 0.12598132272380086, 525.1027273985617, 0.809641160757614, 11206.9315234599, 555.2142908298749, 20.11262544993847, 1.971853582435226, 0.12267862293499984, 524.9024832088918, 0.8039956447088145, 11202.44376243597, 555.2065259252785, 19.35853567677498, 1.97185250341675, 0.12405155333343669, 524.9062671952865, 0.805350002401735, 11205.341447342304, 555.0949892059281, 18.350428243559954, 1.9718514704876433, 0.1226148322984158, 524.9222399432075, 0.8042714946086342, 11201.698194196191, 555.0267715599009, 16.929414334298908, 1.9718503482467349, 0.1214998180295836, 524.876334189121, 0.800635202539444, 11201.725310736929, 555.0016047992731, 15.08791831269194, 1.971849139438825, 0.12188586840099842, 524.5567696998658, 0.8003661121409432, 11201.613019432256, 554.914042587008, 12.831165816932316, 1.971847885305047, 0.11964704593456191, 524.323967688825, 0.7952996014594721, 11203.644515447775, 554.8794390340145, 9.82903098144186, 1.139068215428997, 0.11862020930283093, 527.6067273302201]}