{"obs_size": 14289583, "obs_mean": [5266.397673187876, 559.7283303508577, 2.796308261759633, 0.06901463028278004, 0.10183265347722177, 620.6579454385328, 0.5604942391251007, 5270.173834680449, 560.1202783874098, 2.656726022025975, 0.068704785775841, 0.1018339858060231, 622.0714137351199, 0.561488389199328, 5272.070478974174, 560.4855064000118, 2.471429432195467, 0.06869464998930327, 0.10192775709634089, 623.4540900223145, 0.560840692901971, 5270.630103765426, 560.9178871069926, 2.300093991546149, 0.06868455914046605, 0.10185409960927412, 624.812129899052, 0.5620274527955139, 5273.585837564558, 561.3124977824755, 2.093785591923851, 0.06837273008849182, 0.10197374680534753, 626.7502938968452, 0.5615002149467997, 5273.910734177054, 561.7391817521898, 1.8828335998328292, 0.06776007377416834, 0.10192226147446012, 628.8237378915385, 0.5630194298882024, 5276.053234208753, 562.1681073548472, 1.6591010388476697, 0.06744819980184957, 0.1019941159506888, 631.5176328029064, 0.5662837291333278, 5279.483509247639, 562.5943636703743, 1.4038765162006477, 0.06623349675586128, 0.10217383519015256, 636.103558695916, 0.5775298778138048, 5276.38223735249, 561.8756266715411, 1.1799597650960143, 0.06501894284578527, 0.10281888807560051, 645.4506613198399], "obs_std": [11090.893269654975, 555.6332475450242, 25.466480226845245, 4.820592457486255, 0.12818821928453938, 526.2445873686928, 0.8500618166462132, 11096.459365723842, 555.5932231281685, 24.470577173418214, 4.684786711960834, 0.12694067753319435, 526.1677305746141, 0.847115056260137, 11100.142703420805, 555.5466948176411, 23.305497928486044, 4.684786242166283, 0.12838770778410008, 526.0574113059121, 0.8404804137887251, 11089.920309721865, 555.5345097653252, 21.995646893733156, 4.684785844203065, 0.1260083286829028, 525.5857398837861, 0.8413464083921998, 11098.584633416394, 555.4346517076372, 20.429294833833264, 4.54492375579641, 0.12689202584258924, 525.7348001067293, 0.835939328554721, 11096.888662493788, 555.3312799838966, 18.65412021489662, 4.251419068833909, 0.12439316042151365, 525.6552622658297, 0.8393385529871551, 11093.96960474116, 555.1326203257304, 16.57222742706711, 4.096788878988277, 0.12347713860820794, 526.0092515487571, 0.846171063558896, 11099.529238258145, 555.0530689604132, 13.979674210356498, 3.4088334401110063, 0.12313791250177976, 527.2213414989617, 0.8686408505752922, 11092.291014592483, 554.1955245357443, 10.69105905277394, 2.5409862322837697, 0.12653947228947574, 530.5697446938838]}