{"obs_size": 14289583, "obs_mean": [5181.87207341416, 561.9722684699757, 2.7949277456172092, 0.06537174371611193, 0.10127115291306915, 623.6181842071047, 0.549162397881027, 5185.831945330707, 562.3701672050191, 2.648310940914091, 0.0653621595358738, 0.10126080856068363, 625.1490782156952, 0.5498953240273013, 5189.8671121980215, 562.750309508682, 2.4679960919783315, 0.06535205935961239, 0.10133796985335437, 626.6201776001916, 0.549845120812844, 5188.965424516962, 563.2174186608524, 2.2886251474238257, 0.06534152451587338, 0.1012659898138386, 628.1223461417051, 0.5505837100354887, 5190.096251788498, 563.6577132446762, 2.082483372677845, 0.06533048752165191, 0.10138608814483992, 630.1772596358728, 0.5504857987808353, 5193.226815580643, 564.1461051732581, 1.8678918062199577, 0.06531935019546124, 0.10132225018777698, 632.386408952969, 0.551530758035418, 5195.484380627056, 564.6544172072761, 1.6378858641291352, 0.06500779863507006, 0.10134069307879685, 635.0770236671946, 0.5535720228504989, 5202.317766587124, 565.1852643285671, 1.382193448192295, 0.06469582228306568, 0.10141028220438623, 639.014287866715, 0.5583905412775179, 5204.798425833433, 565.3119080521803, 1.1416349938273216, 0.0637822342726244, 0.10167533058851386, 645.7357852097836], "obs_std": [10851.51908241477, 554.6504162461733, 25.58213565440826, 3.0063873115921966, 0.12522688551453803, 525.3279441750179, 0.7949435734401669, 10857.583337067786, 554.607379554947, 24.589009478933157, 3.0063865814494855, 0.12384969988718428, 525.2408448811161, 0.7937315089450613, 10865.30870438489, 554.5793786092452, 23.41397635912191, 3.006385799493023, 0.12517380338330292, 525.1210836754318, 0.7900116187696886, 10857.979728658293, 554.614211898833, 22.097725698018053, 3.0063850218141126, 0.12317339712727615, 524.6613056838178, 0.7873012366128461, 10862.202762739546, 554.5555627879605, 20.51611613454296, 3.0063842110705505, 0.12338533129401073, 524.7107036529343, 0.7840528265188055, 10866.708610032581, 554.4806216372695, 18.725026700443184, 3.0063834624884658, 0.1209481987252661, 524.6402863153801, 0.7843743698435505, 10862.900268300164, 554.3433387695326, 16.606662864082807, 2.7834252584965786, 0.11944149072915594, 524.7793310567304, 0.787447210690409, 10877.296670036249, 554.3440766261746, 13.990396134419669, 2.5409782714770377, 0.11875020092514664, 525.3407487984457, 0.7933317415174439, 10880.494388569705, 554.1165442782099, 10.633375815630227, 1.6074565843974145, 0.11911835144638555, 525.8888047816192]}