{"obs_size": 14276570, "obs_mean": [5299.83926663812, 566.4682568011783, 2.6103193554194037, 0.0641369874965836, 0.0991728312288597, 628.779455960926, 0.5401628285365716, 5301.142776055803, 566.8152767086212, 2.4898329220534063, 0.06412928593654502, 0.09913084518802487, 630.0221277885793, 0.5404634421993764, 5303.017598988446, 567.209388459553, 2.3445492159531316, 0.06412072939257127, 0.09913670614181186, 631.3333949841344, 0.5407752216393977, 5304.52156944349, 567.5991069283449, 2.1653472087483197, 0.06411172950443285, 0.09917355750134675, 632.9220467540845, 0.5406566940799092, 5303.38951250042, 567.9938926506857, 1.9829364476201217, 0.06410251434126696, 0.09913972674150794, 634.5041732786439, 0.5412729440615138, 5308.578080043915, 568.5337057850729, 1.77986540184372, 0.06409301277989753, 0.09917635838419214, 636.3758186199702, 0.5416937788278561, 5310.257023638643, 569.0034824190964, 1.564171856405285, 0.06378253089104063, 0.09914273172001382, 638.4920840820952, 0.5424439703654562, 5314.914138376384, 569.443714071377, 1.3365991971460933, 0.06347175564453492, 0.09914909490003598, 641.0463406544209, 0.543926163006966, 5316.092896166942, 569.8359588472581, 1.0817652979672288, 0.06346066605361787, 0.09920278864082914, 649.4667901171372], "obs_std": [10997.985713886683, 556.0110254941125, 24.559614915116562, 2.542123530041625, 0.12038590739532846, 525.8277771818174, 0.7764394348514874, 11000.266889664794, 555.9348656090069, 23.804745623607865, 2.5421230030144724, 0.11882395735846736, 525.7143359293935, 0.7770784180339186, 10999.770051794065, 555.9603273050961, 22.742882619718664, 2.5421224390818744, 0.11861529444659864, 525.378147085565, 0.7775866599705752, 11000.836781870275, 555.9794962948855, 21.466069782027947, 2.5421218185141954, 0.11873460013113404, 525.2280433377662, 0.770037187043599, 10997.722994794638, 555.8788008866253, 19.970206021354006, 2.5421212071293353, 0.11714843910694758, 524.918120727654, 0.7713703688255401, 11004.674418270328, 555.9044396507721, 18.210138210704734, 2.542120569503552, 0.11579264872385339, 524.7842091895392, 0.7712041065653064, 11006.19823416134, 555.8206905079189, 16.156944847430236, 2.2738327902704762, 0.11323500467676358, 524.5788840976902, 0.7669445027548264, 11014.571597866161, 555.6655313106558, 13.713796010528927, 1.9693282778468353, 0.11242815571695261, 524.7926890400621, 0.7697824676109015, 11011.4511275017, 555.4322993962694, 10.33989528306465, 1.9693272436096358, 0.11162963295545017, 525.215058691559]}