{"obs_size": 14240282, "obs_mean": [5330.383792905158, 562.2470573265332, 2.1857426699836418, 0.0639463691984559, 0.10122668213958129, 628.1789112331289, 0.55841990910012, 5330.370833591223, 562.5458100478628, 2.089706229132261, 0.06393813699048413, 0.101395046162711, 628.9910381543482, 0.5574023897139162, 5333.108991781944, 562.8569537457195, 2.00581765164482, 0.0639299995866743, 0.10125084960009974, 629.9298265525541, 0.5585300376074065, 5332.987280986496, 563.1604973834086, 1.9062722915178225, 0.06392093302486039, 0.10139033519806792, 631.1520075838813, 0.5585194688560253, 5335.680287730536, 563.443193610913, 1.7805407926612689, 0.06391138470882282, 0.10129820433183888, 632.3706706442035, 0.5586592868034517, 5336.108709590667, 563.7807206346052, 1.6363409797643051, 0.06390137257907696, 0.10129683935865991, 633.842355428209, 0.559293091176154, 5336.427367817671, 564.1545460265465, 1.446674791973923, 0.06389031138218498, 0.10137436999590303, 635.2609834814089, 0.5587000388054213, 5338.066021507013, 564.593097173216, 1.2669301071425412, 0.06387963478540133, 0.10129576033157112, 636.9809867950185, 0.5597606231393509, 5341.039763805966, 565.0899192164874, 1.0560574572891184, 0.0632652748192148, 0.1013902252007368, 653.4788304534055], "obs_std": [11188.95789049746, 555.2977645900278, 21.35269372105629, 1.9718561586408059, 0.12385740446064096, 525.6432661725544, 0.8136331689294868, 11186.324562179272, 555.314811587724, 20.771954241063238, 1.9718550167693607, 0.12614458545238885, 525.5176681818359, 0.8137172948287246, 11190.986297374344, 555.2897036049411, 20.120606884069964, 1.9718540519111427, 0.12290437258255303, 525.3031541779603, 0.8095806202252607, 11188.792473518422, 555.2725748044536, 19.358868235085087, 1.971853015969988, 0.12502702826307693, 525.343674087795, 0.8101603885586104, 11192.025224374443, 555.1647174787531, 18.358146114523084, 1.9718517500615236, 0.1223170447343982, 525.29555869565, 0.8106521722758372, 11188.151551035804, 555.0937602630148, 16.94147975755724, 1.9718506211524423, 0.12141597398749414, 525.2107842087936, 0.8043522447266317, 11189.326362144173, 555.0456984956777, 15.097192504076183, 1.971849381085538, 0.12171246695978198, 524.9170617011331, 0.8025847704979655, 11186.722947038897, 554.9605870502596, 12.847173671322542, 1.9718483053333724, 0.11945980388666991, 524.7390142209231, 0.799866385642045, 11192.583440250417, 554.935132387615, 9.847382726275393, 1.1390688259870134, 0.11812732336462871, 529.2755269683464]}