{"obs_size": 14251917, "obs_mean": [5358.982376337331, 568.4325663698434, 2.347493814340906, 0.06513600789838396, 0.09889151941959778, 626.6669498183317, 0.5402885347985377, 5355.16880908169, 568.6741762529209, 2.2650047007711307, 0.06512876435472588, 0.09881606264560781, 627.6151715535968, 0.5407969892752172, 5358.1856536259875, 568.918518119352, 2.1609175804209353, 0.06512154617649762, 0.09885575523320869, 628.6561914545284, 0.5411471265935913, 5353.745918849098, 569.1743364769806, 2.0350095359101514, 0.06481203243424098, 0.09885283240170512, 629.8457588206076, 0.5412645317117956, 5359.04501718207, 569.4744262122774, 1.8859048926540898, 0.06450234554404922, 0.09885650162150132, 631.1093182174254, 0.541709687335419, 5358.250350180139, 569.7899229275613, 1.6934623601863525, 0.06419165737038118, 0.09890906606788395, 632.512391994566, 0.5411797912519678, 5361.15052956056, 570.1973621513515, 1.50905011585459, 0.0635793815625021, 0.09882462855621398, 634.0039796090521, 0.5417479275244433, 5362.540295646565, 570.641448866142, 1.2938027915823533, 0.06326880325377435, 0.09886818503644171, 635.7841467362335, 0.5417340119929318, 5361.2430315753645, 571.1498561912758, 1.0623883088850434, 0.06295725952818276, 0.09883698608208233, 651.4865428709704], "obs_std": [11114.115913459997, 557.027732800077, 23.020950042033796, 3.218151211478993, 0.12177961011537829, 525.5691763735923, 0.8031636506756006, 11122.62626606075, 557.1149551710528, 22.449401782044532, 3.2181506911193676, 0.11950668568429734, 525.6300187529292, 0.8015733317973396, 11127.865207760777, 556.9529442753809, 21.738416403379087, 3.2181504092056756, 0.11925289840562626, 525.2791761567702, 0.8026918495015976, 11112.447560138171, 557.0425057875533, 20.838334654366214, 3.010347959689878, 0.11786368693141372, 525.1700314233626, 0.8002384243575845, 11127.327369888882, 556.8999067466482, 19.513895285736098, 2.787094780181619, 0.11734227076283131, 525.0879439297585, 0.8010270582348445, 11120.34685960291, 556.7740489104182, 17.869442179784684, 2.5443266471695423, 0.11781536926120545, 524.9047319287631, 0.7979158971876908, 11128.249374764864, 556.7225220196074, 15.974039081486465, 1.9710412994586788, 0.11559495430825642, 524.5231872581616, 0.7944509873195413, 11129.57702048155, 556.6088954436808, 13.6139696552461, 1.6095676486096808, 0.11370326170253665, 524.3382505081108, 0.7949234799036031, 11120.672852997553, 556.5584710865714, 10.378804703507615, 1.1385989818633426, 0.11283199236404737, 530.3568996374647]}