{"obs_size": 14289583, "obs_mean": [5305.206579676378, 565.8853011316005, 2.8546512518944747, 0.06833474810987084, 0.09931798618951967, 622.1409774571732, 0.5423163883088997, 5305.319070911808, 566.2543447908871, 2.7086015736078513, 0.06802560837731184, 0.09933572051878593, 623.4305392404169, 0.5427525150314265, 5309.650936179967, 566.5701467285644, 2.527530789386926, 0.06801683502507319, 0.09940315742551804, 624.675672468446, 0.5423745939262484, 5304.457887517592, 567.0387921047101, 2.3444293650836414, 0.06740618975095998, 0.09932756963719651, 626.0139776275245, 0.542829453805638, 5307.623789141971, 567.4255434885679, 2.135757985379979, 0.06739663406658503, 0.09939230759602996, 627.87568208086, 0.5429727661052336, 5309.300857493002, 567.8046050049187, 1.9159368051537964, 0.06738606349206236, 0.09936689024893168, 629.8655278813528, 0.5439592566137414, 5313.021643145218, 568.2158009089558, 1.6711188143138958, 0.06707542370117488, 0.0994103983259687, 632.355684410013, 0.5462647100339014, 5317.486948810292, 568.5633684341942, 1.3982682349792852, 0.06616278592651038, 0.09952529708578652, 636.3379452111853, 0.5549094869318716, 5312.839346201978, 567.6843299765991, 1.1426649748981477, 0.06464837514986253, 0.09996193914769966, 644.6299951513902], "obs_std": [11041.848817825845, 556.8657398405898, 26.156189377001173, 4.820586104672473, 0.12227528575931615, 526.1168165261847, 0.8161822245407152, 11051.767962194986, 556.7873224977836, 25.18775089731867, 4.684780237095722, 0.12059273923423908, 525.9298515218375, 0.8149426878285891, 11057.74840564258, 556.7529959388272, 24.033535179217107, 4.684779891694198, 0.12212164875168008, 525.8332528929244, 0.8092414101698908, 11045.101997976426, 556.7572668434011, 22.714209671533403, 4.400613010115489, 0.11971014739801178, 525.3410400736213, 0.8083945276094059, 11050.77649088044, 556.6578589975394, 21.136190022478274, 4.400612726967989, 0.11955982515005341, 525.4277524567714, 0.8078987404512581, 11054.323011700253, 556.5222225368638, 19.35235794663107, 4.4006121973642776, 0.11817082691704184, 525.3864812190785, 0.8081302819320934, 11055.979082992722, 556.3069091732541, 17.11193191149048, 4.251412007011888, 0.11725446228693884, 525.6749633527402, 0.8130103927340435, 11065.611603420304, 556.2095318299928, 14.322766410172497, 3.7685348385211737, 0.11674761555238156, 526.7338172525673, 0.8379917966472153, 11060.757305866055, 555.0543880153785, 10.767126407078301, 2.7834219623408614, 0.1188180812675592, 530.3431296428471]}