{"obs_size": 14251917, "obs_mean": [5210.667962815787, 562.092911571124, 2.340927750280892, 0.06400055265555649, 0.1011420081011558, 625.4353139821114, 0.5533101405235537, 5210.911853492913, 562.4032807656682, 2.260115323433331, 0.0639919845620852, 0.1009585832054736, 626.4400165249316, 0.5541034416633194, 5216.550640900473, 562.7004338433911, 2.15465337049044, 0.06398352519854836, 0.10106811363888828, 627.5720393664467, 0.5542067817964411, 5213.3607469650315, 563.0753314098026, 2.025675703836894, 0.06397417326105105, 0.10100747447259271, 628.8994585562037, 0.5543418351369804, 5218.546915454382, 563.4961808997346, 1.8791898661773005, 0.06396452218225229, 0.10102651097876827, 630.3318012858641, 0.5553583066053467, 5218.605053093017, 563.8790783022382, 1.6844359955225672, 0.0639543726893104, 0.10111508339376352, 631.9238408760963, 0.5548111677187061, 5221.021759217216, 564.3586323860856, 1.5063451464108302, 0.06394363620593053, 0.10102123725622233, 633.6572959386835, 0.556017662325706, 5226.573825887494, 564.9291948584881, 1.2891215967648422, 0.06363159982219434, 0.10111973818953722, 635.6726973842603, 0.5556317103165781, 5226.964683157814, 565.4182159494753, 1.0685715472522048, 0.06331915590563196, 0.10104777900762303, 652.0470724623665], "obs_std": [10912.09456192416, 554.8112389211343, 22.695338081860765, 1.9710400252154945, 0.12578470464991443, 525.2033404716032, 0.800864082425869, 10909.242189161798, 554.8847992764489, 22.115358803317264, 1.9710389148905765, 0.12226021112254178, 525.2317230205969, 0.7976484965829106, 10920.144735959557, 554.7445411386061, 21.39830066798344, 1.9710379994549412, 0.12232193306820638, 524.8985468767517, 0.7991614287964544, 10905.785627864741, 554.8874122335336, 20.466831453973874, 1.9710369590278554, 0.12076118467727454, 524.8589296019356, 0.7936446932091237, 10919.858037631015, 554.8222592191399, 19.123082291930697, 1.9710359684564702, 0.12055412127616404, 524.8643557357076, 0.7972174075241545, 10917.92318535815, 554.7346974699378, 17.467780548738997, 1.9710349527588837, 0.12063289805058257, 524.7184265406028, 0.7977126873375262, 10919.54787102213, 554.7423262872235, 15.568138952933628, 1.971033961255098, 0.11723229771114947, 524.4485826777251, 0.793956876578827, 10933.083143911192, 554.7178932505476, 13.174975465735868, 1.6095578747120751, 0.1167874568391155, 524.3804686871912, 0.786078718435379, 10923.448466336267, 554.6561457775207, 10.002115409788004, 1.1385851717698412, 0.11538196612391904, 527.482843157146]}