{"obs_size": 14251917, "obs_mean": [5213.835316071869, 562.0456563843305, 2.3554081882458338, 0.06368516977808135, 0.10122474418858894, 627.6809429183447, 0.5554832646022411, 5215.311390714467, 562.3388890070016, 2.2726854920639794, 0.06367664728766825, 0.10110916214885389, 628.6690243368628, 0.555914636395939, 5219.874159988138, 562.6446259825959, 2.168227754904831, 0.06366740848393397, 0.10116906372006057, 629.7908247947277, 0.5561095644186074, 5216.802461095463, 563.0142413824049, 2.0383665579865498, 0.06365778527885911, 0.10113455489187999, 631.0977657245646, 0.5563595254589352, 5222.306723526463, 563.4318078753898, 1.8914275181366826, 0.06364799865955727, 0.10112339608783835, 632.550686265197, 0.5571502597861162, 5222.239002703067, 563.7838553227612, 1.6974051981919345, 0.0636372767904922, 0.10120096311983819, 634.1083884169403, 0.556802452750756, 5224.56190430778, 564.2591035998878, 1.5163526422445486, 0.06362660848292334, 0.1011517924465179, 635.7704934498673, 0.557588949051565, 5229.309766197041, 564.8360396710141, 1.2999526309337894, 0.06331456592422838, 0.10121564634406817, 637.7518936772699, 0.5574490609929862, 5230.502640512978, 565.3133739131374, 1.0778329680140573, 0.06330336139504106, 0.10116254928329885, 652.8618043639547], "obs_std": [10908.694812613163, 555.7394693901898, 22.758896643167446, 1.6095770201819966, 0.12604570932845047, 525.519929386322, 0.8036492591700777, 10907.852453160813, 555.8013933393428, 22.18205740870994, 1.6095755358079302, 0.12357121124976346, 525.5656016117191, 0.7997880432424113, 10918.015930819782, 555.6521128811311, 21.463270054476382, 1.6095740707226456, 0.1232240259075443, 525.2575487887357, 0.7997273977615513, 10904.095796363215, 555.7943964474248, 20.537833813053012, 1.609572640720126, 0.12174713911813453, 525.2078917080595, 0.800251965269759, 10918.664519014977, 555.7318192238414, 19.184734580226287, 1.6095713792817643, 0.12152499516186488, 525.2498557447408, 0.800306091586982, 10916.531238242873, 555.6097394575122, 17.522178629099216, 1.6095698186935123, 0.12122842788602228, 525.0831891383048, 0.7989059957029818, 10917.97940078958, 555.6154144587418, 15.607964445937005, 1.6095685379452729, 0.11841693532815288, 524.760450269708, 0.7961080712444666, 10929.4464854702, 555.5952001269227, 13.211676938345295, 1.1386012061788053, 0.1179734028347832, 524.6284879160601, 0.7918529898400011, 10921.792583146436, 555.5271849135697, 10.019337356626195, 1.1385991888884732, 0.1167836664593813, 527.1264484911158]}