{"obs_size": 14264008, "obs_mean": [5620.032231667386, 565.3066832267622, 2.529217734594653, 0.06506057847970417, 0.09948543551286634, 630.3249534957256, 0.5565889623029012, 5482.519410405879, 565.732791372523, 2.430934208674028, 0.0650533985261456, 0.09949945643601786, 631.4990769547665, 0.5570178430915269, 5657.733929213171, 566.1139221178227, 2.309040278160248, 0.06504543526322545, 0.0995543258606567, 632.5010622618825, 0.5571146637747462, 5483.9243598347175, 566.6544256705408, 2.164798771845893, 0.06503694995748256, 0.09950225035130421, 633.8017470561255, 0.5580110898704094, 5580.0395388240295, 567.047238616243, 1.9782428613332241, 0.06502766147853611, 0.0995702710301347, 635.130018953903, 0.5572284047373076, 5517.967117812374, 567.5579477381111, 1.7990871149259031, 0.06441606376904241, 0.09955883476691928, 636.8641188509313, 0.5580945850563354, 5590.4636056952295, 568.0840321317824, 1.5897592037245072, 0.06410573114261653, 0.09958057642872917, 638.6909124013406, 0.5573099095990687, 5717.2713018672985, 568.7451923049957, 1.3708893741506594, 0.06349369775186109, 0.09947359823031501, 641.2146687573817, 0.5590963919117437, 5498.890234660307, 569.4045261331877, 1.1368105654455607, 0.06348299327854606, 0.09963488878785091, 660.0086721197358], "obs_std": [15361.501894042902, 561.3165944664783, 23.928771499460886, 3.0090681784154505, 0.12020492677901802, 529.7893769342959, 0.8243935638564174, 13674.766379397335, 561.5456757452753, 23.301507479768674, 3.0090677281954896, 0.1188693248569982, 529.6711504256457, 0.8229087273771203, 15818.290137026213, 561.6916585475757, 22.469992345649644, 3.009067354653065, 0.11954725153188987, 529.1072977421242, 0.8243614932263639, 13741.653492437163, 561.7762914095174, 21.33591543835821, 3.00906686856399, 0.11764296751512789, 528.9105007278209, 0.8238039789299916, 14890.537091371372, 561.7600081424309, 19.834521154439823, 3.0090663480068307, 0.11841254219778177, 527.9921014801114, 0.8133022587800909, 14001.974899358118, 561.7737839430608, 18.16210220838074, 2.5432421991857947, 0.11786542668880588, 527.6728768418941, 0.8156068526258254, 15067.25112059124, 561.8021135309575, 16.202867188360415, 2.2748362698623033, 0.11728428019495085, 527.718856024112, 0.8037939200659, 16515.357818818455, 562.1010735133531, 13.779331505984995, 1.6088759226161764, 0.11574052760209658, 528.373284091408, 0.8127335200647611, 13678.978162106314, 562.3112298220357, 10.49348254313774, 1.6088747333762903, 0.11722732168404845, 537.5958663367986]}