{"obs_size": 14289583, "obs_mean": [5179.164298157596, 561.0303861211345, 2.8320380657714086, 0.06913844126550768, 0.10079422114368146, 623.5322720533824, 0.5580117622746755, 5181.011411364289, 561.4393797215774, 2.6869207449930483, 0.0688289760615197, 0.10079499476877656, 624.9614662270183, 0.5587580770551661, 5187.318691452691, 561.7457254700854, 2.5067926754755545, 0.06851934161158495, 0.10089268468303146, 626.399399897346, 0.5583529046999098, 5183.935178496623, 562.2303089600306, 2.328365915226497, 0.06820943060305511, 0.10079370499530996, 627.8346648063791, 0.5589011914483698, 5187.103059253345, 562.708721661087, 2.1232882723029776, 0.06819957229816279, 0.10086679545358349, 629.9663366382836, 0.5588572361419004, 5190.074187258879, 563.116052091933, 1.9083729735150423, 0.06818888085965129, 0.10082094005311401, 632.372267078335, 0.5602506122817095, 5191.921340244413, 563.6431143582006, 1.6802427334653502, 0.06787818849976998, 0.10085283471057134, 635.482266789964, 0.5633073139363368, 5199.186618901248, 564.153159542864, 1.4280173186299419, 0.06726583355358272, 0.10106082552849915, 640.6805969635813, 0.5736950214712597, 5198.292165791415, 563.4402649818403, 1.1907655387844418, 0.06515038863108208, 0.10158002502879208, 650.9614517811596], "obs_std": [10959.158783646128, 560.3614126498851, 25.671412390029094, 4.952670334090246, 0.12477221744595049, 527.1606567245931, 0.8372474531772266, 10960.77010836063, 560.3323506862383, 24.674186116700305, 4.820586991653249, 0.1228131231759343, 527.0017699645548, 0.8415062821967962, 10980.07985442709, 560.2401687102479, 23.50024558857406, 4.6847811688659355, 0.12446232918522, 526.9566452928336, 0.8310584973244728, 10962.942442899548, 560.2537058637101, 22.179643992498026, 4.544919094184749, 0.12226495200846993, 526.4845768038871, 0.8300405569639648, 10967.798593108142, 560.2030546745622, 20.600074598423685, 4.5449188069194495, 0.1218965733619587, 526.7180918237899, 0.8283982373902865, 10976.156817339108, 560.0444197034404, 18.7926711799753, 4.54491831117549, 0.11993936124958093, 526.9035839086462, 0.826613470614645, 10977.543620278746, 559.9217856177378, 16.67883131430634, 4.400613565175783, 0.11816809123671321, 527.692278452496, 0.8311918717742551, 10992.073813232792, 559.8692227954639, 14.057315214499727, 4.096783407181662, 0.11943071569840062, 529.7763821491917, 0.857431483979008, 10993.345069261824, 558.9760239087526, 10.703689670885408, 2.7834250063772545, 0.12094891149994727, 534.2431144932646]}