{"obs_size": 14264008, "obs_mean": [5217.726115457371, 560.5636290304942, 2.494916225509689, 0.0645680673296123, 0.09926981625802561, 632.0175715694594, 0.5576283458338567, 5222.7156455805125, 560.8571806746043, 2.3974784646783713, 0.06456082520586987, 0.09928676727431772, 633.1923264110192, 0.5582298762031587, 5220.900517169415, 561.2018759383758, 2.27735276087899, 0.06455285855631386, 0.0992823459635619, 634.332707740768, 0.5580383105506462, 5221.036377450138, 561.5917813562639, 2.131894696077007, 0.06454467595490201, 0.09926710183358009, 635.7598402198428, 0.5586672602820278, 5226.366507829942, 561.9544163884373, 1.9494305527590843, 0.06453544132645819, 0.09930854959216276, 637.251457190151, 0.5580112240543451, 5222.990975187562, 562.4447683988959, 1.7732431866274894, 0.06422480076407222, 0.0992875693758034, 639.080165598333, 0.5588777799340068, 5234.175946900876, 562.9056630506658, 1.5682187643192573, 0.06421566737295235, 0.09928263970386177, 641.1066535569829, 0.5588360304481691, 5232.807928927, 563.4866461095646, 1.3520828788093782, 0.06330303998996163, 0.09924931555976399, 643.9004018769465, 0.5605771432546066, 5237.818416520288, 563.9918170264626, 1.125871634396167, 0.06299152336251714, 0.09933381943812811, 663.6451895592917], "obs_std": [11009.187722549967, 556.8153684288383, 23.563393143997363, 2.785903539354029, 0.11748649532539013, 531.6167295284503, 0.8144577074658887, 11015.353971697285, 556.9013678441383, 22.94436093161741, 2.785903074885076, 0.11669651481283719, 531.6292454570646, 0.8146343234508783, 10998.400847177241, 556.9503592988086, 22.122208707291435, 2.7859027216756913, 0.11593260900246816, 531.4186408265798, 0.8139885735211123, 11020.883989544845, 556.8356254275833, 20.97113537693629, 2.785902266301159, 0.11547461703225449, 531.5359682540118, 0.8093713817916236, 11006.354352236218, 556.793245364346, 19.487357058145353, 2.7859017043706156, 0.1160547180984221, 531.0396976035829, 0.8033358221513781, 11015.120428914352, 556.7423260078463, 17.838448119132295, 2.5432354987285954, 0.11466925625319525, 530.9048586466893, 0.8031130276096723, 11030.697363406984, 556.6504978317582, 15.898031074569639, 2.5432350091818954, 0.1129394091232126, 531.084082252902, 0.7992475295413146, 10991.029270728288, 556.704192557963, 13.517889693969058, 1.608865468447, 0.11256466314495643, 531.8868735997165, 0.800320233021847, 11045.125246497226, 556.6260876864358, 10.34412913475622, 1.1380886704795095, 0.11198715377297251, 543.1055939672265]}