{"obs_size": 14264008, "obs_mean": [5241.170916310263, 566.1419703354065, 2.454662252012198, 0.06360459468861265, 0.09860258324441513, 625.849153774641, 0.5342437657074017, 5243.253031530289, 566.4407555716458, 2.3547292598265512, 0.06359756194851611, 0.09866251167652249, 626.9658229227529, 0.5348908450556475, 5243.003192839489, 566.7552631770817, 2.2324283609487603, 0.06358992638563651, 0.09863423740031649, 628.0936322128624, 0.5348412435691652, 5246.613923644355, 567.1348615340091, 2.0797266097999945, 0.06358195743967134, 0.09861714468373795, 629.4373974409749, 0.5350010157033321, 5247.501237767743, 567.516193625242, 1.8992096751488081, 0.06357325448030673, 0.09865448416125455, 630.9510974732572, 0.534764770042228, 5247.675227729712, 567.912699432025, 1.7138798576108483, 0.06356427957661903, 0.09861599963082028, 632.7801216747744, 0.535414611797785, 5251.892972315045, 568.3494502386707, 1.507163204058775, 0.06355544197781783, 0.09867582696911034, 634.6742948225606, 0.5354177611229987, 5253.606901215811, 568.8669587117448, 1.286956443097901, 0.0632448524341215, 0.09865100571823855, 637.0688932080418, 0.536433720241914, 5258.036655117594, 569.2684138287078, 1.0520105569206075, 0.06323468452759749, 0.09869059350794106, 650.5350440937276], "obs_std": [10927.83650089104, 554.4616248612798, 23.717342833859014, 1.970201468735381, 0.11373915500866146, 524.2895973696691, 0.7708612650830435, 10927.782188912735, 554.5281448597776, 23.07931395918869, 1.9702008190857787, 0.11311511092549417, 524.2651410814136, 0.7741178892726215, 10928.287798885794, 554.5158865472172, 22.24725054820269, 1.9702002052694745, 0.11234660651350012, 524.0925475251903, 0.7738936544809081, 10933.862033404295, 554.3879324834156, 21.08114641280546, 1.970199492870151, 0.11102598051227427, 524.1656008068903, 0.7687378306654145, 10939.141601217074, 554.3157640539932, 19.58951081537806, 1.9701988332573668, 0.11173249589899206, 523.7281034503031, 0.7636926048887878, 10933.251497817502, 554.1769625025992, 17.906904696318268, 1.970198251098673, 0.11163274734341758, 523.6093757223452, 0.7650018521805615, 10938.877858033704, 554.0428364603569, 15.938265607082744, 1.9701976737397162, 0.10976002996597257, 523.4911445865926, 0.7586612717679204, 10943.834738525704, 554.0409026296065, 13.53626286476218, 1.608874979372593, 0.10900586644530072, 523.5645100259832, 0.7581988667082706, 10944.889845920807, 553.8610601715109, 10.296021335557006, 1.6088739340775062, 0.10829481434153836, 526.9665559012418]}