{"obs_size": 14276570, "obs_mean": [5227.319786479089, 565.4053542972856, 2.6140077763776595, 0.06487898047655019, 0.09881817071600575, 624.3462242281872, 0.5347902535413233, 5229.323320807647, 565.7758310994868, 2.493272473710422, 0.06487145806094193, 0.09880846257119166, 625.6051817723693, 0.5350101749930418, 5230.044087569517, 566.1757380799451, 2.3432563283757935, 0.06486351180984666, 0.09879979718749049, 626.865009173817, 0.5352014473364759, 5232.9904386543785, 566.5494472411791, 2.1644663949394007, 0.06485525675033306, 0.09885064264049408, 628.4556655839115, 0.5350227445388152, 5230.576077247925, 566.9360441618679, 1.9785513607260008, 0.06484628330005758, 0.0988125007629289, 630.1294165382877, 0.5355140922504819, 5236.02354585393, 567.5107336005776, 1.7757318459545954, 0.06483687833212759, 0.09884832814569654, 632.216422174557, 0.5359729614326504, 5237.508885655585, 568.0213983470819, 1.5596812119437653, 0.06452669899584461, 0.09881626746543451, 634.5207862097539, 0.5367747239008022, 5241.361474747514, 568.459065027524, 1.3290056365079288, 0.0642161028749272, 0.09884517357733762, 637.2952430800044, 0.538344464181561, 5243.25586700274, 568.8495856497744, 1.0744855381929972, 0.06360387275971063, 0.09896555064374729, 648.852611647658], "obs_std": [10924.146947190431, 554.57053948824, 24.66182187863919, 3.007744575654778, 0.1176511157755995, 524.752399039196, 0.770221558947657, 10922.49232961057, 554.5000763662283, 23.905004192320572, 3.0077440599389087, 0.11691969839449237, 524.6745577105136, 0.7705334628670049, 10923.010883515708, 554.5511199927821, 22.83128727608849, 3.0077437264735294, 0.11625948629135523, 524.3450416019734, 0.7727493823653728, 10932.31885344277, 554.5615965631007, 21.54533107718256, 3.0077434082403696, 0.11647989075685729, 524.1708169770468, 0.763018795973025, 10923.307550236423, 554.4623315015, 20.027980208381614, 3.007742914099935, 0.1149463331469529, 523.9389349021092, 0.7652652994798714, 10935.682413210332, 554.4839891339035, 18.264684430751085, 3.0077424338695256, 0.1135096259404561, 523.9172082214061, 0.7656223924234621, 10935.574141623574, 554.4468935624194, 16.210319360685283, 2.78468201871285, 0.11086431770257958, 523.9211289139967, 0.7632511686218061, 10942.095345282487, 554.3109472615522, 13.761990867198326, 2.5421236513898817, 0.11033824669375018, 524.4010503758905, 0.7667944508167217, 10944.163859322369, 554.080193404417, 10.364106189315882, 1.9693320501364984, 0.10992533839468759, 527.3780752343067]}