{"obs_size": 14251917, "obs_mean": [5234.465293819191, 564.5721462593417, 2.341515180028062, 0.0671021844381446, 0.10030401605054216, 629.562476863243, 0.5537496921291664, 5234.221866683844, 564.8696691820476, 2.259588727607661, 0.0670945317164791, 0.10020097234091441, 630.5541967176756, 0.5540819837780611, 5239.638542513201, 565.1512019751449, 2.1548278031650057, 0.06708702431175591, 0.10023282510051143, 631.7236819502978, 0.5545314845715401, 5236.766718516646, 565.5409243542465, 2.027965922058064, 0.06647618189967897, 0.10023978174066052, 632.9715717362099, 0.5545165443357791, 5240.408792938464, 565.9281726100427, 1.879094089588088, 0.06586484727613325, 0.10021735328798223, 634.3070766175064, 0.5550946965941695, 5242.033299109939, 566.3517213158061, 1.6887693774809382, 0.0655541339726526, 0.10030037545243892, 635.7732661048136, 0.5545657029156364, 5243.325637246073, 566.8185954913997, 1.5075529137588999, 0.06494145488127097, 0.10022459203270638, 637.3748485693483, 0.5550887244852954, 5249.493490412859, 567.3662071565531, 1.2939429832492009, 0.0643291344097169, 0.1002714543676485, 639.2975586104413, 0.5552812085560346, 5249.1210172710935, 567.9340951115558, 1.0722175129142275, 0.06401699752799042, 0.10025063022567358, 657.8876148773044], "obs_std": [10990.146962979212, 560.298279949344, 22.73668506645499, 3.941282014723039, 0.12215014602629796, 527.3685445226605, 0.8163424604370091, 10989.076154651122, 560.3758716043066, 22.15567338489842, 3.9412815087380118, 0.120340371192405, 527.4203318052355, 0.8124838977697287, 10997.504874492177, 560.275183186175, 21.432822212202908, 3.9412812741050565, 0.1195396464482144, 527.1674940708359, 0.8139854820718543, 10984.463600655543, 560.4677135515516, 20.514272273192905, 3.5979310997260012, 0.11868927858681626, 527.0835036192551, 0.8103718168917595, 10994.178434064592, 560.4276320096303, 19.16877995824569, 3.2181542815874176, 0.11781034465565027, 527.0585920038585, 0.8130278934397234, 10995.58998431681, 560.3898074251978, 17.516144102756343, 3.01035199380564, 0.11876959846090179, 526.9485557076287, 0.8097821234915845, 10994.843191030854, 560.3943970627474, 15.609313719693867, 2.5443320204119715, 0.11630963980612803, 526.7106021762304, 0.80123757851338, 11010.120175392505, 560.40242765115, 13.218531854287498, 1.9710489392211628, 0.11461666121075918, 526.6021616687088, 0.8024172913014607, 10998.38669805374, 560.4199140595813, 10.021482113592734, 1.6095756763147075, 0.11449202312249548, 534.7046812540465]}