{"obs_size": 14251917, "obs_mean": [5335.001989909594, 563.4216226490794, 2.325743617507736, 0.06356559376069354, 0.10116031116747358, 629.0812907223184, 0.5519376493702718, 5335.600965511693, 563.6789608022556, 2.244836817390951, 0.06355638028239441, 0.10103716076195249, 630.0019377617264, 0.5523332784635353, 5341.7403975312445, 563.990525765762, 2.1419044188932617, 0.06354706428013308, 0.10111210251182465, 631.0808302542533, 0.5524607964669023, 5338.109583292017, 564.3275174139732, 2.013631429371922, 0.0635368516289507, 0.10106860213864646, 632.3455466876455, 0.5526698158570663, 5343.767840916034, 564.7128140726613, 1.8686290412721318, 0.06352684061394126, 0.1010756157215204, 633.7751645101022, 0.5534190302960779, 5342.163404085946, 565.0731274957608, 1.678607656780488, 0.06351588149482768, 0.10114836976316909, 635.3372010591529, 0.5532867238140776, 5344.389596583996, 565.5450555177947, 1.500987832022878, 0.06350471862712351, 0.10109139057580771, 637.0103686552409, 0.5540792145365577, 5350.674153930562, 566.0856472852038, 1.2865199818382327, 0.06319185296385951, 0.10116704663099114, 638.927677664038, 0.5540639713240046, 5349.47569477976, 566.5402253605602, 1.0666066887703598, 0.06317998154677208, 0.10109569865752044, 652.4940223156439], "obs_std": [11172.550050620075, 555.3792242384638, 22.604763531464872, 1.6095897598934306, 0.1276988936589046, 525.6781236099582, 0.800548266363678, 11172.261199174043, 555.4299108805379, 22.024797780355648, 1.609587940189533, 0.1252134530732186, 525.6797538972139, 0.7963043199585806, 11182.635739015941, 555.3016550396143, 21.30659897514633, 1.609586392739903, 0.12530047171271855, 525.3494293618805, 0.7954531216861345, 11168.048126779318, 555.4222007243151, 20.38697631638332, 1.609584778325359, 0.12365184499185411, 525.3113329566103, 0.7946584844683714, 11183.060567327342, 555.349593857645, 19.048263595292198, 1.6095833406584499, 0.12358526541345624, 525.3178058007105, 0.7953530861231772, 11177.051416304033, 555.2347108190153, 17.411864937324005, 1.6095816128864153, 0.1231963302064718, 525.142232859474, 0.7957760991882512, 11178.684263549027, 555.2090901315187, 15.518775113722146, 1.60958010654793, 0.12028801785692272, 524.8205069829155, 0.7905348965123452, 11193.387209836255, 555.1762985379362, 13.1330209067599, 1.1386170376256453, 0.12023019774909652, 524.6808050775209, 0.7861929557037786, 11179.712798901022, 555.0790266839174, 9.9625164914049, 1.1386147007864376, 0.11871769400529306, 527.3971591922752]}