{"obs_size": 14264008, "obs_mean": [5245.291678136952, 571.3120952399915, 2.4534684080379097, 0.06367522951775748, 0.09876525732557086, 629.6095239484383, 0.5337035787557486, 5247.202365774905, 571.5805241416017, 2.3539673421383394, 0.06366821903949647, 0.0988303547294006, 630.7215680807299, 0.5342164798281611, 5247.540647415321, 571.9026953013486, 2.2309124476093958, 0.06366053671661784, 0.0987925279713817, 631.7790440303107, 0.5339504749997781, 5249.848913573463, 572.2942548826388, 2.078732990054408, 0.06365272178444736, 0.09874453372523342, 633.0125513791502, 0.5340891186404747, 5252.899240167305, 572.6706945200816, 1.8946872435853934, 0.06364381822340051, 0.09880811998969768, 634.5374972446272, 0.533792804448837, 5251.125729075806, 573.1056692480822, 1.709645493749022, 0.06363483229174646, 0.09875669582006792, 636.3159621738852, 0.5343789514840858, 5256.136690465326, 573.6058032917537, 1.500254626890282, 0.06362607519920968, 0.09881606681929869, 638.2191654560264, 0.534361194273083, 5258.512249616067, 574.156524940255, 1.2782197682446619, 0.06331526881428606, 0.09878060022105961, 640.7328393800206, 0.5354144211080495, 5262.222613906886, 574.5766296541617, 1.0436610102854682, 0.06300420071540383, 0.09880889806693971, 654.8040239615194], "obs_std": [10897.067330610644, 559.3937329438221, 23.787717882880298, 1.9701912017593621, 0.11428539800745204, 525.7922641859526, 0.7744297826152579, 10902.044613865302, 559.4622764693088, 23.15895199109765, 1.9701905199469765, 0.11414296989773315, 525.781439049109, 0.7761166471558761, 10897.31251045314, 559.4343412074717, 22.324429838891955, 1.9701898821456543, 0.11288947090379299, 525.5844309355944, 0.774846928667415, 10905.116110524124, 559.3227944359215, 21.163386325815864, 1.9701891808785696, 0.1114636504538537, 525.5642590066526, 0.7687152348276547, 10907.905597829333, 559.2284541772069, 19.649170188988823, 1.970188478676457, 0.1123036350774372, 525.1580892453443, 0.7640286427192946, 10901.2429995559, 559.1036124399228, 17.980800755045664, 1.970187860594305, 0.11207091441642279, 525.0139016773489, 0.7665314937132943, 10909.614298230847, 558.9805282963558, 15.988451437272268, 1.9701873116226787, 0.11005456558565864, 524.9449030763489, 0.7597637730754042, 10913.216172967796, 558.9966923654639, 13.564549063379134, 1.6088622390039717, 0.10964623240560895, 525.1236717328813, 0.7612140799563435, 10915.778694616018, 558.8261301410838, 10.3223965568796, 1.1380841620712534, 0.10870127982110314, 529.5062519411337]}