{"obs_size": 14276570, "obs_mean": [5236.653821078806, 570.2535167760882, 2.6159753358124536, 0.06711415087756335, 0.09847585206243531, 629.1639608940179, 0.5333992103846005, 5239.785946473336, 570.6242559662439, 2.4940437373963076, 0.06710722299558607, 0.09847184048962777, 630.452000041742, 0.5335892353695914, 5240.367049044301, 571.0086306444756, 2.3415060480213383, 0.0664978756388331, 0.09847588252486453, 631.7427001400182, 0.5337767432233773, 5244.301718184221, 571.398560788761, 2.162761293503972, 0.06618878147777073, 0.09847665208288789, 633.2786801202693, 0.5335713403149737, 5241.774659560437, 571.8461965303991, 1.9744209568544826, 0.06587955234542325, 0.09847328561461247, 634.983552690926, 0.533913001722433, 5247.502684940977, 572.376212073348, 1.769462202755984, 0.0658705209903428, 0.09847363614334598, 637.0430843319712, 0.5345241726129312, 5249.504423380875, 572.9201168768128, 1.5489925101057187, 0.06495884310027551, 0.09846349093970093, 639.375743760528, 0.5353033201952923, 5252.242823579389, 573.3397870777084, 1.3158770629079675, 0.06464846687286192, 0.09847617676907064, 642.2021371915905, 0.536714176934698, 5256.21942936789, 573.7663079437148, 1.0599817042889152, 0.0640364033574661, 0.09854208119163119, 652.1368144245154], "obs_std": [10876.82804123002, 558.4112232092789, 24.761559260684752, 4.253340393741843, 0.11488267302325454, 527.4995171209738, 0.7665401755998335, 10879.709759534126, 558.3618092914752, 23.994647703436755, 4.253340199400144, 0.11373386262904608, 527.4039806801411, 0.7659118940561422, 10876.33892328054, 558.3952859791688, 22.915146916062906, 3.9378653160793298, 0.11376504080707445, 527.0869211114195, 0.7678869369175861, 10885.441637876605, 558.4040824766168, 21.636746134396663, 3.7702416532209013, 0.11297157553726793, 526.9100901944433, 0.7589428060650747, 10878.531573878381, 558.351055059818, 20.11990420583484, 3.594810280701056, 0.11189756035873143, 526.7831891399768, 0.7601343256548317, 10887.539424376871, 558.3275545163702, 18.347302416407054, 3.5948099606906467, 0.11030122402243103, 526.8361561210781, 0.7599296744624856, 10886.823785155337, 558.3003333369286, 16.2631689494771, 3.0077365375655036, 0.10816800761907978, 526.7864043919859, 0.7559517909337223, 10893.465768145667, 558.1054767473688, 13.795194940555273, 2.7846756528944647, 0.1068738112777727, 527.4599454260382, 0.7585806401692955, 10895.193914785938, 557.886683476099, 10.382166055548803, 2.273828277998574, 0.10631773082430583, 530.7462826432574]}