{"obs_size": 14289583, "obs_mean": [5289.9060524363085, 561.3753867415165, 2.7887271448019164, 0.06519494901909367, 0.10136684498050053, 624.2144741346232, 0.5519104248878425, 5294.133655398985, 561.7726042110535, 2.6456175103220296, 0.06518484701352785, 0.10137198700969811, 625.7033389814592, 0.5526150173171752, 5296.247797552561, 562.120252564403, 2.464976899605818, 0.06517377300171084, 0.10144195297882415, 627.1387832761819, 0.5525290353119636, 5294.846502010727, 562.5840165524775, 2.2895225843889215, 0.06516294612614701, 0.10138766972430167, 628.5804470519045, 0.5531346302407987, 5297.836799413529, 563.0036919901721, 2.0832680001928674, 0.06515125292348337, 0.10148786141436046, 630.6143338824313, 0.5530923066824389, 5299.751243325883, 563.4586824542047, 1.8721644991319901, 0.06513946756417657, 0.10140627205202564, 632.791655031133, 0.5543987240215624, 5302.51282188127, 563.942779505882, 1.6441925562138517, 0.06482749431212373, 0.10144963996591062, 635.3819640500828, 0.5566663874656255, 5307.0248179347245, 564.4218305740621, 1.3889009217413832, 0.06451503142996662, 0.10153840686169799, 639.1311547833127, 0.5631316041203066, 5306.292512866073, 564.363865621551, 1.1525443394674286, 0.06360075933224298, 0.10189224122355459, 645.7586418377234], "obs_std": [11095.60723351898, 554.8803747157432, 25.494902279842083, 3.006390581203452, 0.12778572641025793, 526.2517606416596, 0.8079501821514586, 11104.301880834691, 554.8227101708151, 24.50430810748998, 3.0063897199705902, 0.12691189277541504, 526.1986690393252, 0.8080956374081415, 11107.785725320438, 554.759391708284, 23.339796479909747, 3.0063887675434517, 0.12775808090092455, 526.088004897749, 0.8043046870471184, 11099.031362431593, 554.763645460904, 22.030462029605175, 3.006387933691856, 0.12585267960047447, 525.5815585390703, 0.8041706804467105, 11106.488629055042, 554.6779978541515, 20.462819741540205, 3.006387026122502, 0.12621036670430144, 525.6988788854884, 0.8002962848265636, 11106.942004740002, 554.5903967485131, 18.692506745986247, 3.0063861459685586, 0.12357662661272546, 525.6737938167083, 0.800894292526827, 11104.878966525213, 554.4566005677577, 16.582823300296795, 2.783428059450822, 0.12217597918952948, 525.8019513943152, 0.8038470084842175, 11113.390046161832, 554.4223674396324, 13.980714273989797, 2.540981159437853, 0.12141812419051384, 526.5175433972778, 0.815425854400058, 11112.827408590276, 554.0989135235764, 10.638589156979405, 1.6074609184643056, 0.12257686164243461, 527.7351028131402]}