{"obs_size": 14240282, "obs_mean": [5298.858841411681, 574.9456938422989, 2.129803328332964, 0.06386780644225482, 0.09804918939751335, 632.3829658107466, 0.5248025051048794, 5299.307916933917, 575.2355539728777, 2.04683158662167, 0.06386114368066062, 0.09805941468919006, 633.219190709989, 0.5248538818262081, 5302.778160975081, 575.5589679333599, 1.9547809516693557, 0.06385417029284428, 0.09806475032938317, 634.194848513262, 0.5251771952268849, 5302.193083141358, 575.8819692615639, 1.854567908135527, 0.06384668073772168, 0.09808443831997213, 635.4088912812201, 0.52521822917551, 5306.030909708634, 576.1779440884667, 1.73008729742852, 0.06383867644300334, 0.09807020455219981, 636.626723840106, 0.5254819703008606, 5306.303891970953, 576.5486175765338, 1.5715313081580828, 0.06383038363019236, 0.09806370643839862, 638.092346752116, 0.5254134496774667, 5308.359137532623, 576.9711188303717, 1.3879443539109688, 0.06382109677547987, 0.09804862775091112, 639.5425554535076, 0.5255662260059126, 5309.0879026859575, 577.4540668506423, 1.192334393377884, 0.06381168899184188, 0.09804442376864357, 641.2644584336176, 0.5256895666813303, 5312.476942148406, 577.9966948688235, 0.9828124190237244, 0.06319924784517031, 0.09806729819240957, 652.4840780641821], "obs_std": [10925.876945419128, 557.6585570698685, 21.60557591461058, 1.971841185676095, 0.11294903129854666, 525.3240150099639, 0.754423736733569, 10925.605295834315, 557.6258827891822, 21.02354716522142, 1.971840376718964, 0.11260146823878964, 525.14473884484, 0.7529198118182179, 10932.286663750083, 557.5618337789439, 20.36572287753951, 1.9718396074180984, 0.11121136970094381, 524.9395561063907, 0.7501691983456271, 10927.54371356164, 557.5397941150328, 19.600567872614352, 1.9718389094649027, 0.11174513726510266, 524.9287146127443, 0.7478340392616798, 10932.916686630795, 557.4253477030361, 18.584849513654873, 1.9718381161149834, 0.11050928671454545, 524.8558993769661, 0.7510215590120062, 10929.559399437918, 557.33681459401, 17.136126227438258, 1.9718374185611123, 0.10962309601999111, 524.6968786363551, 0.745062403140109, 10934.277642993906, 557.3303785757413, 15.241652555175161, 1.9718365782771883, 0.10853474908707957, 524.4010625406999, 0.7425367115352541, 10931.73528943422, 557.2630651774798, 12.937758647927003, 1.9718357342746269, 0.1070366849212067, 524.1462465723656, 0.7374733925734627, 10934.956183463511, 557.2523433965777, 9.889141307592006, 1.139048141761663, 0.10532390279064696, 523.9319363247085]}