{"obs_size": 14264008, "obs_mean": [5241.589283870486, 563.2279188289856, 2.5086036827797633, 0.06563213456947942, 0.10015132058401846, 625.079735550438, 0.5506217425004407, 5241.945996990438, 563.495252947138, 2.4101897587270007, 0.06562463469321744, 0.10020061578043217, 626.2454299972865, 0.5511557858072055, 5243.49716959637, 563.8035127293815, 2.286181485596475, 0.06531571753900672, 0.10018565284897574, 627.3770371732824, 0.5510729499030215, 5244.291332758867, 564.1654225796844, 2.138940682029903, 0.06500633076657936, 0.10013697893242923, 628.6930871970374, 0.551502511005341, 5250.050871473364, 564.5511136140698, 1.951986566468555, 0.06469538016587861, 0.10021917992747954, 630.1015788209006, 0.5509287684078885, 5247.9760603084205, 564.964205432302, 1.7699854066262442, 0.0640834301757354, 0.10017461214120339, 631.7101540209426, 0.5516764855291918, 5252.35371376795, 565.3997957656783, 1.5602133004973076, 0.06407420010127096, 0.10023514674956742, 633.5058593520157, 0.5515407574785679, 5254.063079375784, 565.9354427591459, 1.336066833389325, 0.0637628878430332, 0.10021517898910279, 635.8145543247006, 0.5528236209626504, 5253.08142866923, 566.3819725143171, 1.1025251808608072, 0.06375191068752398, 0.10028060520822898, 652.7196019954063], "obs_std": [11053.902972575312, 556.6410871166645, 23.869180248179426, 3.2167925010174825, 0.12008407269800328, 524.8494560626191, 0.8161607923501968, 11064.77519758458, 556.7149136028501, 23.244962063454743, 3.216792074549071, 0.11959216162032883, 524.8078260555322, 0.8178698575503452, 11051.17478305175, 556.7208441668213, 22.41659694271062, 3.009078249420613, 0.11929851357906895, 524.6583019348211, 0.8162263877646418, 11068.357699182396, 556.6019813805764, 21.266526652375042, 2.78592029109615, 0.11774263085480394, 524.7685542298179, 0.8150413344308518, 11076.794248757997, 556.5656662767896, 19.771896102389825, 2.5432557435058025, 0.11918077077242066, 524.2476118478817, 0.808767625308813, 11067.776410112892, 556.4699674991529, 18.097611524934162, 1.9702156054128623, 0.11868084750018902, 523.9619251439954, 0.8086855594200578, 11081.62160957123, 556.3587232466273, 16.130927536942142, 1.9702151092322218, 0.11693397016845213, 523.8247210124318, 0.8046216113632917, 11071.301043912952, 556.3723962242004, 13.711241273487799, 1.6088961810212419, 0.11661672928863924, 523.8964918059901, 0.8063852902785644, 11077.232788313993, 556.2591324895939, 10.464911040378038, 1.6088948926981737, 0.11592126204362521, 529.603907798877]}