{"obs_size": 14264008, "obs_mean": [5304.268731468612, 564.2735435930771, 2.4674508034487928, 0.06348350928169207, 0.10040934940523129, 627.2407675352321, 0.5467023415859152, 5306.621284011827, 564.5406028936608, 2.3698748626613226, 0.06347526085915897, 0.10052676895736543, 628.3118215467956, 0.5469372778674957, 5305.609711839574, 564.8596098656142, 2.2456213569145507, 0.06346601300939615, 0.10046588597230267, 629.4241405997052, 0.5468897554600499, 5308.338996719228, 565.2308941498069, 2.100641208277505, 0.06345696453052548, 0.10044525192168967, 630.849437276247, 0.5475176852817356, 5311.882204994624, 565.6048839148156, 1.9169553886958, 0.06344655063949284, 0.10052339769719759, 632.3932856877703, 0.5472285584108058, 5309.759527860559, 566.013034204692, 1.738640570027723, 0.06343642561551638, 0.1004671384589112, 634.2095123022897, 0.5481892735197734, 5315.537679180192, 566.4545061247863, 1.5308878822838574, 0.06342597543279066, 0.10055864551989883, 636.0291889308188, 0.5481383372752033, 5318.105118313976, 566.9633057552967, 1.3111466987399334, 0.06311434423642559, 0.10049296689717141, 638.3054927331293, 0.5492572798613256, 5320.937560869195, 567.417712889673, 1.0813151534968293, 0.06310308292333597, 0.10053462816271673, 649.8535298216282], "obs_std": [11054.294093818415, 555.1593165568253, 23.59114787305269, 1.6089028204662954, 0.12120790803818464, 524.8807026229912, 0.7880926566004007, 11057.319269723876, 555.2197175691551, 22.970059923771725, 1.6089015381947867, 0.12181183844488393, 524.8302493542045, 0.7878267595557997, 11052.951090350725, 555.2157145230078, 22.139395444419556, 1.608900177030256, 0.12048420681130972, 524.6463642344225, 0.7873100745987343, 11059.438634560147, 555.0791972802198, 20.987012830003188, 1.6088990505167715, 0.1195365904957633, 524.7983932414603, 0.7842106531526325, 11064.54770416312, 555.0049787182727, 19.50613158174144, 1.6088975443154745, 0.12069677901211069, 524.3769066418076, 0.7795155278895256, 11056.181511144276, 554.8827207087587, 17.854150062183667, 1.6088963257077324, 0.11896282581240751, 524.2070735768056, 0.7796058534518282, 11065.96510240738, 554.757312518191, 15.906773551839567, 1.6088949634332916, 0.11872195170759776, 524.0962474944935, 0.7739829733958299, 11069.768151206104, 554.7543122419721, 13.507679994819886, 1.1381308491259592, 0.11730717502348677, 524.0572843099875, 0.773961767370071, 11070.11777799729, 554.6532160718606, 10.29411764041035, 1.138128936993732, 0.11642319526887335, 525.7367953471653]}