{"obs_size": 14276570, "obs_mean": [5239.885547324824, 571.1710999210593, 2.6142410957253737, 0.06523039494998448, 0.09891047650787299, 628.1897619698648, 0.5332270507552322, 5241.152825565167, 571.5541617489355, 2.493316672001748, 0.06522297970612685, 0.09889425882904636, 629.3852875119156, 0.5333245210159442, 5243.635196433897, 571.9298814070887, 2.3435977969498274, 0.06521485945721553, 0.09886681105825912, 630.5354062626149, 0.5333615182778962, 5245.030915594753, 572.2986332151211, 2.1620776559075465, 0.0652065950066507, 0.09891175348357496, 632.0792869791568, 0.5330099114843867, 5243.361296485277, 572.7388800671309, 1.9771711272385455, 0.06519757224362015, 0.0988416409973827, 633.6960316857178, 0.5334799552694102, 5248.663669779587, 573.2869526083646, 1.770793124679107, 0.0651882806059929, 0.0988970800600567, 635.7245150047479, 0.5338588451568319, 5248.8842414926, 573.8579300910512, 1.5527022947388625, 0.06487805981059193, 0.0988583361875437, 638.0870333006659, 0.5347068742002188, 5254.794783747315, 574.3668063127207, 1.319901839167251, 0.06456729679118274, 0.09886715024645347, 640.8831143538941, 0.5362140329925711, 5256.530326851056, 574.7573404536244, 1.0609524556668721, 0.06395498479180231, 0.09897158195294814, 652.6997782331442], "obs_std": [10893.531562709932, 559.6980740549959, 24.796619171018946, 3.215361531420478, 0.11832750902647567, 526.3103154548336, 0.7712404017392266, 10893.518659065698, 559.6664809575192, 24.037535320932687, 3.2153610509263566, 0.11740079635448578, 526.1931014447731, 0.7714595103738028, 10897.431930327866, 559.6886129777544, 22.966352481187453, 3.215360700504977, 0.11658107122335001, 525.7580244736213, 0.7727311861134801, 10897.431300519058, 559.6533344685595, 21.670832844128526, 3.215360397025205, 0.11681112694768023, 525.6318562127473, 0.7644535985808645, 10894.117673829907, 559.5990889354744, 20.163854702367594, 3.2153598881676775, 0.11515924433686626, 525.3510884575168, 0.7654545786148069, 10902.13079127435, 559.595339659979, 18.395297940111284, 3.2153594331849424, 0.11371748063276348, 525.325733467684, 0.7660763378096789, 10900.193922804536, 559.5729190263733, 16.32518575433089, 3.007735988273208, 0.11081265289363113, 525.4140384338164, 0.765472195604943, 10913.189487288868, 559.4852951030526, 13.842333395571286, 2.784674869716097, 0.11015800722502757, 525.9621306042791, 0.769382652450632, 10908.616748028553, 559.2751379578715, 10.399474982043957, 2.273827156577554, 0.10992457289556382, 529.6659837108888]}