{"obs_size": 14251917, "obs_mean": [5246.40597726203, 561.9854263815878, 2.357632801257543, 0.06444775599030783, 0.09911954259283157, 630.2766120989891, 0.5596296968330733, 5250.967509304689, 562.3328569061972, 2.2728458915386605, 0.06444089533170304, 0.09909422715568751, 631.3294351356782, 0.5600295132928579, 5252.330150983548, 562.6881839825478, 2.1713730159949707, 0.06443341768157354, 0.09909067738052402, 632.4759678035359, 0.5604226231460769, 5257.4107507710205, 563.0958071114222, 2.045018575395857, 0.06442482526133977, 0.09911351863472241, 633.6201219989263, 0.5604798295555726, 5257.85806962206, 563.5049375462966, 1.896790165140591, 0.06441614857861702, 0.09910802979641231, 634.8287047124919, 0.5609536843359502, 5258.105362353735, 563.8924084388086, 1.711057045869689, 0.06440678830315374, 0.09913396400105304, 636.2886920017364, 0.5606876502999655, 5259.970819276008, 564.4181523790802, 1.5288574863297337, 0.06379418816255518, 0.09912681245035299, 637.8355694896701, 0.5611069522787856, 5263.11748567913, 564.9796607712492, 1.3195995317682527, 0.06348372740461025, 0.09911689150764875, 639.8064470464271, 0.5611240054934399, 5266.677979125041, 565.55848115029, 1.09843833640064, 0.06317216923618968, 0.09907712036892949, 659.9421728412594], "obs_std": [11027.128820306803, 559.4656617677329, 22.777927695032645, 2.5443192543848845, 0.11944586558022478, 527.6662663552626, 0.8157449667431785, 11037.672462196388, 559.6132827048684, 22.1813142100446, 2.5443187889428827, 0.118655164200867, 527.7978534463962, 0.8126393811635632, 11030.183854418032, 559.5560376682274, 21.459661174224642, 2.544318216009901, 0.11720300287500643, 527.5009819592993, 0.811729221550449, 11046.751067384366, 559.773227747105, 20.529051891531214, 2.5443174353510054, 0.11710605858086688, 527.2813730707189, 0.8081522870595872, 11046.243957826566, 559.7672042003472, 19.187203187086624, 2.5443167118790084, 0.11654739581445775, 527.0873530155548, 0.8081607587538638, 11042.892789972717, 559.6737919224106, 17.538455868834323, 2.5443159476784407, 0.11611739230852007, 526.8874679090441, 0.8058526901995775, 11039.627774342156, 559.7556683734911, 15.630848502430009, 1.971027240511245, 0.11370161261985293, 526.5731022147701, 0.7967861440628667, 11047.976081572337, 559.7541527486616, 13.225331501494487, 1.6095504262625595, 0.11211763401159208, 526.597480502529, 0.7935631590906216, 11050.253348605005, 559.7696633516397, 10.00562770972122, 1.1385750468868938, 0.11141244323668714, 535.1200947097096]}