{"obs_size": 14276570, "obs_mean": [5291.3663232614745, 560.457216964579, 2.641077933985544, 0.06450650444519278, 0.10146888697117086, 623.5215102537975, 0.554681649443811, 5291.881713186401, 560.8045208337857, 2.5189051712000854, 0.06449763336250271, 0.10140187113004104, 624.8201588742913, 0.5548370410399731, 5294.124921617667, 561.201346331787, 2.379672008052354, 0.06448796021082834, 0.10139774386866082, 626.1412632459552, 0.5556857868521741, 5294.586053968697, 561.5920572658559, 2.1944576323304545, 0.06447744770278192, 0.10150678344413239, 627.723619354834, 0.5551973990951703, 5294.240278754733, 561.9919449839841, 2.0187590576728165, 0.06446680171589574, 0.10141780968103788, 629.3165316765401, 0.5561046506268709, 5299.648651135706, 562.5412344141484, 1.8120535955064836, 0.06445558207672468, 0.10149919999418675, 631.2280276272677, 0.5561051667172254, 5299.824243437981, 563.044428178477, 1.5992287363141147, 0.06414354655369656, 0.10141931009079985, 633.399787041047, 0.5573636313204158, 5305.700797329948, 563.4665910649406, 1.3759553590253122, 0.06383154940522141, 0.10147627854968086, 636.089074950917, 0.5600536324201213, 5304.76922700624, 563.8694213666167, 1.119431207916187, 0.06381892514288115, 0.10159067832672718, 647.3694496320409], "obs_std": [11117.117876580707, 554.9267949811536, 24.515693247576074, 2.5421382692072156, 0.1288542997428774, 525.6529787762117, 0.8147371847258381, 11117.184086427036, 554.8572506909522, 23.75804908863158, 2.542137516076311, 0.12702700552242124, 525.5852431448425, 0.8104820689288733, 11117.567738040689, 554.8981789981646, 22.695733626701546, 2.5421367329913838, 0.12663076706130105, 525.3628400397758, 0.8130756955593493, 11116.04325414134, 554.9243552535256, 21.426810377522454, 2.542135833012285, 0.12780423460838605, 525.1950180043253, 0.8085455654276893, 11114.107836076028, 554.8280655190476, 19.932804316140007, 2.542134992299783, 0.12551243270324222, 524.9004882425667, 0.8084089446831784, 11121.883693284863, 554.8649243213675, 18.178911864619213, 2.5421339716526368, 0.12459850451845164, 524.8676781268775, 0.8067230467532984, 11119.014819501203, 554.8171856728036, 16.135778296379808, 2.2738474571217795, 0.12148912466165486, 524.7029877910163, 0.8065674911364593, 11130.448968026127, 554.6640054150664, 13.701687385007899, 1.969344908544447, 0.12120105343926549, 525.0253550608259, 0.8095776280704977, 11121.381842004663, 554.4547811378636, 10.361733742477423, 1.969343473612394, 0.12034586054363576, 527.637875476886]}