{"obs_size": 14251917, "obs_mean": [5279.376730909884, 563.5370651541122, 2.3434089603524915, 0.06460660202407309, 0.10007935023898883, 629.0848763684685, 0.5547014850002415, 5272.9764074868735, 563.8434108197515, 2.261837337391173, 0.06459935200072528, 0.09998680631089894, 630.1345386911295, 0.5552131576404932, 5284.700998548355, 564.1323134985981, 2.1588477536039536, 0.06459167847456027, 0.10001697639671951, 631.265615408744, 0.5554982145910788, 5278.332477323543, 564.5298224793198, 2.031831858128278, 0.06458374858463733, 0.10002003922714499, 632.5520115562439, 0.5555868487727073, 5290.332006686525, 564.9420213435149, 1.8845919464728849, 0.0642740977405437, 0.1000218003460869, 633.9372991634713, 0.5563883963820582, 5288.480477611129, 565.3612690138457, 1.6932980314157036, 0.06396346491374576, 0.10008279966849398, 635.4385727408694, 0.5557123944098298, 5284.739704758154, 565.8669166400564, 1.5133301716533993, 0.06365235289449936, 0.10001356806084379, 637.0305159566857, 0.5564808295614023, 5289.091825719659, 566.3914330261676, 1.3008114627667282, 0.06334196126311473, 0.10006323633417208, 638.9396831073749, 0.5563279299198952, 5296.412125966903, 566.9516439788415, 1.0796539160310854, 0.06333142792679215, 0.10003170356457955, 657.0561089256039], "obs_std": [11533.66435661655, 559.401313284923, 22.72226117079814, 2.5443286652371726, 0.12178724008424895, 526.4831954922104, 0.8111721340973118, 11433.90321326562, 559.5389655361865, 22.150693510265985, 2.544328131721857, 0.11977142242464504, 526.5593294682762, 0.8098686255509632, 11521.35061152083, 559.4376294490299, 21.431032120122325, 2.544327567918359, 0.11948929789030115, 526.2560557838037, 0.8110495225234964, 11473.696576968216, 559.6335463174879, 20.51579028537872, 2.5443272154774794, 0.11854608236371865, 526.1905498983248, 0.8083994863701432, 11571.680333044964, 559.6402154212229, 19.162612273096997, 2.2758083949109826, 0.11804347978225324, 526.138474350325, 0.8102001453996105, 11550.166506861327, 559.6314147703591, 17.498351016412013, 1.9710415646644355, 0.11794668337174374, 526.081867703889, 0.8055581011251566, 11493.058835283426, 559.700326509008, 15.575953880328157, 1.6095667487286727, 0.11439737341029652, 525.6864565674008, 0.7988856654643891, 11460.790160420378, 559.6757342968741, 13.172887977506813, 1.1385998971885862, 0.11414480856047918, 525.5433802383546, 0.7976646228733032, 11576.184889809709, 559.7203021033165, 9.990911268007059, 1.1385980165763334, 0.11359686284779948, 532.5232504158311]}