{"obs_size": 14251917, "obs_mean": [5264.606412728738, 564.5466778258672, 2.3434950540337836, 0.06530211897235423, 0.10010562648231794, 626.7626674688516, 0.5493218622449365, 5268.9054099160485, 564.8929986751957, 2.261076597625428, 0.06529479554737211, 0.09997664975897642, 627.7199862214995, 0.5497440692364568, 5267.89117368934, 565.1800635661856, 2.156853916564347, 0.06528739935035521, 0.10002935388691983, 628.7770908479685, 0.5501245843629503, 5267.761044639601, 565.5536283996041, 2.029820549754815, 0.06497780561282515, 0.10002661623043488, 629.968694818152, 0.5501724803758146, 5270.485776920621, 565.9469461546823, 1.881407041593071, 0.06496893757226614, 0.10001537431448672, 631.246935399683, 0.5507140054913513, 5272.262573274897, 566.2963881279971, 1.6905465419143264, 0.06465791862569216, 0.10009794595751567, 632.6192306761732, 0.5501463355421077, 5277.544835628063, 566.766140162057, 1.508348105030362, 0.06404581100220533, 0.10002983334241944, 634.102634626196, 0.5507336486733854, 5275.792422794893, 567.2937831451026, 1.2942024571150674, 0.06373486076709041, 0.10007488282853519, 635.9610801914317, 0.5507115835013746, 5278.843057162005, 567.7980845664481, 1.0703828825273118, 0.06342275611471267, 0.10006321421630471, 654.1964891233946], "obs_std": [11099.274511658194, 556.9643742633486, 22.82340804095116, 3.0103540224884564, 0.12337347472931053, 524.829308446415, 0.8085227776277034, 11109.33600299727, 557.1136347569073, 22.244605320448635, 3.010353575969417, 0.12087490214374826, 524.8685535088341, 0.8087879362713503, 11099.17867438714, 556.9903774883898, 21.528180036147727, 3.0103532609581896, 0.12093196557976146, 524.4887831135467, 0.8104682850555226, 11095.771386694356, 557.1604289862086, 20.61095552433287, 2.7871005815436547, 0.11949234775254432, 524.3923093004538, 0.8065754243794352, 11104.015162038027, 557.1094740074168, 19.260059490446185, 2.787099918228953, 0.11836146654770949, 524.2940306245434, 0.8077475823410195, 11108.528396680917, 556.9863184210599, 17.603143042430187, 2.5443322939626016, 0.11909050568087884, 524.0982550194329, 0.8032074479251408, 11120.14694950461, 556.9862034510057, 15.692883994552039, 1.9710488422708798, 0.11610147282228173, 523.6786244311761, 0.7996538506251546, 11111.661775676259, 556.9057589805324, 13.300685870724411, 1.6095766239573452, 0.11512242203650139, 523.5293083594704, 0.7977587375059464, 11118.821844553695, 556.8784554395462, 10.087437688828274, 1.138611514764918, 0.11499871941660457, 529.4567334194081]}