{"obs_size": 14251917, "obs_mean": [5205.234004361305, 557.555943947751, 2.356553858684414, 0.06538720251529093, 0.09983430890735606, 629.4215556333927, 0.5599853139055232, 5203.853420964572, 557.8830667481434, 2.273382170272251, 0.06538009733407209, 0.09979597410046705, 630.437712341056, 0.560470739199538, 5212.058214262053, 558.1813260630132, 2.1742154406316003, 0.06537255293902682, 0.0997953648709862, 631.5644864488517, 0.5608766811510688, 5204.649822208495, 558.5413084429274, 2.0483673178843236, 0.06536443705370405, 0.099814896178529, 632.7916932963674, 0.5608875780711088, 5213.518300142908, 558.9596455690839, 1.9024435800461086, 0.06535611566683376, 0.09983696068058791, 634.1791029726477, 0.5616454829199794, 5211.742978398927, 559.3344929668058, 1.7173830720456764, 0.06504597218543398, 0.09986181781215853, 635.7359535386478, 0.5613017944884502, 5214.051499573737, 559.8301814415564, 1.5367439341668914, 0.06443418981587612, 0.0998479763057835, 637.4226702096653, 0.5619249550078347, 5220.75075604358, 560.3823326363745, 1.3304775771568134, 0.06412397164733163, 0.09983100502662293, 639.4662154234146, 0.5620708574152053, 5217.01725181039, 560.8961165013801, 1.1113064298648385, 0.06381252537347233, 0.09980249508371339, 660.901263566152], "obs_std": [10967.552391602678, 554.2323731311091, 22.559270623216946, 3.010350778360047, 0.11919846449528172, 527.6979717214934, 0.816072952846857, 10960.195406118404, 554.3464206776403, 21.986808059632573, 3.0103501559215387, 0.11847497950184016, 527.6921004849646, 0.8125957623386665, 10979.959741906056, 554.2023055950901, 21.28162906257153, 3.010349712714528, 0.11718816351303984, 527.4081728619574, 0.8128146699299258, 10954.1372686861, 554.3653663130254, 20.365417346957113, 3.0103493605828624, 0.11640202749196743, 527.2639192525855, 0.8095664561686517, 10977.918182299582, 554.320537065568, 19.0328409168325, 3.0103489724912786, 0.11677009490166307, 527.1501290440199, 0.8093668364793024, 10972.84551878005, 554.2448049033372, 17.395220491203634, 2.787096010702609, 0.11590254150377068, 527.0492758747183, 0.8071358629854973, 10973.644498608994, 554.2516065788196, 15.493904753812396, 2.2758101912951183, 0.11348657304785112, 526.7606985556265, 0.7990309505657509, 10989.383823598404, 554.2339966795503, 13.136465757040996, 1.97104475462503, 0.1117994065732196, 526.810897469791, 0.7990350165488731, 10971.246875463205, 554.2155230398873, 10.00207991533764, 1.6095709256314206, 0.11160183342042856, 537.6784598020399]}