{"obs_size": 14251917, "obs_mean": [5377.289363204807, 566.4083135623088, 2.3712793163193413, 0.06840476316211498, 0.09900453925342116, 637.8671359003389, 0.5555812926780835, 5350.715518167639, 566.8325127068871, 2.286181009895019, 0.06839772982358232, 0.09894714439047067, 638.8437119549556, 0.5558835612781636, 5359.942604058695, 567.1536001086731, 2.185611240929904, 0.06778783411481543, 0.09894226063181627, 639.8830763806263, 0.5562991997498201, 5371.219066203013, 567.6169729307293, 2.058859871272054, 0.06747838659144004, 0.09896819894699134, 641.0167163057862, 0.5565429816214011, 5368.90602317031, 568.069338461626, 1.910057853971504, 0.06686741010525922, 0.09899231225139782, 642.3298621568356, 0.5570214518510576, 5416.25778606291, 568.3559712002252, 1.7207497068639959, 0.06685860437891376, 0.09901598525033509, 643.8164215889941, 0.5564866914395271, 5364.567336538973, 568.9837819712255, 1.5369598349471163, 0.06624673511262488, 0.09898355455136233, 645.570846590712, 0.5570078105282829, 5414.858400395693, 569.6640334068743, 1.3275767744086637, 0.0653340079763395, 0.09900895473647596, 647.6021165654149, 0.5571565241364168, 5424.560469448372, 570.3071234557427, 1.103296139038699, 0.06441977863217456, 0.09895538230365727, 667.7905495988556], "obs_std": [12021.52159852833, 564.2661744258481, 22.89887395362938, 4.959200127019518, 0.12083096294657976, 533.6407526063535, 0.8105996740786621, 11735.390088670809, 564.5913635185187, 22.32401513406732, 4.959199900188569, 0.11935118833190964, 533.6609307136301, 0.8082187067024157, 11797.34813625962, 564.5543497711665, 21.616286515653478, 4.690956701845003, 0.11822199982609964, 533.0806627263181, 0.8098888811604296, 11835.362597415036, 564.901701798798, 20.701573890902097, 4.550909604043077, 0.11740415178875235, 532.6665450584717, 0.8076034322301995, 12118.097969251798, 564.9175354542261, 19.343141994420417, 4.257016351406094, 0.11807193256182817, 532.3889480811895, 0.8052096056199042, 12435.931514061796, 564.7024252485093, 17.662846789055596, 4.2570161107354245, 0.11702300304083757, 532.1722988246296, 0.8003961308625261, 11833.36456726837, 564.9240266963125, 15.751701181712049, 3.9412682887387613, 0.11438087100117976, 532.019294799446, 0.79140564002757, 12289.23520329497, 565.1407619153651, 13.361852817165925, 3.413314082492889, 0.1131446356409822, 532.0916561429547, 0.7938192540826176, 12476.176998176492, 565.3242875301963, 10.140267594488343, 2.7870816851448286, 0.11206098412429276, 542.1902976018666]}