{"obs_size": 14289583, "obs_mean": [5186.518754445133, 563.3506344446861, 2.823969880716603, 0.07053732391995672, 0.10067581367622794, 624.1351350471226, 0.5543834282638108, 5189.534990640565, 563.71048469364, 2.6766844070957143, 0.06992752905176483, 0.10064940731342555, 625.5743329971701, 0.5549153730378503, 5193.2541714685, 564.0407662700864, 2.4946336782535923, 0.06961770171292633, 0.10073153568869006, 626.9737031096012, 0.5543577440293687, 5191.579894220659, 564.5060165856485, 2.3143659965444754, 0.06870648327345193, 0.1006612206900648, 628.4601185680943, 0.5549579924060997, 5194.158475853914, 564.9665631250401, 2.107578856569852, 0.06839560674563458, 0.10072965500322863, 630.6167996736293, 0.5551091174599276, 5197.268715152249, 565.3862513692668, 1.8927219919573581, 0.06808463544836162, 0.10068937387221161, 632.959989982404, 0.5565247328071333, 5199.338952275135, 565.8360281752098, 1.6629577644078206, 0.06777387022806167, 0.100756760501408, 635.9491039766538, 0.5592420607375604, 5206.095919025921, 566.3558066739945, 1.406580933817313, 0.06716169262238879, 0.10090804802323539, 640.8305940294651, 0.5692030196402806, 5205.20619793031, 565.605697031187, 1.1669446897085798, 0.06504636654772268, 0.10145083382790154, 650.6846746515998], "obs_std": [10900.552348339033, 560.5319697736918, 25.7830067499613, 5.4490800297491315, 0.12325844301410312, 527.7112652141054, 0.83179432850992, 10903.055050543948, 560.4728715324837, 24.78311450683472, 5.2067945401082065, 0.12145845732596623, 527.6014648696552, 0.8324545114161135, 10909.703588924476, 560.3847449286063, 23.598673968063945, 5.0813211965143275, 0.1232802396297922, 527.5730615391615, 0.8216596586342276, 10900.857040325913, 560.4164111680245, 22.267793627901032, 4.684781564018398, 0.12109693787720094, 527.1796911916808, 0.8210539859177401, 10907.192454298562, 560.3756832889725, 20.675436687928386, 4.544919418077405, 0.12105083723056084, 527.4631588966608, 0.8185515806431808, 10911.65392099503, 560.2236559734183, 18.886495997881255, 4.400614390532929, 0.11913787316524554, 527.5961118426416, 0.8203472081069734, 10911.107992234258, 560.0055649771834, 16.771852082967314, 4.251414346243674, 0.11780344805130195, 528.2603210649861, 0.8260066086525434, 10925.392287865103, 560.0373124908119, 14.130851045787836, 3.9360841801366355, 0.11808318347339829, 530.1549422921952, 0.8555126593754199, 10922.222338236697, 559.0330093272728, 10.752764092391368, 2.5409799690430375, 0.12085946716495002, 534.6748824872946]}