{"obs_size": 14289583, "obs_mean": [5167.037686112162, 561.3066490463717, 2.7660474766828393, 0.0677633973886496, 0.09869730784159293, 621.9229637161545, 0.529519761073523, 5170.340434246395, 561.6884548695366, 2.6123303248247343, 0.06745399868261333, 0.0986821506628985, 623.3886697391565, 0.5297347832333751, 5174.093694869051, 562.0428104165111, 2.435362319530248, 0.0671443024161092, 0.09869424024661881, 624.8753508474849, 0.5298486883067483, 5172.458006195003, 562.4749935669921, 2.247510581659381, 0.06713490971941542, 0.09867472029204773, 626.450625277018, 0.5301314112525413, 5174.826887567354, 562.915941423903, 2.0437611790351053, 0.06682411819701783, 0.09872118812004546, 628.6398637263673, 0.5303592303568456, 5177.602749329726, 563.3542626821231, 1.8253984738392997, 0.06651284897761527, 0.09870252707787204, 631.0669048175391, 0.5312473430470521, 5179.632423966878, 563.8471299687332, 1.5909801566637738, 0.06590088407080247, 0.09873635417835419, 633.95057696043, 0.5326145884733239, 5186.228927239055, 564.3667346345935, 1.336970295074391, 0.0652884054450791, 0.09878115078382638, 638.0653322761964, 0.5359613391797621, 5188.067482282315, 564.5915037548682, 1.080704034540406, 0.06407443398985851, 0.09897678736531358, 644.8217037165701], "obs_std": [10863.894218644691, 559.8535678872265, 25.743334717259142, 4.4006077446436, 0.11549578220980553, 534.2384773564644, 0.7648156445213563, 10875.523395953272, 559.7952656700816, 24.73978120011097, 4.251407203296498, 0.11390233498468481, 534.1349153030778, 0.7621064385758559, 10876.444995078658, 559.7161208123473, 23.555551968397143, 4.096776582868946, 0.11402733011919787, 534.157478198612, 0.7590773960321949, 10872.412509975917, 559.6815456598694, 22.223055764375037, 4.096776303509784, 0.11393880269052234, 533.9896037711422, 0.7573625958636977, 10871.575247039478, 559.555763083504, 20.635021848158924, 3.9360755671818204, 0.11255977103915288, 534.3789411648715, 0.7543032718249557, 10879.175756980196, 559.4591206717992, 18.838000485330337, 3.768528285395075, 0.11065346969273476, 534.7849745249597, 0.7537130497083678, 10877.753531728456, 559.2900269818417, 16.70156210601048, 3.408817761100311, 0.10920240750864865, 535.6661986611892, 0.7573830773614398, 10887.97471308667, 559.23656535967, 14.046804175512134, 3.006371776391829, 0.10861825206464448, 538.0475547780386, 0.7605606199402767, 10895.653726700775, 558.9925989877414, 10.658797548052291, 1.9684349224051916, 0.10843118032419537, 541.4828177392944]}