{"obs_size": 14240282, "obs_mean": [5332.961021526377, 563.1957549014829, 2.201185482141435, 0.06773564223349775, 0.10209968799803253, 625.4641690262441, 0.5663548513295065, 5328.961698041808, 563.4670545147911, 2.098749238252445, 0.0677282946809703, 0.1024099928730354, 626.1952975096052, 0.5650620487010123, 5332.761035843563, 563.764497711492, 2.018336013289624, 0.06772083319614856, 0.10221480963396704, 627.0739465912353, 0.5664091680207038, 5332.535951854954, 564.0399879721484, 1.9192364308515801, 0.06771241545266565, 0.10236474367094789, 628.1949594086641, 0.5661867981968477, 5335.196288992363, 564.3256471325496, 1.792710916820327, 0.06710068990628971, 0.10228218095280801, 629.2927586569729, 0.5657209389533288, 5335.804426170953, 564.597997848638, 1.653362763462128, 0.06679007920145939, 0.102226500499219, 630.685405481198, 0.566745003013304, 5332.252741572393, 564.9470502058879, 1.4579404396626414, 0.06647826582220195, 0.10237189111690344, 632.0633722688867, 0.5658843815031396, 5332.543943131358, 565.3610829476551, 1.2847251199098444, 0.06586501052149944, 0.10224509524389971, 633.732394632354, 0.567437241270941, 5333.921043490079, 565.8247374595531, 1.0702851951948704, 0.06464871769541607, 0.10239622668617149, 653.9102794319656], "obs_std": [11228.987666456376, 558.4733941176664, 21.382778962800185, 4.103877838001446, 0.12766219767961268, 525.5303491520513, 0.8586788555883887, 11221.06961567951, 558.4820444246858, 20.800770831373466, 4.103877432319141, 0.13202327996207772, 525.3372651640502, 0.856432441240004, 11227.687673305983, 558.4208215144582, 20.154232272659435, 4.103877146694074, 0.12822121493221542, 525.0977988911147, 0.8545772535046431, 11226.923793493866, 558.4064534692153, 19.394004652172352, 4.1038768217939, 0.13066538812755024, 525.0793297766977, 0.8563965968043558, 11229.411479183596, 558.3066362804261, 18.39932123657894, 3.77506298523711, 0.12759126021026188, 525.0243153825672, 0.8485736327894805, 11225.213514037752, 558.1909548022891, 16.996824603403816, 3.5994091861365205, 0.12571235902531658, 524.922423158011, 0.8458863367281799, 11213.274851003793, 558.1457790619921, 15.1506435008579, 3.4147315919319774, 0.1268588395055186, 524.6209868737644, 0.8431785718222616, 11206.232296191285, 558.0425505403009, 12.919410376837819, 3.0115918386904617, 0.1241616339382297, 524.422078680659, 0.8425680136297491, 11207.87417951355, 558.0034009114266, 9.944026066065605, 1.9718715834295584, 0.12431347899043946, 531.8220823431081]}