{"obs_size": 14289583, "obs_mean": [5252.842314738259, 565.2696213038547, 2.8509950220380817, 0.06745087075186877, 0.10021326419350346, 628.215404046715, 0.5552819710694405, 5255.706229902711, 565.949848221603, 2.7065950070061526, 0.06744221914657003, 0.10020509979955276, 629.7404712851795, 0.5557944780474304, 5255.179628225676, 566.3586437756791, 2.5208865787056207, 0.06743375244841647, 0.10027615564862925, 630.9956436276685, 0.5556589768225257, 5258.010518897208, 567.0196632749885, 2.3419569346425293, 0.06742485249276345, 0.10025235404735003, 632.5538081048229, 0.5560846120562413, 5261.564725394055, 567.5110077739847, 2.1330150082056276, 0.06741538478457369, 0.10028652708871914, 634.8925846221483, 0.5558927793764482, 5260.9712524632305, 568.0961388446395, 1.9170491539186274, 0.06740524247181341, 0.10020819380852498, 637.3877435703612, 0.5572965677865087, 5277.371480310971, 568.8073114519856, 1.6853994269811792, 0.06709455310936042, 0.10025649161280582, 639.8855646477593, 0.5601837908076482, 5271.3230337856185, 569.4102769129091, 1.4273822406154189, 0.06648246531729511, 0.10036910011789711, 643.86705807053, 0.5700535203162007, 5277.573788690326, 568.3886069313569, 1.1879768639854642, 0.06466748186977213, 0.10094132160077744, 653.4007010484513], "obs_std": [11156.92858924246, 567.2426325292912, 25.88455549603592, 4.25141173145747, 0.12417774044126863, 534.2652066144735, 0.8323221838747589, 11092.321294118792, 568.0361071682637, 24.87992348479367, 4.25141137266928, 0.12312547352802429, 534.3689434892507, 0.8338019970405008, 11101.542305298357, 568.472184926181, 23.679331570397512, 4.251411073830843, 0.12461540847737068, 533.4933668020416, 0.8302366797895849, 11093.81080353518, 568.9661669514264, 22.346206223002447, 4.25141076950538, 0.1232040450810754, 533.188327534974, 0.8230562184443885, 11127.838538672728, 568.8795776404062, 20.76028562784264, 4.251410499161071, 0.12211655880589695, 533.7674461256106, 0.8209890016522161, 11071.379715518364, 568.8999670629427, 18.94448317137045, 4.25141011799792, 0.12011827927305702, 534.6287723012672, 0.8210685286277623, 11116.501541795398, 569.0969624515428, 16.792275212883137, 4.09677977479817, 0.11767261065555255, 534.5886700965128, 0.8263121278768517, 11108.651950250141, 569.3248712487779, 14.108112995129412, 3.768532700608167, 0.1175961769298569, 534.2947674820459, 0.8480577202504064, 11112.762734042528, 567.0460568616735, 10.70360366767318, 2.5409719827202095, 0.12053986040914975, 538.5323061832132]}