{"obs_size": 14240282, "obs_mean": [5232.364131874191, 562.627485045591, 2.1997077024176908, 0.06392615811527698, 0.1009992590514711, 629.5606252372471, 0.5562744407027959, 5233.181264909417, 562.9273709607717, 2.1054764224472526, 0.06391817905517128, 0.1011218966651089, 630.3995674716747, 0.5557659177676498, 5236.85635656521, 563.2453966150391, 2.020189838937178, 0.06390982276335064, 0.10102335403877594, 631.3876628183438, 0.5566038329156815, 5235.351801847813, 563.5632509946082, 1.9189503410115052, 0.06390079613972054, 0.10109853046913023, 632.6092448286191, 0.5565439128242061, 5238.7583027320725, 563.8524311526976, 1.7922364880133694, 0.06389156984518508, 0.10105218803181051, 633.83851934659, 0.5565725079039929, 5239.72988879484, 564.2046940503003, 1.6448955856351721, 0.0638817753791765, 0.10104632792152637, 635.3457579134961, 0.5571192504474461, 5241.716351874537, 564.59983994699, 1.4529690493488823, 0.06387136945898478, 0.10110327128023164, 636.8202794404823, 0.5569154907887504, 5243.070300430798, 565.048821996643, 1.2702194380701168, 0.06386048958020149, 0.10106344265015199, 638.5984442276728, 0.557614442888148, 5245.935417403556, 565.5838236209087, 1.0559594255226126, 0.0632469710872386, 0.10111682416549132, 654.2286902853441], "obs_std": [10938.48753960722, 555.5921664729133, 21.519790287229373, 1.9718517436088272, 0.12312480825285059, 525.5008377578516, 0.8044422046102144, 10938.469792312177, 555.6088561364962, 20.938358317076396, 1.9718506190604133, 0.12447567820311353, 525.3626339576456, 0.8027117062714232, 10946.631239093715, 555.5715650129259, 20.285204064717238, 1.971849509439808, 0.12175250163233715, 525.1697651681997, 0.8015737737473883, 10939.9223400415, 555.5523273151489, 19.52500232573984, 1.9718484231964173, 0.1223289519696448, 525.1839154651786, 0.7993083110813082, 10947.066223067124, 555.4361726689956, 18.519299081127123, 1.9718473586611471, 0.12086438392874378, 525.1863934607007, 0.7995798910640097, 10943.077233592778, 555.3724848512953, 17.093321171738808, 1.9718462599959101, 0.12003456163861435, 525.0744079062313, 0.7957318074830119, 10949.005985053527, 555.365224934196, 15.225134455730844, 1.9718451410140736, 0.11988977806395601, 524.774506768376, 0.7932782235243467, 10945.618425727514, 555.2854358602474, 12.946803647595928, 1.971843937119079, 0.11831634731057536, 524.5993735743498, 0.7892922327401436, 10949.525952436912, 555.2675988714459, 9.90936919756724, 1.1390619149526287, 0.1164989387022965, 527.075618699548]}