{"obs_size": 14264008, "obs_mean": [5317.584907256085, 561.8262315893262, 2.4911001872685437, 0.0678188534821435, 0.10168790560976987, 623.1838080969954, 0.5629474898640163, 5319.544730644677, 562.0815518331173, 2.391908641666494, 0.0678104402199665, 0.10185416126960992, 624.172074806842, 0.5630808094751704, 5318.972501611893, 562.3996662789308, 2.2666717517264434, 0.06719932655380766, 0.10177673244385539, 625.1930250879462, 0.5628052365085805, 5316.297257137301, 562.725010039254, 2.1288171599455072, 0.0668890259331827, 0.10174254716367223, 626.4837568379489, 0.563636757775257, 5318.311165575595, 563.0472501137128, 1.9384772498725464, 0.066577764945808, 0.1018766509832304, 627.9518773214346, 0.562754746912669, 5315.3643128019185, 563.3893688225637, 1.7691859118418891, 0.06626646767571404, 0.10176344887096343, 629.7061232772216, 0.5644630409629868, 5320.429734225499, 563.772873444827, 1.5582473032824995, 0.06535252066495809, 0.10189787252033271, 631.5260752855274, 0.5638354972880234, 5323.261761737427, 564.2816664853243, 1.3425125672952511, 0.06473933625073167, 0.10182825829787799, 633.8253314231151, 0.5654283348691582, 5325.60391463816, 564.7013641607604, 1.1175771213813117, 0.06472823497050235, 0.10190101916432073, 651.0284912658483], "obs_std": [11210.354447098234, 557.4187715565321, 23.545792606720024, 4.255229369380565, 0.125723729579469, 525.4485631697582, 0.8439011183471534, 11214.211130159187, 557.4636422218547, 22.91796182043437, 4.2552289198383315, 0.12743943446195777, 525.3719999887315, 0.840635780380711, 11212.06110502689, 557.4766954880787, 22.091832071392812, 3.93961632084717, 0.12519024450612257, 525.1675367320591, 0.8441767691433729, 11202.706407432126, 557.2844741887079, 20.94576800777446, 3.7719194559065907, 0.12376130873705189, 525.3008895998529, 0.836613027766053, 11204.43118745366, 557.1427363382137, 19.475276784386562, 3.596411432223744, 0.12536194169357973, 524.8557021821364, 0.8343533483525889, 11191.16982914182, 556.9380447338607, 17.838054556609087, 3.4118872490075325, 0.12297917456882415, 524.7004310853938, 0.8387664199886358, 11199.169981439616, 556.7527641089814, 15.901282212736218, 2.785924905036492, 0.12388947799455702, 524.7338443784033, 0.8306908484703086, 11202.165883819926, 556.7460030205023, 13.523172342029621, 2.274858102366613, 0.12238737604978804, 524.7050659601894, 0.8342318722548242, 11201.255598948957, 556.6098734880399, 10.3604625469279, 2.2748572299744723, 0.12158942580761198, 530.6826310582052]}