{"obs_size": 14289583, "obs_mean": [5185.107270995363, 560.8151060111411, 2.8096625352888185, 0.06663285806976323, 0.09992310178393554, 628.3592089416042, 0.5588167670813651, 5193.6372210040445, 561.2290154303312, 2.6657399309692944, 0.0666244034183574, 0.09991411535179147, 629.782875915179, 0.5592164866533065, 5191.510391817128, 561.5969803317564, 2.486757031328346, 0.06631542631251744, 0.09993922274799803, 631.1671704984435, 0.5589207058037291, 5193.631116790602, 562.0633843548828, 2.3077423602914093, 0.06630634044829033, 0.09992845408854804, 632.6813774718217, 0.5594374930325732, 5195.027648555691, 562.487262294498, 2.1065891146018743, 0.06629707662477649, 0.0999394817991543, 634.9979393471931, 0.5595423930845896, 5196.253105886666, 563.0011820498892, 1.895643140881018, 0.06598662646825351, 0.09988982512057884, 637.6608219977705, 0.5613912851761247, 5202.794020623219, 563.5570776977886, 1.674613108024216, 0.0653756325671726, 0.09994298249976906, 641.0642317972937, 0.5648727154599933, 5202.366975136042, 564.1172233647404, 1.4250481627070573, 0.06506440355258179, 0.10006665355084172, 646.9709371256412, 0.5760206319527211, 5206.21352656819, 563.5434703727883, 1.1922983336882538, 0.06415144876341781, 0.10057036962856117, 658.187842209205], "obs_std": [10907.299144599756, 560.1511127361555, 25.503734487784367, 3.9360759032251127, 0.12160189737954137, 529.1472465862714, 0.8258167197430435, 10928.719794895518, 560.1196892151215, 24.504195303291105, 3.9360754825786177, 0.12036604850949542, 529.0102006049644, 0.8227484679977323, 10918.971614854892, 560.111378095121, 23.330826135494316, 3.768528317722495, 0.1214206164941725, 528.9471361782483, 0.8161308008676227, 10924.192977188943, 560.1245043155322, 22.004665491552593, 3.768527859182366, 0.11996625214722383, 528.509469993116, 0.814403658701341, 10918.819754934308, 560.0837995801164, 20.425509760063814, 3.76852758890757, 0.11896877134509104, 528.9695857814361, 0.813780087845475, 10923.310364899913, 560.0820314443333, 18.64300626179453, 3.5931760990200243, 0.11712259965882613, 529.4424527504013, 0.8130554979341739, 10932.147741638253, 559.9966758149855, 16.54989306280988, 3.213899082585304, 0.11551821157724063, 530.5786701273827, 0.8212487477066968, 10926.816084219983, 560.0627810172431, 13.968753798684418, 3.006370364529791, 0.11533694868837452, 533.764383727669, 0.8507720529706726, 10942.265196906974, 559.2739652349493, 10.674640070977329, 2.272797973110567, 0.11827311394696453, 540.2111503640299]}