{"obs_size": 14240282, "obs_mean": [5291.197194977392, 564.2778939349655, 2.206949834279967, 0.06753167951204336, 0.09989153437846271, 631.0986237922357, 0.552256265500941, 5296.8015978856865, 564.5681608692861, 2.1173676897690656, 0.06752419957969373, 0.0999991126211555, 631.967506253877, 0.5517420062327644, 5294.189359135203, 564.9503763338396, 2.028016860902052, 0.06721537320743515, 0.09992408791146203, 633.0191883685136, 0.5525986708690367, 5299.367905411217, 565.2773902230308, 1.9277853486328431, 0.06690579604885075, 0.09997283448003423, 634.2519539475819, 0.552962962882356, 5298.511434166878, 565.6116395026446, 1.8038877319985658, 0.06659608594395251, 0.09998681733543009, 635.4544396596842, 0.5529919623080679, 5301.901943878686, 565.973889702465, 1.649046486579409, 0.06598382750370518, 0.09995844819000203, 636.7945277329408, 0.5531911637002884, 5304.00851637821, 566.3702451257637, 1.4593124630537513, 0.0653706075480892, 0.10000908442241524, 638.0236034554129, 0.5526725941944367, 5301.753548810812, 566.8290849155936, 1.2687885675297723, 0.06475669702370496, 0.09995861656812632, 639.6743947849706, 0.5531175270265234, 5308.449334421023, 567.3716269101974, 1.0532791415226188, 0.06384198453170481, 0.10000539294411445, 659.0029397881694], "obs_std": [11373.986622258526, 563.4111074194509, 21.901777610294012, 4.258765549577501, 0.11929198291346912, 531.522561815897, 0.8123809833212929, 11388.853356617085, 563.458200616088, 21.317777819277204, 4.258765030641537, 0.12042228657919081, 531.3638666541121, 0.8072778599841484, 11375.430202165131, 563.6211649120135, 20.66651086309108, 4.103867094325191, 0.11778154186202024, 531.3025963748994, 0.805231564140899, 11400.61573496547, 563.6744105302072, 19.915038356279993, 3.9428886359719693, 0.11891379058889515, 531.3284162350924, 0.8100252570838185, 11396.261355807554, 563.6908360435993, 18.9260293598403, 3.7750519404840595, 0.11834409272467734, 531.3059347918102, 0.8058883241588765, 11406.58040203657, 563.664762191969, 17.46408076654109, 3.4147196795450823, 0.11695979954485593, 531.1131246680626, 0.8017885768985072, 11398.347963413413, 563.726477508948, 15.552062838844364, 3.0115780795466094, 0.11727950179701593, 530.6993098035496, 0.7985676440627767, 11386.73624915684, 563.6506233869237, 13.232066617539433, 2.5453669076298, 0.1159889028050552, 530.5242712225023, 0.7902584984817858, 11399.740145207581, 563.6446639274657, 10.144859444571585, 1.610228415041419, 0.11300578849572836, 539.688333652928]}