{"obs_size": 14264008, "obs_mean": [5238.4002409889445, 564.0334550429305, 2.5167067348812484, 0.06585262610958507, 0.10040959825029593, 625.18588620828, 0.5531981163358871, 5239.011223171421, 564.285984906907, 2.4166678117398703, 0.06584488881148494, 0.10049770696027475, 626.2698876229387, 0.5538491034918122, 5241.056826078153, 564.592165259582, 2.2937651885781336, 0.06553559714121965, 0.10047714767097814, 627.456095554489, 0.5537267329070525, 5241.614546130597, 564.9809699349579, 2.1444117950578825, 0.06522553348463732, 0.10042970213596328, 628.764871643456, 0.5540821933779084, 5246.031604439722, 565.4043649582923, 1.956106236059318, 0.06491448569365174, 0.10051197650443036, 630.2160591492451, 0.5535428786214982, 5244.601309418678, 565.8025515689559, 1.7738196725632795, 0.064904475077421, 0.10045442790105141, 631.8854700878798, 0.5543160224671795, 5249.635996159588, 566.2802694726475, 1.5613178988682563, 0.06489490749298041, 0.10053781287664784, 633.7018042185173, 0.554261225105886, 5252.436857231816, 566.8598822995611, 1.3354998819406159, 0.06428189096571826, 0.10049845977161528, 635.9644785795107, 0.5554762019903565, 5252.40685768605, 567.292540918373, 1.1012743402836005, 0.06427066353525127, 0.10058651628798994, 652.8149163001004], "obs_std": [10972.004123356684, 558.2485006728937, 23.94075798083017, 3.216796434782675, 0.12047408208755658, 525.0229389370701, 0.8188629918051115, 10979.095255534532, 558.3284748629924, 23.312707172472024, 3.2167960514898235, 0.12086838107138603, 524.9071927666388, 0.8220141872761688, 10978.522843233197, 558.3186392064856, 22.489819968359086, 3.0090824975076123, 0.12013964184607098, 524.8767623242478, 0.8195556326230125, 10980.251679779361, 558.2132485840732, 21.318674558303087, 2.785924772824653, 0.11823193876383452, 524.9914016986542, 0.8202359826193574, 10987.601669587044, 558.19099366158, 19.814272719651193, 2.5432606696886673, 0.12016459241331533, 524.5349359909982, 0.8125875294337986, 10980.515941705075, 558.089725325348, 18.123805618785912, 2.5432600318290453, 0.11941167139112356, 524.2588052281658, 0.8119473758194686, 10992.647807446792, 557.9974762586459, 16.13066471163879, 2.5432596019238827, 0.11772364774838089, 524.082698941867, 0.8072679729077635, 10993.385544793757, 558.0724846659049, 13.670661070747924, 1.9702207988073759, 0.11723684558126177, 524.1466320083462, 0.8089009602085528, 10987.93773338478, 557.9247566181773, 10.375128080269445, 1.970219689613393, 0.11727863436190614, 530.4614819328002]}