{"obs_size": 14289583, "obs_mean": [5243.857443660621, 567.8341131438195, 2.760868669155706, 0.06538975840695195, 0.09888744226035108, 621.879291181326, 0.5314442994592634, 5244.103614684428, 568.2524557924468, 2.607756993328637, 0.06538185843660298, 0.09887603463494975, 623.3951548974767, 0.5318005133529863, 5251.429599359518, 568.6016521965687, 2.429735843236293, 0.06537342431490735, 0.09886696172596526, 624.9372584543581, 0.5321570731630255, 5247.486609550503, 569.0820980570252, 2.2424091031907647, 0.0653649193059788, 0.09886937961471665, 626.453529235989, 0.5322679239135294, 5254.050546352952, 569.5043249337647, 2.038411337825603, 0.06535571516342278, 0.09888993941754637, 628.5292955319994, 0.5324163430801356, 5258.083677271939, 569.9581740768783, 1.821260284502354, 0.06534630748679572, 0.09888672678544946, 630.8244059356655, 0.5332747071065796, 5254.13717236506, 570.4993341653146, 1.587176756662528, 0.06503614824149168, 0.09889173962326224, 633.4354669139518, 0.5343784675872033, 5268.311591670387, 571.0219709700415, 1.3334969256975517, 0.06472565186206593, 0.09893733068151847, 637.0609918053352, 0.5373231280437021, 5258.595290799882, 571.2633992888386, 1.0758773016679353, 0.06381373989346573, 0.09911441368597004, 643.1815455845497], "obs_std": [11207.082972215072, 554.8502122190347, 25.704401467472888, 3.006379915951106, 0.11618078617143034, 524.9195066841852, 0.7677499509594536, 11176.878323402805, 554.8203301677906, 24.70731080546193, 3.006379521775883, 0.11448228826278221, 524.8743592010609, 0.7671466793627624, 11219.558487914714, 554.7613423061766, 23.51185625908815, 3.0063791191359477, 0.1144329935968598, 524.814783196687, 0.7650783522299839, 11196.949589163152, 554.7814786986288, 22.181272546158695, 3.0063787780305353, 0.11356462626127697, 524.4048885159833, 0.7621915400174538, 11239.454745585275, 554.6789332621953, 20.58381237519662, 3.0063783540669884, 0.11291861233775805, 524.4847401211416, 0.758521499587732, 11274.364194514825, 554.6112471835627, 18.79038377222441, 3.0063779765990493, 0.11182532889053255, 524.4897265575315, 0.7580394150220098, 11178.936334023676, 554.5009026349917, 16.649666098249142, 2.7834196186586344, 0.11006386467561614, 524.6603620968589, 0.7598547511695811, 11295.694278506131, 554.516481828655, 14.013514105244672, 2.54097244459016, 0.10916195802038833, 525.2650910427577, 0.7666730958543748, 11157.438746629961, 554.3936858124612, 10.606099545345288, 1.6074480806781992, 0.10918277906757885, 525.8142658941399]}