{"obs_size": 14289583, "obs_mean": [5215.3007428420015, 570.1486675993274, 2.7772150523916617, 0.06721807980296511, 0.09862593742469535, 627.6878072701895, 0.5336852782198394, 5218.573594099693, 570.5562704663948, 2.6228325207250625, 0.06720994277664327, 0.09861176897002479, 629.1482391714319, 0.5339229911048124, 5222.449273045357, 570.9316020628454, 2.446139960837206, 0.06690118796980246, 0.09861683523703951, 630.6459588903792, 0.5340576165169116, 5220.930226619254, 571.3973413359928, 2.258481650584205, 0.06659220432213424, 0.09861827663508443, 632.216722429242, 0.5343282834775904, 5224.036680434362, 571.8486074086277, 2.0546871801647395, 0.06628246598407389, 0.09863568753468933, 634.3533869016361, 0.5345777204275657, 5226.265940724841, 572.3414607690092, 1.835615147062024, 0.06597235415323889, 0.09862284825554359, 636.7023095667244, 0.5355107718679074, 5228.42511727757, 572.8715710598412, 1.6014621980221537, 0.0653616175651952, 0.09866240585446001, 639.5064792688046, 0.5368922405923661, 5235.052696158973, 573.4202276581477, 1.3470798273119657, 0.06505093566286096, 0.09872732819845068, 643.3359208809662, 0.5400975854929104, 5236.639857691688, 573.6890514579746, 1.0898571357890567, 0.0641390735951571, 0.09889906591647953, 649.6556043475422], "obs_std": [10833.644813179948, 558.7622006741055, 25.73974563852265, 4.251404531995279, 0.11458570605536379, 527.5008673785636, 0.7726763874014863, 10839.466477662934, 558.7042286802558, 24.737956026516954, 4.251404150063701, 0.11299825823986594, 527.4158739787815, 0.7708655607316155, 10846.219887670202, 558.6411449791021, 23.55525225319025, 4.096773464233089, 0.11307975209592146, 527.3803539880317, 0.7663831135095805, 10837.593797450063, 558.655091156221, 22.23078800408585, 3.93607271496709, 0.11309726132719375, 527.0576279201025, 0.764469180637616, 10843.626392582468, 558.574679774102, 20.6405930491779, 3.768525353740966, 0.11144099006650522, 527.1913720816187, 0.7610581581809712, 10848.175598156393, 558.4751608075986, 18.831363184989137, 3.5931737961110035, 0.10982355656160817, 527.3062940488492, 0.7590237071086909, 10845.155228513719, 558.3542699756921, 16.70219309485912, 3.213896495878786, 0.10815299994639212, 527.9069306723895, 0.7638901708875603, 10856.01631163702, 558.3459036229303, 14.056968612625264, 3.006367660214206, 0.10774155479467884, 529.3058879059413, 0.7650089439731921, 10858.59006789566, 558.1713452142408, 10.649550451752495, 2.2727946435053172, 0.10752996209060663, 531.0576946801061]}