{"obs_size": 14240282, "obs_mean": [5338.008262531909, 565.4248425698311, 2.154840543185872, 0.06370971213864458, 0.10026752869592054, 630.8337184775351, 0.5470817447295048, 5339.298683139812, 565.7406692507915, 2.0649463262033723, 0.06370207445787393, 0.10038862621547928, 631.6751953139233, 0.5466892659850563, 5342.90643297551, 566.0347849852975, 1.9788367252839514, 0.06369424759854626, 0.10028134035695374, 632.6335817300624, 0.5476039048945959, 5341.652485007594, 566.3379737142847, 1.8801780049018693, 0.06368575716485961, 0.10037880756904989, 633.8110858587825, 0.5475590597152588, 5343.96228024511, 566.6173408644576, 1.7556523810413305, 0.06367688849694979, 0.10032684422141457, 634.9976425240669, 0.5477490398013268, 5344.882297087933, 566.9450444871807, 1.6087414561031868, 0.06366749727737975, 0.10032214719308344, 636.4960052846745, 0.5482395865475301, 5346.112051159655, 567.3131192907557, 1.423750737520507, 0.06365719403577261, 0.10037294229362871, 637.9474988617463, 0.5480767849260435, 5347.227722402872, 567.7616251560186, 1.2398573988913983, 0.06364659963111127, 0.10033321766851176, 639.6899851391536, 0.5487756122385953, 5350.492236009868, 568.2556842624324, 1.0312870208609632, 0.063032862655256, 0.1004075618337475, 652.9933121430212], "obs_std": [11113.57802107361, 555.3846427974808, 21.32310686078799, 1.971858409933753, 0.12184028064992854, 524.9167905275765, 0.7849290027390919, 11115.847573254603, 555.418363781866, 20.745076492387952, 1.9718573313930938, 0.12335594439236083, 524.7730501200963, 0.7840653449746307, 11123.628733001853, 555.3720802681885, 20.092295985557723, 1.971856325699461, 0.1203105026114845, 524.5765423274737, 0.7823932508504792, 11115.366990356339, 555.3517839990775, 19.336250888813645, 1.9718553184428331, 0.12143413544220906, 524.6043183851866, 0.7796354067283762, 11120.817879552886, 555.2360071196373, 18.336300430922805, 1.9718542647986852, 0.11975217836937088, 524.562972932095, 0.78117971166922, 11116.940613313589, 555.1581724262941, 16.91684393614053, 1.971853225768417, 0.11918423782007449, 524.4440652939846, 0.776635174642248, 11121.673681784772, 555.1167029159285, 15.06910945760006, 1.9718520950997036, 0.11895186962884809, 524.1507157277931, 0.7729600570439048, 11118.804474249127, 555.0324189732912, 12.810864611589743, 1.9718508934904682, 0.1171822754355892, 523.9387085324925, 0.7693043768662432, 11124.723631020706, 554.9983819030348, 9.816826338690257, 1.1390736359735332, 0.11566137597585154, 525.9481714173985]}