{"obs_size": 14240282, "obs_mean": [5354.348316496142, 562.9031330980664, 2.1876073802471043, 0.06714385306689263, 0.10148677866140547, 626.8680487541862, 0.5636428638843176, 5352.4460658759535, 563.1793508724054, 2.0882271853886043, 0.06713612777598896, 0.10171608681057082, 627.5448525806356, 0.5624278303618077, 5354.506792498992, 563.4810450382936, 2.0071665013375433, 0.06712837407005814, 0.10155937859369703, 628.3691646404292, 0.5637506465813169, 5353.608274200628, 563.7512566113509, 1.9072759233279228, 0.0671195609718344, 0.10171543844335422, 629.4974521517145, 0.5635327682415474, 5353.492769075926, 563.9966289291181, 1.7821325448470753, 0.06680921915065423, 0.10162212840405911, 630.6416649740447, 0.5633607959449308, 5353.996496603637, 564.2560469659237, 1.6416485291513188, 0.06619693489202791, 0.10161422715484224, 632.013955583038, 0.5641255871899413, 5353.361460136062, 564.5918913684435, 1.4494628687830762, 0.06588502505161893, 0.10171106430750444, 633.4456099910526, 0.5634377333960351, 5354.621402134022, 565.0110341915981, 1.2758580202274084, 0.06527148404372327, 0.1016067328121727, 635.1601726192888, 0.5648025946396529, 5356.98649220109, 565.4699166772118, 1.0620979275550864, 0.06405452635124177, 0.10173404304121245, 654.1905643198169], "obs_std": [11279.08601395224, 557.4975135523945, 21.314549338108986, 3.9428962503085088, 0.12468641894660691, 525.6265396429122, 0.8383777740850165, 11272.092977194476, 557.5048102488674, 20.736457996367747, 3.9428957510713993, 0.12777074174998101, 525.4031560317368, 0.8346251431992455, 11276.934506947828, 557.4465334030817, 20.087358069695146, 3.942895307984292, 0.12445491259723164, 525.1269561907482, 0.8348833300222024, 11273.465569618837, 557.380647117366, 19.330682784619306, 3.94289482344176, 0.1270670406974487, 525.153738700721, 0.8328003380952835, 11267.972702553196, 557.2285697136757, 18.336599304299995, 3.7750582247988205, 0.12390268781548083, 525.129699266227, 0.8312801529099029, 11263.883558252684, 557.06085728678, 16.929399878379655, 3.414726600516071, 0.12318114960846341, 524.9824428325057, 0.8266015563778903, 11263.569504663847, 556.9787263783719, 15.092315649734946, 3.219472292904232, 0.12393915032070786, 524.678439519909, 0.8243188627518458, 11256.923435711453, 556.8769805980115, 12.867497439349359, 2.788242019836513, 0.12097711301273886, 524.4951570726076, 0.8228860750457742, 11261.742438004061, 556.8120741187967, 9.890916759939655, 1.610242932929657, 0.12061807546845384, 530.9215173673475]}