{"obs_size": 14276570, "obs_mean": [5207.360705529347, 563.7031604229866, 2.654471066929942, 0.0676345218371142, 0.09967946294950458, 630.573782820526, 0.5581696482418602, 5209.673321908101, 564.0510710906051, 2.533612345262202, 0.06732582494486344, 0.09970628957291577, 631.9096893184617, 0.5584684369565128, 5210.771945359162, 564.4639197650416, 2.3942615067904964, 0.06701609668380373, 0.09971816728149747, 633.2830932433088, 0.5590166919645538, 5214.525995076172, 564.8777026274519, 2.21286198295529, 0.06670639051026202, 0.09974508639806345, 634.9345350866461, 0.558661683933909, 5212.129027924644, 565.3136137741768, 2.036589601003602, 0.0663963747335035, 0.09973186863707495, 636.6140928071675, 0.5592934066095913, 5219.8814968934785, 565.8998471621684, 1.8353863708159592, 0.06608622283266176, 0.09972489040105624, 638.643809505689, 0.5595976919526443, 5220.0274819649785, 566.4823613795189, 1.622049974188478, 0.0651742877644351, 0.09970061136939778, 641.0829606201803, 0.5611455247304006, 5224.607568964686, 566.9545932951681, 1.401646824132127, 0.06426150086001736, 0.0997440942769874, 644.3362114655927, 0.5644056723709112, 5226.040013802565, 567.4022653900762, 1.1478561727361682, 0.06424948853338716, 0.0998815837264836, 661.3185737698859], "obs_std": [10923.561881986563, 559.5197615272194, 24.549879896889053, 4.402614146787936, 0.12158999575145198, 531.2120475947092, 0.8141023718804097, 10927.614365659969, 559.4682706985924, 23.80046244180756, 4.25334554865698, 0.12092279594826755, 531.0873878273844, 0.8130288062971168, 10929.975569881331, 559.5214433114389, 22.745064423904946, 4.098644261670697, 0.12099640058690951, 530.9013291905194, 0.8154830677512089, 10928.43528747897, 559.5973094653885, 21.478125295155706, 3.9378702523136218, 0.12140582866787601, 530.875264038055, 0.8058971757546101, 10929.106924237336, 559.5631851609884, 19.98819234610098, 3.7702466665353387, 0.11966125440033087, 530.6553467090129, 0.8056906557477713, 10942.454244091989, 559.652356381875, 18.246163613237343, 3.5948154276584905, 0.11785362480029764, 530.7522697251139, 0.8069783488810593, 10931.286369168893, 559.6951943789786, 16.195563070531975, 3.0077430941805625, 0.11559141905288667, 530.9356519289609, 0.8053377187740536, 10940.379912683233, 559.5898130086466, 13.768670916552464, 2.273836971865303, 0.11461804224833382, 531.8816685743277, 0.8111522322299507, 10934.63851126112, 559.4917793429586, 10.434934262864848, 2.273835459559589, 0.11422033129266349, 540.0360728419224]}