{"obs_size": 14276570, "obs_mean": [5327.0015554361025, 564.6135715371408, 2.6670776664142717, 0.06528460510179283, 0.0991665624181443, 636.3388996840787, 0.5562047860235844, 5310.430015269918, 565.1651886972851, 2.5470628449270376, 0.06527757950047537, 0.0992170811294315, 637.5501553415571, 0.5562322319016956, 5293.683797707687, 565.6534147207628, 2.4059374205428896, 0.06526915552959166, 0.09917236966211125, 638.48829697231, 0.5566209316383999, 5321.034522206569, 566.1457478932265, 2.224679597410302, 0.0652607619377135, 0.0992783020942009, 639.9523836987445, 0.5559355308033287, 5290.316456254839, 566.4353140145006, 2.0459082258553702, 0.06495146224331919, 0.09920227801544804, 641.2199484318256, 0.5565383712615033, 5339.634772062234, 567.0347418182378, 1.8407391971601021, 0.06494258510581347, 0.09923111961444607, 643.2718326893158, 0.5569704248990405, 5315.893833607985, 567.678972960592, 1.624421061921736, 0.06463226805465919, 0.09914872126154986, 645.7591960308807, 0.5581652864799315, 5321.895749190185, 568.1367708069935, 1.402290956441218, 0.06371998077627192, 0.09916462843042934, 649.0683658356817, 0.5612900989524052, 5340.124770020573, 568.5768575365091, 1.1479996245596806, 0.0637084186371868, 0.09930001620760474, 664.7818818699873], "obs_std": [11450.392442220937, 562.6096311315703, 24.711883669744168, 3.410368041614493, 0.12518547988026366, 535.7896833834626, 0.815332853587669, 11335.475818053412, 562.9866688594661, 23.967011524906006, 3.41036789611881, 0.124392864192364, 535.6869735518784, 0.8126884908963268, 11277.452547782977, 563.2480743755254, 22.920862886398776, 3.4103675252764147, 0.12428089493426939, 534.5540820167001, 0.8153021965000087, 11336.744558249684, 563.5396673774271, 21.649696569084583, 3.4103673214756722, 0.12600587350389605, 534.1519705747146, 0.8023492832118797, 11273.58874289002, 563.1984209163563, 20.166777969023098, 3.215360631918505, 0.12332018478760821, 533.1134804664555, 0.8035931459847253, 11474.447132150215, 563.3787270622071, 18.38096913642299, 3.2153603901681427, 0.12176981470175902, 533.1521373290554, 0.8062597546510782, 11362.581807472308, 563.4944272607818, 16.31117841098378, 3.0077369831245218, 0.11897759675857977, 533.2847210193612, 0.7991780023044271, 11373.19757986024, 563.3291309263084, 13.901152657307092, 2.2738292276523486, 0.11715218517569406, 534.2400496157285, 0.808268956247697, 11446.730145750877, 563.167010242457, 10.519148128647426, 2.2738283134569945, 0.1163087492990892, 541.4234820097671]}