{"obs_size": 14264008, "obs_mean": [5263.497400496047, 573.8830389747399, 2.455178446338505, 0.0636542174955408, 0.09820280821302149, 628.8265272397018, 0.5242975212156294, 5267.0787100200005, 574.1589642266044, 2.3557526047377433, 0.06364689231008105, 0.09824373286498503, 629.8910805831507, 0.524666105066676, 5267.360421356751, 574.4861868417347, 2.231797612564435, 0.06363856085338256, 0.0982176307571485, 630.9741391421901, 0.5246193301349735, 5268.534397489105, 574.8466637147146, 2.0763227278055365, 0.06363012293796638, 0.09819282732609219, 632.4093114182584, 0.5247639520392776, 5272.308318990114, 575.2610776017513, 1.895704769655205, 0.06362088355903442, 0.09820344644352452, 633.9904651995867, 0.5247423283133257, 5270.625332034808, 575.6841347817527, 1.7035193754798792, 0.06361139013180131, 0.0981876346512156, 635.7976027115204, 0.5251058833533976, 5277.0116304530675, 576.1663699291252, 1.4951645428129317, 0.06360192215281524, 0.09821106935568223, 637.5936883034105, 0.525072701515587, 5278.931226354992, 576.7225617091632, 1.2671601137632564, 0.06329114575097912, 0.09818033615656943, 639.8263997500546, 0.5255262035046459, 5282.285523056774, 577.2505159840067, 1.0275560697946888, 0.06328083031446217, 0.0981862036215922, 649.4928484107658], "obs_std": [10859.729744735789, 557.6632464684446, 23.90549422728655, 1.608882603844059, 0.11242220215182477, 525.2521279384958, 0.7546337472915484, 10866.490303064134, 557.7014284564002, 23.27214677363918, 1.6088816678503108, 0.11197164235718196, 525.151668899851, 0.7553948770436816, 10864.051326059971, 557.6728851489021, 22.42487431110519, 1.608880634498003, 0.11127683920275683, 524.9275008815612, 0.7565027936439329, 10866.912658617997, 557.4928413000803, 21.255060467114266, 1.6088797189181892, 0.10995241578950557, 525.056767847995, 0.7509498795545966, 10872.284630301032, 557.4047290693209, 19.760219552216498, 1.6088786499625052, 0.11017413274976867, 524.6350816515265, 0.7477964242157137, 10865.388272695547, 557.2598868964352, 18.06530539775366, 1.608877668038267, 0.1089727482755409, 524.4284530441541, 0.7479945385058071, 10874.305209939848, 557.1260252484499, 16.07652837650936, 1.6088766496982545, 0.10838242883067929, 524.2060384254489, 0.7418244549713994, 10874.759740942303, 557.139967641715, 13.622441298880423, 1.1381055269369194, 0.10776997774794045, 524.1096007765486, 0.7414302154994898, 10877.432593964799, 557.026775621265, 10.335751190781734, 1.1381040599921994, 0.10669854198052585, 523.6863659245261]}