{"obs_size": 14251917, "obs_mean": [5277.380783953786, 571.9112818296654, 2.3049118936070143, 0.06393031638292006, 0.09868758401953916, 631.323580777429, 0.5331867025327663, 5276.887948361362, 572.2205763617624, 2.220326500638475, 0.06392321212796256, 0.09862710106261526, 632.2552418462728, 0.5333860823775921, 5281.901292525225, 572.5675491233917, 2.114268487530484, 0.06391573204012596, 0.09866907820190099, 633.3427515980775, 0.5336674836094409, 5280.157453460858, 572.9178066361178, 1.9864209846296463, 0.06390771109529439, 0.09866353425395376, 634.5055431651275, 0.5337990637330162, 5284.573651417779, 573.3180383382812, 1.8328974972279166, 0.0635982375756268, 0.09864597133508408, 635.7648038831561, 0.5340390045072954, 5284.547576374347, 573.740818235189, 1.645195099017206, 0.06358934894127674, 0.09868653735978067, 637.2553335440685, 0.5337909117068698, 5285.59064282087, 574.1889775249184, 1.456846401785809, 0.06327914594269056, 0.09863740783390712, 638.9101820557831, 0.5342312523992869, 5290.971407936469, 574.7748088906216, 1.2437646809197669, 0.06296865818690385, 0.0987025197656577, 640.876168230934, 0.5344001844804814, 5289.925485816711, 575.2608681344411, 1.0169781370464057, 0.06295881506944799, 0.09868119442851005, 656.134718327975], "obs_std": [10971.031018608433, 559.5257418592226, 22.85985791673263, 2.275795916362248, 0.11640147815069014, 525.8369293443494, 0.7685110883505953, 10964.158089581279, 559.5928988152272, 22.27739319559326, 2.2757950774397373, 0.1152285163865331, 525.8827387939915, 0.7647015446374065, 10975.511597753484, 559.5096158124518, 21.545488936796065, 2.2757943214229166, 0.11458890073032041, 525.5517310235005, 0.7646251859456742, 10962.657026486173, 559.6220985249972, 20.609944030546405, 2.2757937104749253, 0.11316402447081289, 525.4085235661967, 0.764915914134768, 10976.358248367469, 559.4887086924839, 19.248290497881452, 1.9710245711718255, 0.11260978969431543, 525.3309459242844, 0.7672902557101299, 10974.218776911339, 559.4419512276521, 17.578718638922048, 1.971023785437821, 0.11374221388631106, 525.123374553112, 0.7644288474435635, 10973.741106465213, 559.3903333499557, 15.641870050463867, 1.6095455170309938, 0.11092013234452491, 524.8631325286605, 0.760038724621928, 10986.32540220326, 559.3826943371107, 13.215813910672523, 1.138569212295122, 0.10984649102763656, 524.7601966907451, 0.7577507808997149, 10973.203592334463, 559.2977263984433, 9.971336197133992, 1.1385678825040664, 0.10879283812231853, 529.6681551493805]}