{"obs_size": 14251917, "obs_mean": [5257.030575164845, 566.3928568346279, 2.308803089437021, 0.06359541934815634, 0.09864764297238071, 627.7118107107048, 0.5350569747915598, 5257.932803282943, 566.6610481944289, 2.222993229612549, 0.06358853942996699, 0.09859745119902154, 628.6404586134835, 0.535186134188153, 5262.559129884139, 566.9679734312234, 2.1181878199262596, 0.06358112998925804, 0.09861369247919459, 629.7670548462141, 0.5355656491684946, 5260.7093603476815, 567.3195866212244, 1.9914352574464191, 0.06357305617448626, 0.0986205516870475, 631.0202729474188, 0.5358802448120087, 5264.779732364922, 567.7144083143343, 1.8385463513434717, 0.0632635837674409, 0.09862424955484943, 632.3477627517744, 0.5361758558515668, 5264.115665823828, 568.072488844834, 1.6520061125812058, 0.06325461064172035, 0.09865284870337059, 633.8939900579485, 0.5360162668643443, 5267.577381185214, 568.5504225150906, 1.4654790650268312, 0.06324537331834823, 0.09862574709507445, 635.5818387408447, 0.5365238588605611, 5271.501725950061, 569.0759698502313, 1.2545012014874912, 0.06293515921115209, 0.09866485312467198, 637.5604964103647, 0.5367266577542076, 5272.002430411886, 569.5452808208187, 1.02973122843755, 0.06292534840752462, 0.09865345500377186, 652.5832696049233], "obs_std": [10973.569224758294, 554.6057505920725, 22.765948289404857, 1.971037128414764, 0.11580255038518172, 524.437305727177, 0.7654325821198614, 10972.340427403476, 554.6449065874264, 22.178283014055435, 1.9710363999063827, 0.11433790176925625, 524.4394597360168, 0.7629318421795422, 10977.950694044486, 554.5173281917573, 21.450855111230887, 1.9710355696623791, 0.11359937712532386, 524.1194167332363, 0.7635127518004682, 10970.649201123111, 554.6476682924524, 20.519609382680997, 1.9710348875890356, 0.11262436271927714, 524.041466828967, 0.7637391054944411, 10982.75536340376, 554.5781433390014, 19.164341677178907, 1.6095586964529613, 0.11222722273997367, 523.9784066197839, 0.765646471044823, 10978.220265498081, 554.477638629783, 17.513365522923383, 1.6095577577989397, 0.11272384756435852, 523.7931900958941, 0.763228553495397, 10985.086693123589, 554.4661525545674, 15.584515427651155, 1.6095569965885648, 0.1105219817289222, 523.4867610212831, 0.7589932570294852, 10989.971479726973, 554.4151513179443, 13.187444805460128, 1.1385858073376156, 0.10899556838066983, 523.3413156754539, 0.7556082852127136, 10989.578655068979, 554.3010498149315, 9.981868951283566, 1.1385844922397566, 0.10793273597926395, 527.4272900710653]}