{"obs_size": 14240282, "obs_mean": [5372.564711432461, 565.864098477825, 2.185156515861132, 0.06402722932720943, 0.09917660024457356, 637.6388180743005, 0.5567856929378684, 5378.986342045498, 566.1720991199471, 2.0992808990720837, 0.064020597085376, 0.09924723489612207, 638.6149564281117, 0.5567216872531462, 5382.555687812578, 566.5181481658861, 2.0112298337912127, 0.06401427327570705, 0.09924065419884275, 639.6642557433057, 0.5572849205514827, 5382.8596135027055, 566.814149677654, 1.9148891152576895, 0.06400711283520448, 0.09922664593917523, 640.7830583350284, 0.55763264084241, 5375.017191795649, 567.151014706029, 1.7916152924499669, 0.06399972150419012, 0.0992680565011995, 641.9116020945312, 0.5576436817052206, 5388.0221900088245, 567.5513470168637, 1.644257466249615, 0.06399134330170782, 0.09922742127234621, 643.2620082405147, 0.5577804768192586, 5393.798516411917, 567.9931557535168, 1.4598783928576695, 0.0636807659799947, 0.09928925155906325, 644.4501913345498, 0.5573239465342535, 5401.18748819753, 568.4907126136968, 1.2772622059029448, 0.06336990918418121, 0.09925138657942244, 646.0710444807187, 0.5575712608781652, 5396.332339717639, 569.0399689416263, 1.0701414480415485, 0.06275837658110452, 0.09926064779693293, 665.9087429864551], "obs_std": [11712.076725194302, 562.2033991364323, 21.38204044354833, 2.545353253253093, 0.1204776911922368, 531.6195870683276, 0.8125452441750627, 11756.306526907154, 562.246288770864, 20.817546583319135, 2.5453525817952705, 0.1210144779952375, 531.503067628345, 0.8102778499651812, 11788.427880091383, 562.2415153016948, 20.17073680303883, 2.5453523032546905, 0.11952082287439511, 531.4792736448118, 0.8065987676516542, 11767.359745207776, 562.2152924734042, 19.415113696463376, 2.545351841974317, 0.11907829292701358, 531.3196550494506, 0.8083003613048857, 11723.928378346178, 562.1664335461718, 18.421281170458883, 2.5453515384517793, 0.11895299970132041, 531.1781281072896, 0.8076278842076542, 11811.469533471552, 562.128779179557, 16.994292973542127, 2.5453510015444505, 0.11790760944925123, 530.9915301485979, 0.8028270674905039, 11836.284372168497, 562.179052365223, 15.126404929188562, 2.2767203788440074, 0.11790835544760256, 530.5814934818334, 0.8010411352467807, 11862.58370703502, 562.1647128492507, 12.880638895507097, 1.9718263667042377, 0.11683463044517631, 530.253586522767, 0.7918671331894875, 11764.713885125775, 562.2125332856343, 9.88299332439923, 1.139032597927906, 0.11427450538975237, 540.8742939787619]}