{"obs_size": 14240282, "obs_mean": [5285.041083134387, 560.6924516663363, 2.1803663017347548, 0.06505739775975834, 0.09874864264787724, 631.9285697346922, 0.5642201137589978, 5276.473274390035, 560.9919047951437, 2.0935991997911283, 0.06474941939156303, 0.09878329612292941, 632.8144912071732, 0.5637760901083442, 5285.672985491141, 561.3240969525746, 2.0077281475184265, 0.06474310753853932, 0.09879172422154335, 633.8845015700372, 0.5645897522956551, 5284.445850345638, 561.6989315239684, 1.9113951535510323, 0.0644341417982542, 0.0987786839785906, 635.1160335846761, 0.5647707973058563, 5287.907970329103, 562.0403781329611, 1.7902128623576414, 0.06442591696260842, 0.09880294093375454, 636.3642344133749, 0.5649805792469718, 5290.859689847189, 562.4208054306788, 1.6435861312297046, 0.0644173962950401, 0.09877492096820942, 637.7759800813791, 0.5651065721872858, 5288.819236337965, 562.8483874827762, 1.4611852489999846, 0.06440818986162822, 0.09879737252717301, 639.1794864126454, 0.564880986977661, 5295.379777377769, 563.331806561134, 1.2807982313833393, 0.06379513275398119, 0.09880848373332704, 640.8056341873917, 0.5652230051343269, 5293.781240914444, 563.888232129111, 1.0742663663542618, 0.0631829502259943, 0.09878139789303365, 660.8504572179064], "obs_std": [11094.992755283722, 556.7863450976668, 21.27990479842257, 3.219455236293145, 0.11757678772432345, 527.4723397412628, 0.8216040296143746, 11075.518042814552, 556.7998581355787, 20.710263306392644, 3.0115671307932197, 0.1178348975216467, 527.3407217204125, 0.8200737268418292, 11095.232864824682, 556.7845831279145, 20.060482474503914, 3.0115668612356084, 0.11689096154616761, 527.2681074074688, 0.817396707221199, 11089.293444428295, 556.8470624305127, 19.309584592508244, 2.7882215986403693, 0.11605251253871636, 527.307046588372, 0.8154118306774963, 11096.255208432562, 556.7829825258519, 18.320122764905676, 2.7882209721330353, 0.11614814998752988, 527.2955111839507, 0.8167958390085449, 11100.257160084171, 556.7749228951296, 16.914030117839634, 2.7882203862173975, 0.11464489535835155, 527.1648068237669, 0.8095732500988794, 11099.61924649481, 556.8068623615377, 15.069953603883228, 2.788219915246528, 0.11467517947574658, 526.8799611515584, 0.8083059990717879, 11100.38280091946, 556.7558779729816, 12.820996546166064, 2.2767212849812895, 0.11354642543135493, 526.6712250390575, 0.8020670705714522, 11099.361843153172, 556.7910759541695, 9.847643420569733, 1.610203400659835, 0.11015684569947143, 535.2417953129647]}