{"obs_size": 14276570, "obs_mean": [5248.040741731683, 568.4851841163528, 2.588701978136205, 0.06500200624933616, 0.09873256392368782, 623.4446931719177, 0.531356175327833, 5245.500960554913, 568.8476545136542, 2.468173237689445, 0.06499483900958597, 0.09873808478072896, 624.7350560059784, 0.5316282727573967, 5251.153981004599, 569.2587834472847, 2.3181760745052906, 0.06498704398767247, 0.09873725761180777, 626.136370440378, 0.5318247796914866, 5250.211945402656, 569.6287389057736, 2.14022618878344, 0.06497881043542565, 0.0987385959193984, 627.8494200095664, 0.532030772517497, 5254.998452032056, 570.0415042268555, 1.9530457946131319, 0.0649701690443913, 0.09874054104683445, 629.559710190101, 0.5323376596059188, 5257.50130842542, 570.5936568797687, 1.7496249449272478, 0.06496119534258478, 0.09871814044514958, 631.5850933435657, 0.532784722590941, 5255.0339308553275, 571.153621353028, 1.531433040289089, 0.06435061235136236, 0.09870487104388573, 633.7796295891739, 0.5335152521228899, 5265.818140601699, 571.6231774859086, 1.301029238815766, 0.06404028034486461, 0.09874226577007021, 636.4163972616229, 0.5346750996913247, 5261.309372977211, 572.0473243923435, 1.0468792574126697, 0.0640297131878375, 0.09878169741548609, 646.1379826270098], "obs_std": [11091.006303818584, 554.8419564369127, 24.63372113362616, 2.7846880370889964, 0.11732886300948606, 524.7096265442801, 0.7633771273554513, 11030.300169257956, 554.7862723018259, 23.875939737880323, 2.784687694548369, 0.11621068948080493, 524.6055993049631, 0.7654386590680389, 11087.889415885304, 554.851388634336, 22.81471838676445, 2.784687377745192, 0.11592545842639679, 524.4264838775873, 0.7653823744291188, 11049.743444441017, 554.8482752527892, 21.528492760995597, 2.7846870199771723, 0.11547874163575497, 524.3487179924759, 0.7590184926410409, 11128.790399950272, 554.7930605141347, 20.021711537937296, 2.784686672586405, 0.11438166885673488, 524.1810063830026, 0.7605703259432672, 11110.811178358043, 554.8092808180229, 18.24387358051986, 2.7846862559714562, 0.11229218473576562, 524.1500030276235, 0.7593069430558114, 11046.148535728846, 554.822031161227, 16.17646246306915, 2.2738419529939424, 0.10973742138879757, 523.9450161763501, 0.7566216067176557, 11162.116561656554, 554.6927689979793, 13.72561459858352, 1.96933915748881, 0.10975899729783345, 524.1929136421953, 0.760137445745954, 11059.86841498455, 554.5092822727705, 10.344261155106645, 1.969338338852167, 0.1080687658185363, 525.5318991611106]}