{"obs_size": 14251917, "obs_mean": [5287.676704469792, 560.4661626221931, 2.3536628791761838, 0.06653107888967624, 0.1027037406054915, 623.1834983624074, 0.5664125750942983, 5285.434435771498, 560.7816569518333, 2.276246346368702, 0.06652297234022038, 0.10249958890119863, 624.081400006839, 0.567427597985594, 5292.627867953693, 561.0461453010147, 2.173309667745048, 0.06651381704918126, 0.10266819743428275, 625.1215955932565, 0.5675314910267989, 5289.041492238707, 561.4275238902949, 2.0431831030169483, 0.06590130765728675, 0.10260079846044676, 626.2791853217573, 0.5671383304435567, 5294.448039559388, 561.7817475361386, 1.9039020505101172, 0.06589150121307297, 0.10254050505710934, 627.5854886373994, 0.5682771611706802, 5292.254805597198, 562.1335324925061, 1.7063242088766024, 0.0655795427721838, 0.10271489453874864, 629.0527755943293, 0.5672558090957265, 5293.16274280467, 562.6003366424322, 1.5352158590314553, 0.0649653219383127, 0.10253492997313926, 630.6113753663138, 0.5686514400834746, 5299.750643552747, 563.1012625178774, 1.3169817084957764, 0.06435141751864858, 0.10271088099383482, 632.4109347825014, 0.5681354555320535, 5297.24226071893, 563.5619460175076, 1.0970973939856652, 0.06403818405328375, 0.10266988863855962, 653.5344806318092], "obs_std": [11155.764468475601, 555.4084560358649, 22.66345927283759, 3.4133431216686234, 0.13563341621513633, 525.7404606109958, 0.8740292300893895, 11150.413220371329, 555.5084455665732, 22.089205269545296, 3.4133426762817582, 0.13276695748685216, 525.7444573556226, 0.8705769248631712, 11165.812835957382, 555.3580075462652, 21.37182788959292, 3.4133420013529876, 0.1344217866571998, 525.3920514697039, 0.8723963381285541, 11152.03196427319, 555.528725828021, 20.45402475479705, 3.0103671715024, 0.1312246140064352, 525.3097149726636, 0.8652481005052141, 11165.252183688466, 555.4588622568872, 19.121278284951423, 3.010366536347039, 0.1301520788537237, 525.2602706880574, 0.8663044814195584, 11156.99943185063, 555.3520682281447, 17.487761236859434, 2.787114634129487, 0.1314990962630093, 525.0893230566965, 0.8623442597939996, 11155.488807195134, 555.326798919854, 15.600627274869732, 2.2758322774805952, 0.1269179625011571, 524.7877593083625, 0.8541866907800724, 11171.921642671217, 555.2851096853335, 13.22972638244328, 1.609602173276371, 0.12869382123163228, 524.6840010537834, 0.8554487784690892, 11156.388899355066, 555.2019809182814, 10.06944378531498, 1.1386477684779266, 0.12847958564274053, 534.16369412293]}