{"obs_size": 14240282, "obs_mean": [5253.056349202805, 566.5782039288266, 2.1962197799172793, 0.06518591998698597, 0.09943918412872686, 639.3310345776883, 0.5597933010034777, 5258.2660422539975, 566.9089258204297, 2.1076758873174004, 0.06457663221031198, 0.09945895006040027, 640.3067999678644, 0.5596510314894281, 5259.437377432263, 567.2634932370021, 2.0209760593224204, 0.0645706306911707, 0.0994630712263286, 641.4032575945794, 0.5603177637212821, 5258.1192400359105, 567.6039428151774, 1.9233411950690302, 0.06456328243093255, 0.0994635239808458, 642.6909914408468, 0.5605244171428868, 5262.148508156372, 567.974650642452, 1.800780419938313, 0.06425435788596957, 0.09948048718382163, 643.9571528185483, 0.5608298509819041, 5260.454324838313, 568.3627068621253, 1.652153658193005, 0.06424631753950726, 0.09946735895981651, 645.388544245675, 0.5611626875788297, 5265.196125849192, 568.7691528159345, 1.4688405749268167, 0.06423756840307869, 0.09950007844247759, 646.7408765084792, 0.5608811871843882, 5266.674318022214, 569.2780137359639, 1.2866354753367946, 0.06422818752241917, 0.0995069410787647, 648.4265416482143, 0.5613764732327953, 5271.19599662729, 569.8377581286662, 1.079504535092774, 0.06361644638196938, 0.09950159783731868, 669.7425108515802], "obs_std": [11064.34147524471, 561.3532971014137, 21.385204382272654, 3.0115704568089043, 0.11769721054309963, 534.6522248717314, 0.8060443785098691, 11088.017603951266, 561.4112974866711, 20.809852233507964, 2.5453583506638906, 0.1175063914174172, 534.6102769841884, 0.806039699511559, 11075.381431276337, 561.4877193727011, 20.15055797152598, 2.5453582095897915, 0.11652634265934433, 534.5681414053712, 0.8020965134152508, 11049.638432758029, 561.5213842978491, 19.393670613886595, 2.545357763364337, 0.11606827091325411, 534.5976105269559, 0.8014873861396772, 11076.538855261615, 561.5236112310945, 18.39414065247266, 2.276728256280975, 0.11590398633168635, 534.6568069232032, 0.8017987005664248, 11053.450308799178, 561.5216185513025, 16.968039817743605, 2.2767277039959257, 0.11477836044327318, 534.5133507267881, 0.7982754939760031, 11085.067531428493, 561.5653321276827, 15.119562182803698, 2.276727405974144, 0.11473624678071548, 534.1246792331094, 0.7925285519816481, 11092.054332444597, 561.5700024008859, 12.871726309520728, 2.276726729182026, 0.11345734420281503, 533.9998169112623, 0.7896544932770189, 11117.630677741097, 561.6277556209162, 9.881484455588755, 1.6102113711813026, 0.11026382250615151, 544.3365314016098]}