{"obs_size": 14289583, "obs_mean": [5234.115366626328, 572.3672646010734, 2.776634979481207, 0.06525685425467678, 0.09844031417746696, 625.5896150714399, 0.5242627571427267, 5236.8381907682315, 572.771157212915, 2.6200033268990426, 0.0652482751045365, 0.09842254722051692, 627.0771582219024, 0.5244089373356711, 5241.565824771698, 573.1420387844768, 2.443878943143407, 0.06523950629945646, 0.0984254041444041, 628.5127787550789, 0.5246394578484171, 5239.953404591954, 573.6277768217589, 2.2543089605903823, 0.06523028498341106, 0.09840883507951192, 629.9750028111581, 0.5246658017242267, 5241.900427231542, 574.0869633494553, 2.049585631715075, 0.06522021756534868, 0.09844951013014187, 631.9544668550527, 0.5247494142411228, 5245.3196176927395, 574.580825416669, 1.828405489509386, 0.06520993988264796, 0.09841886173130447, 634.065276465524, 0.5251507338597547, 5247.150265730256, 575.1436846687548, 1.5894918697067648, 0.06489937065757058, 0.09839718407989859, 636.5110480882013, 0.5257782169010771, 5255.058364238949, 575.7208065483785, 1.3333179141756621, 0.06458822771218138, 0.09841823676352222, 639.5427470677982, 0.526749525790914, 5256.510960936337, 576.2173871693807, 1.0675773393807222, 0.06367582389738806, 0.0984632935987708, 644.5000327193144], "obs_std": [10811.984031853997, 557.252764868492, 25.83653597581384, 3.00637645749942, 0.11616624322152115, 525.8763736922862, 0.7643356896041905, 10818.518342853777, 557.1722219125163, 24.82086901275471, 3.006375918588228, 0.11449558958942925, 525.7198985361467, 0.760813871611898, 10826.669224800096, 557.1143452725055, 23.637032401148097, 3.0063753909241115, 0.11478932352715532, 525.6216639380929, 0.7582291020268824, 10819.448310928843, 557.1039585743944, 22.309032209625567, 3.006374887131214, 0.1132367846798488, 525.1023877916675, 0.7556030268154892, 10821.699258903538, 557.0140487239624, 20.718268648981283, 3.0063742703741565, 0.11341432244687862, 525.0688104040286, 0.7532827166203586, 10827.362231889307, 556.9271394985464, 18.896295781573528, 3.0063736922855147, 0.11151000044888776, 524.9071270595147, 0.7502404501899574, 10823.041094843325, 556.8075944779389, 16.75468881550995, 2.783414860944198, 0.10980582105938143, 524.8506422975335, 0.751964370196729, 10836.676266222676, 556.7801208599107, 14.090895849759205, 2.5409670177046686, 0.10878702804174127, 524.8304764957185, 0.7468865290098395, 10837.868985800002, 556.686046167721, 10.634188822589577, 1.6074391345074088, 0.10777046907971721, 524.3390771545362]}