{"obs_size": 14289583, "obs_mean": [5198.8502339417755, 565.2522846188024, 2.728395923100065, 0.06767747953793414, 0.0982940705480343, 623.7078169286002, 0.5410554267398711, 5202.200951637229, 565.6907826491506, 2.5777868395459826, 0.0673686065463991, 0.09827317493974426, 625.1724021914872, 0.5413508011395343, 5206.247566711218, 566.0718487026528, 2.4046451180555795, 0.06675921042028381, 0.09827007513039437, 626.6196683843023, 0.5414062580412575, 5205.103957099373, 566.5593353563921, 2.220566268448841, 0.06614901552866223, 0.09826121667175308, 628.0934779981957, 0.541642920160781, 5206.460163772401, 567.0260935536047, 2.020525651448331, 0.06613926334212197, 0.09829871046509908, 630.1104332015839, 0.5416532697979981, 5209.865676050816, 567.5267384639567, 1.8059934289195143, 0.06582877686417499, 0.09827487858330101, 632.2552401669591, 0.5423729462924075, 5211.793726037107, 568.0952761182743, 1.5759281428996212, 0.06551839268298586, 0.09829440493700817, 634.711655329058, 0.5434920811894927, 5218.232515422187, 568.6536366386617, 1.3259862796556066, 0.06490728760399206, 0.09836059480406095, 637.962496190729, 0.5461204734945694, 5219.902513837864, 569.0045588454191, 1.0716444979535091, 0.06399517276054235, 0.09850633789341535, 643.5772812126619], "obs_std": [10848.309483631514, 555.3491391301766, 25.47712321145383, 4.400603896085691, 0.11458955993746218, 524.8662808093306, 0.7752363233296384, 10852.247233684102, 555.3051207445762, 24.479795136223483, 4.251403282661932, 0.11290814863909512, 524.7225060014866, 0.7738476049367777, 10862.11799073266, 555.2607295765772, 23.31028790144995, 3.9360720601380588, 0.11290760809814729, 524.6313150426192, 0.7686402863457775, 10852.771874787131, 555.2728551470706, 21.99562126236812, 3.5931733958401044, 0.11156218274285117, 524.130389584168, 0.7679040114197663, 10857.8830770241, 555.2035114110115, 20.421956140337898, 3.59317296858035, 0.11149438656130924, 524.1319388322561, 0.7639206977714554, 10860.897328262414, 555.1440870623939, 18.63075804101697, 3.408813007893368, 0.10982810637730989, 524.0345340049398, 0.7630210339712045, 10856.608750431438, 555.0197607810783, 16.51679461367692, 3.2138951132058096, 0.10843673193651737, 524.0188568298107, 0.7678483864213272, 10869.830401308292, 555.0175222714506, 13.881595831569898, 2.7834071684811863, 0.10796759757901812, 524.1330212226343, 0.7659712875691538, 10867.3173628076, 554.8770296596219, 10.503106275068385, 1.9684268865609413, 0.10753272896962694, 524.1264562421078]}