{"obs_size": 14289583, "obs_mean": [5201.424991240988, 565.3175234714687, 2.8557398071028386, 0.06699263160297245, 0.10060581101806772, 628.2053473797945, 0.5584654529107272, 5206.720306279559, 565.7386156055078, 2.7124826525728567, 0.06698411800568978, 0.10062021704097296, 629.5876615105342, 0.5590828581912048, 5208.700480690821, 566.0170566208965, 2.5267991375255665, 0.066975502048597, 0.10065958501742198, 630.9738913767692, 0.5588800551423062, 5210.041521094395, 566.5583025760794, 2.349627907266433, 0.06696682132915266, 0.1006613978689926, 632.3996421783572, 0.5593356598999746, 5205.91465951619, 566.9018740434902, 2.138963257360274, 0.06695730251135383, 0.10065380760145376, 634.625739293258, 0.5592584512088596, 5212.520812080846, 567.4524975291442, 1.9181248326140798, 0.06694726412066045, 0.10056926236258984, 637.0565057099328, 0.5607495171832856, 5215.42458356346, 567.9724961183261, 1.6883178466439503, 0.0666366137568262, 0.10061669179709391, 640.1259606453651, 0.5638470846210493, 5220.638428419881, 568.4247960209894, 1.4322704868294618, 0.06632506968174691, 0.1007445312587496, 645.3210209405913, 0.5743367032474284, 5222.548431031947, 567.795002555358, 1.1945485743005935, 0.06451026497785861, 0.10124734671795586, 655.5628970203471], "obs_std": [10972.360353898983, 568.0188065719058, 25.96272747690734, 3.9360808913616587, 0.12504771051953095, 530.781710452053, 0.8303511912373014, 10990.065400002091, 568.1194703885852, 24.989402595352306, 3.9360805114650335, 0.12399436085276518, 530.6486766445926, 0.8327359676541289, 10988.458120891599, 568.1038306589345, 23.78434469013651, 3.9360801428776804, 0.12492273060163821, 530.5415519242065, 0.8261805048835474, 10986.392538466347, 568.2704129219054, 22.458792017608694, 3.936079852812306, 0.12418735186869213, 530.0715793510502, 0.8235243305680882, 10971.511872834597, 568.1723553863774, 20.846785883818345, 3.936079537670598, 0.12214972725251234, 530.4482101619138, 0.8186480760975576, 10982.471197444023, 568.1417481664639, 18.977410951236973, 3.936079181765936, 0.11973757327890483, 530.7549922199408, 0.82106272093265, 10984.961049631762, 567.9795380785192, 16.837520029641325, 3.7685323170864082, 0.11774193106434806, 531.6944758915996, 0.8264066287918596, 10988.946108003856, 567.8839663927329, 14.202851897706335, 3.5931813465744074, 0.11781189108239684, 534.0159343403369, 0.8521137317493364, 10999.416130541684, 566.8755141910576, 10.807996710302774, 2.2728070392824984, 0.1199657013793812, 539.4455312238565]}