{"obs_size": 14240282, "obs_mean": [5280.817223237086, 561.2643267176871, 2.1928911941491043, 0.06457128191724883, 0.09960871672471082, 631.5083978211497, 0.5621690031840754, 5305.670443570491, 561.5337688537347, 2.1063873594638087, 0.06426344652396097, 0.09965032778178246, 632.4844109722915, 0.5619143901082896, 5295.030109127464, 561.9317276160684, 2.020148758290039, 0.06425708270117993, 0.09967208896663743, 633.5866352354136, 0.5628609307737136, 5284.345380587852, 562.2158389138642, 1.9246104817306287, 0.06424955530460166, 0.09966698312912663, 634.9105387455974, 0.5631529795547606, 5307.118350010633, 562.5332277829891, 1.8025924627054437, 0.06424166002464861, 0.09967188302584233, 636.1423296012359, 0.5631756329685113, 5286.119455990208, 562.8739135924413, 1.6554667246055943, 0.06423323684763559, 0.09965882005658393, 637.5239189131146, 0.563546930109966, 5322.431525990624, 563.3039974208377, 1.4713729685971106, 0.0642240686892382, 0.09968244591153515, 638.8611828368226, 0.563087802966268, 5293.194337070525, 563.7744125432347, 1.2900887777362835, 0.06421460509237967, 0.099697738350265, 640.4397883583085, 0.5636312101122868, 5308.711422600692, 564.2798042201692, 1.08502163089186, 0.06360239152364514, 0.09966400587291807, 661.2192978266364], "obs_std": [11370.072474929382, 556.6151017411503, 21.36316546372042, 2.545361522704172, 0.11773705063258552, 526.3710357107069, 0.8158396556498935, 11652.082876826636, 556.5897370874098, 20.794289134643762, 2.276732354654023, 0.11809308086667522, 526.2581634784483, 0.8131720389195104, 11476.859501074472, 556.6567280079105, 20.1463963053139, 2.2767320001871583, 0.1167925659937677, 526.1485238782831, 0.8125198678453477, 11435.001920995692, 556.6328913938191, 19.403318272933927, 2.276731442233894, 0.11611683709538471, 526.2489780630222, 0.8117281535971796, 11560.126390173475, 556.5461030782332, 18.40824422482873, 2.276730989020508, 0.11617484651250566, 526.2633742927354, 0.8094879087719304, 11387.324365548342, 556.5211473575056, 16.99835929792299, 2.2767303140262283, 0.11510454231497085, 526.1090769419482, 0.8056654981648483, 11690.396611071654, 556.5642776751597, 15.140753988116307, 2.276729797321566, 0.11481782640585543, 525.8444197334869, 0.799421573839254, 11386.437856087203, 556.4884250138723, 12.879265460242204, 2.2767290561189744, 0.11393179440524034, 525.5628240539452, 0.7969444993738951, 11588.477368370364, 556.4605945488695, 9.912581639132807, 1.6102145403596386, 0.11112778829172913, 534.2715254167329]}