{"obs_size": 14289583, "obs_mean": [5187.693487526237, 564.9685211947752, 2.788052877400271, 0.0651357532368936, 0.09986230851341119, 626.5356316480829, 0.5434235576363756, 5190.638020319915, 565.3623753051435, 2.6388156323386065, 0.06512733879344909, 0.0998649449941956, 628.0537932283972, 0.5439220724635796, 5195.893530914975, 565.7255249505881, 2.4609805618540443, 0.06511865280163237, 0.09989335181698455, 629.5491202867158, 0.544037085336957, 5194.087581344067, 566.1870754381006, 2.2775555451828087, 0.06510973276225825, 0.09985233444586863, 631.0415299885676, 0.5444838384017502, 5196.321732471684, 566.6474498940942, 2.074016855495363, 0.06509999089155442, 0.09993689258650869, 633.1294936098593, 0.5446208671030037, 5199.358127919938, 567.1088420844752, 1.857960865617982, 0.06508966449721532, 0.09989234144495315, 635.344145547055, 0.5455570867253694, 5201.123481854798, 567.6125565035732, 1.6263839189709035, 0.0647792425348677, 0.09990298062490634, 637.9742565482386, 0.5471144387488712, 5208.098470551501, 568.1262299256737, 1.3714249044216336, 0.06446840237578096, 0.0999616029705001, 641.4817185536713, 0.5500754061892759, 5209.072872964414, 568.3535259916262, 1.120728365551325, 0.06355624053746796, 0.10012792648868801, 647.3459019275818], "obs_std": [10828.445169801516, 555.7832818935067, 25.632260861964554, 3.0063716298675063, 0.11993592240377113, 525.8091392182963, 0.7829805213265835, 10835.340973710152, 555.7372097753016, 24.633311712488048, 3.0063710826537964, 0.11890311066419193, 525.6731449322094, 0.7829192052984723, 10844.06346252701, 555.6695707473128, 23.45903120276771, 3.0063705459181924, 0.11932133321302853, 525.5999215325504, 0.779123806513319, 10835.027109212353, 555.6843902917022, 22.142811454164192, 3.0063700722515354, 0.11755056858969169, 525.1239016508385, 0.7766246022089985, 10840.579425171467, 555.6230980515353, 20.56706000523044, 3.0063695264259036, 0.11783985072250112, 525.1440067035604, 0.7734576184635218, 10844.089638167494, 555.551813602096, 18.768252949171643, 3.0063689247469183, 0.1156338660923595, 525.0299426442208, 0.7724532299740553, 10841.03719329467, 555.4037614340347, 16.649511938125116, 2.7834097431153806, 0.11399618653369806, 525.1139738598156, 0.7753561673253732, 10855.25090552889, 555.3890292472319, 14.020077728661297, 2.540961477894478, 0.11343657671424778, 525.3011946537389, 0.7752265071850596, 10857.119667166045, 555.1847469386977, 10.625580041881502, 1.607430395506695, 0.11336208268544976, 525.2093435304586]}