{"obs_size": 14240282, "obs_mean": [5250.246383755393, 561.3525771469974, 2.196479816902502, 0.06460060945093125, 0.09964768324679238, 633.9512098296509, 0.5596933014388638, 5253.456534980146, 561.6414596283978, 2.1094313300818066, 0.06429256875883002, 0.09971196186353697, 634.9086337147454, 0.559471643820001, 5255.6367474343415, 561.9755078586226, 2.0212012655367357, 0.06428607967223747, 0.09967216471689316, 635.9677414328896, 0.5600472124779865, 5254.1956019432555, 562.3026661269771, 1.9239651995655704, 0.0642788044335167, 0.09967943137671048, 637.1552435607628, 0.5603591341098747, 5255.38025586479, 562.5966650800875, 1.8011596259119025, 0.06427131105304854, 0.09969485941921731, 638.3520475325731, 0.5604655786311274, 5257.4209589618995, 562.9691768042233, 1.6522470552198334, 0.06396154942220432, 0.09966890866220286, 639.6900464746344, 0.5606713468876916, 5262.188461397788, 563.3849208182817, 1.469357348400825, 0.06395231495086455, 0.09970389711734669, 640.9648982284149, 0.5602888890122042, 5263.140886423222, 563.8479061720827, 1.2865861083368995, 0.06364143102265298, 0.09970921652436308, 642.592932711116, 0.5604697243355442, 5261.932881321988, 564.3863856769128, 1.079734305823438, 0.06302990552519398, 0.09970597310067361, 663.3760825280909], "obs_std": [11172.176804412995, 558.9503291419674, 21.353063276478178, 2.7882261603726426, 0.12026274550631737, 528.2677952778662, 0.8156510882075932, 11181.489371123127, 558.9702993927972, 20.783833695782118, 2.545358465703666, 0.12066946014499838, 528.1832671576507, 0.8133259549999741, 11192.083412709619, 558.9530894524356, 20.130154898752156, 2.545358161400921, 0.11883733593410864, 528.0717450056384, 0.8107119423364184, 11170.915970362632, 558.9672621588055, 19.376027603081873, 2.545357708807685, 0.11915152206660878, 528.0068737186249, 0.8122271860999352, 11158.950737449319, 558.8653943752282, 18.38325452387945, 2.545357342014345, 0.11823248591865282, 527.95655601813, 0.8105193716391108, 11176.40430744909, 558.8235972428441, 16.950422683959612, 2.2767275809753946, 0.11738781180425843, 527.7428161723853, 0.8069571636282169, 11195.919349721755, 558.868997188085, 15.108949325939486, 2.2767268975453505, 0.11745416657154113, 527.389625884477, 0.801584121110952, 11190.489633207751, 558.8122047462416, 12.864446603647785, 1.97183394821647, 0.11653345592658475, 527.0980456747592, 0.7927572915406267, 11149.044167119522, 558.8642784584887, 9.88883925368465, 1.1390458509553447, 0.11342847178955773, 537.4941454825859]}